<article xmlns:xlink="http://www.w3.org/1999/xlink" xmlns:mml="http://www.w3.org/1998/Math/MathML" article-type="research-article"><?properties open_access?><front><journal-meta><journal-id journal-id-type="nlm-ta">Immunol Lett</journal-id><journal-id journal-id-type="iso-abbrev">Immunol. Lett</journal-id><journal-title-group><journal-title>Immunology Letters</journal-title></journal-title-group><issn pub-type="ppub">0165-2478</issn><issn pub-type="epub">1879-0542</issn><publisher><publisher-name>Elsevier/North-Holland Biomedical Press</publisher-name></publisher></journal-meta><article-meta><article-id pub-id-type="pmid">23439007</article-id><article-id pub-id-type="pmc">3641392</article-id><article-id pub-id-type="publisher-id">IMLET5319</article-id><article-id pub-id-type="doi">10.1016/j.imlet.2013.02.002</article-id><article-categories><subj-group subj-group-type="heading"><subject>Article</subject></subj-group></article-categories><title-group><article-title>PKC&#x003b1; and PKC&#x003b2; cooperate functionally in CD3-induced <italic>de novo</italic> IL-2 mRNA transcription</article-title></title-group><contrib-group><contrib contrib-type="author"><name><surname>Christina</surname><given-names>Lutz-Nicoladoni</given-names></name><xref rid="aff1" ref-type="aff">a</xref><xref rid="fn0005" ref-type="fn">1</xref></contrib><contrib contrib-type="author"><name><surname>Nikolaus</surname><given-names>Thuille</given-names></name><xref rid="aff0005" ref-type="aff">b</xref><xref rid="fn0005" ref-type="fn">1</xref></contrib><contrib contrib-type="author"><name><surname>Katarzyna</surname><given-names>Wachowicz</given-names></name><xref rid="aff0005" ref-type="aff">b</xref></contrib><contrib contrib-type="author"><name><surname>Thomas</surname><given-names>Gruber</given-names></name><xref rid="aff0005" ref-type="aff">b</xref></contrib><contrib contrib-type="author"><name><surname>Michael</surname><given-names>Leitges</given-names></name><xref rid="aff0010" ref-type="aff">c</xref></contrib><contrib contrib-type="author"><name><surname>Gottfried</surname><given-names>Baier</given-names></name><email>Gottfried.Baier@i-med.ac.at</email><xref rid="aff0005" ref-type="aff">b</xref><xref rid="cor0005" ref-type="corresp">&#x0204e;</xref></contrib></contrib-group><aff id="aff1"><label>a</label>Tyrolean Cancer Reserach Institute (TKFI), Austria</aff><aff id="aff0005"><label>b</label>Department of Pharmacology and Genetics, Medical University of Innsbruck, Austria</aff><aff id="aff0010"><label>c</label>The Biotechnology Centre of Oslo, Norway</aff><author-notes><corresp id="cor0005"><label>&#x0204e;</label>Corresponding author at: Medical University of Innsbruck, Peter Mayr Str. 1a, A-6020 Innsbruck, Austria. Tel.: +43 0512/9003 70514; fax: +43 0512/9003 73518. <email>Gottfried.Baier@i-med.ac.at</email></corresp><fn id="fn0005"><label>1</label><p>Both authors contributed equally.</p></fn></author-notes><pub-date pub-type="pmc-release"><day>1</day><month>3</month><year>2013</year></pub-date><!-- PMC Release delay is 0 months and 0 days and was based on <pub-date pub-type="ppub">.--><pub-date pub-type="ppub"><month>3</month><year>2013</year></pub-date><volume>151</volume><issue>1-2</issue><fpage>31</fpage><lpage>38</lpage><history><date date-type="received"><day>21</day><month>11</month><year>2012</year></date><date date-type="rev-recd"><day>29</day><month>1</month><year>2013</year></date><date date-type="accepted"><day>5</day><month>2</month><year>2013</year></date></history><permissions><copyright-statement>&#x000a9; 2013 Elsevier B.V.</copyright-statement><copyright-year>2013</copyright-year><copyright-holder>Elsevier B.V.</copyright-holder><license><license-p>This document may be redistributed and reused, subject to <ext-link ext-link-type="uri" xlink:href="http://www.elsevier.com/wps/find/authorsview.authors/supplementalterms1.0">certain conditions</ext-link>.</license-p></license></permissions><abstract abstract-type="graphical"><title>Highlights</title><p>&#x025ba; Conventional PKC&#x003b1; and PKC&#x003b2; isotypes have overlapping functions in T cell activation signalling. &#x025ba; PKC&#x003b1; and PKC&#x003b2; cooperate functionally to mediate IL-2 gene expression.</p></abstract><abstract><p>The physiological functions of PKC&#x003b1; and PKC&#x003b8; isotypes downstream of the antigen receptor have been defined in CD3<sup>+</sup> T cells. In contrast, no function of the second conventional PKC member, PKC&#x003b2;, has been described yet in T cell antigen receptor signalling. To investigate the hypothesis that both conventional PKC&#x003b1; and PKC&#x003b2; isotypes may have overlapping functions in T cell activation signalling, we generated mice that lacked the genes for both isotypes. We found that <italic>PKC&#x003b1;</italic><sup>&#x02212;/&#x02212;</sup>/<italic>&#x003b2;</italic><sup>&#x02212;/&#x02212;</sup> animals are viable, live normal life spans and display normal T cell development. However, these animals possess additive defects in T cell responses in comparison to animals that carry single mutations in these genes. Our studies demonstrate that the activities of PKC&#x003b1; and PKC&#x003b2; converge to regulate IL-2 cytokine responses in anti-CD3 stimulated primary mouse T cells. Here, we present genetic evidence that PKC&#x003b1; and PKC&#x003b2; cooperate in IL-2 transcriptional transactivation in primary mouse T cells independently of the actions of PKC&#x003b8;.</p></abstract><kwd-group><title>Abbreviations</title><kwd>AP1, activator protein 1</kwd><kwd>cpm, counts per minute</kwd><kwd>EMSA, electrophoretic mobility shift assay</kwd><kwd>FACS, fluorescence activated cell sorter</kwd><kwd>ERK, extracellular regulated kinase</kwd><kwd>IL-2, interleukin-2</kwd><kwd>IFN&#x003b3;, interferon gamma</kwd><kwd>I&#x003ba;B, inhibitor of NF&#x003ba;B</kwd><kwd>IKK, I&#x003ba;B kinase</kwd><kwd>LMWI, low molecular weight inhibitor</kwd><kwd>NFAT, nuclear factor of T cell activation</kwd><kwd>NF&#x003ba;B, nuclear factor of &#x003ba;B</kwd><kwd>NP-40, 2-nonen-1-yl succinic anhydride</kwd><kwd>PDBu, phorbol 12,13-dibutyrate</kwd><kwd>PKC, protein kinase C</kwd><kwd>PKD, protein kinase D</kwd><kwd>qRT-PCR, quantitative real time polymerase chain reaction</kwd><kwd>TCR, T cell receptor</kwd><kwd>WB, western blot analysis</kwd></kwd-group><kwd-group><title>Keywords</title><kwd>PKC&#x003b1;</kwd><kwd>PKC&#x003b2;</kwd><kwd>T cell activation</kwd><kwd>IL-2 transcription</kwd><kwd>cytokine response</kwd></kwd-group></article-meta></front><body><sec id="sec0005"><label>1</label><title>Introduction</title><p>Protein kinase C (PKC) comprises a closely related family of serine/threonine protein kinases that were originally discovered by Nishizuka and colleagues in 1977 <xref rid="bib0005" ref-type="bibr">[1]</xref>. The PKC family consists of nine isotypes that are expressed in a wide range of cell types and tissues <xref rid="bib0010" ref-type="bibr">[2]</xref>. According to both the structures of the variable regulatory domains and the cofactor dependencies, PKCs are classified into the following categories: conventional PKCs (cPKCs; &#x003b1;, &#x003b2;, &#x003b3;), novel PKCs (nPKCs; &#x0025b;, &#x003b4;, &#x003b8;, &#x003b7;) and atypical PKCs (aPKCs; &#x003b6;, &#x003b9;) <xref rid="bib0015" ref-type="bibr">[3]</xref>. cPKCs require Ca<sup>2+</sup> and diacylglycerol (DAG) for activation; however, nPKCs are Ca<sup>2+</sup> independent and aPKCs do not require Ca<sup>2+</sup> or DAG for their activation. In T cells, all isotypes except PKC&#x003b3; are expressed. The expression of multiple PKC isotypes in a given cell suggests functional redundancy. Therefore, the pharmaceutical industry is focused upon the generation of low molecular weight inhibitors (LMWIs) that specifically inhibit selected PKC isotypes or combinations of multiple PKCs in order to suppress T cell-dependent immune responses that are concomitant with organ transplantation or autoimmune diseases <xref rid="bib0020 bib0025" ref-type="bibr">[4,5]</xref>.</p><p>In gene knockout experiments, two isotypes of PKC, PKC&#x003b8; and PKC&#x003b1;, were shown to have physiological and non-redundant roles in antigen receptor-mediated signalling in primary CD3<sup>+</sup> T lymphocytes. Upon T cell engagement, PKC&#x003b8; is recruited to the immunological synapse <xref rid="bib0030 bib0035" ref-type="bibr">[6,7]</xref>. PKC&#x003b8; was shown to function downstream of the antigen receptor as a critical signal strength regulator for the transactivation of the NF&#x003ba;B, AP1, and NFAT transcription factors <xref rid="bib0040 bib0045" ref-type="bibr">[8,9]</xref>. PKC&#x003b8; appears to be required particularly for the development of robust immune responses that are controlled by both Th2 <xref rid="bib0050 bib0055" ref-type="bibr">[10,11]</xref> and Th17 <xref rid="bib0060 bib0065" ref-type="bibr">[12,13]</xref> cells.</p><p>By contrast, PKC&#x003b1; was shown to be essential for Th1 cell-dependent immune responses <xref rid="bib0070" ref-type="bibr">[14]</xref>. PKC&#x003b1; is highly expressed in T lymphocytes and translocates to the plasma membrane following T cell activation <xref rid="bib0075 bib0080" ref-type="bibr">[15,16]</xref>. Earlier studies, in which transgenic mice that overexpressed PKC&#x003b1; were used, defined an important role for this isotype in T cell function <xref rid="bib0085" ref-type="bibr">[17]</xref>. Using the established PKC&#x003b1; knockout mice <xref rid="bib0090" ref-type="bibr">[18]</xref>, our group studied the physiological and non-redundant functions of PKC&#x003b1; in T cell signalling. PKC&#x003b1;<sup>&#x02212;/&#x02212;</sup> mice are born in expected Mendelian ratios, are fertile, appear to be healthy, are anatomically normal and have normal life spans compared to wild type littermates. The development of CD3<sup>+</sup> T cells in these mice is normal, as are the subset distributions (CD4<sup>+</sup>/CD8<sup>+</sup> ratio). However, PKC&#x003b1;-deficient CD3<sup>+</sup> T cells showed impaired proliferation upon T cell receptor (TCR) stimulation, while IL-2 production and IL-2 signalling were only slightly impaired. PKC&#x003b1; was shown to be essential for T cell dependent IFN-&#x003b3; production and IgG2a/2b antibody responses <italic>in vivo</italic>
<xref rid="bib0070" ref-type="bibr">[14]</xref>.</p><p>The functions of PKC&#x003b2; are well characterised in both the immune receptor and insulin receptor signalling pathways <xref rid="bib0095 bib0100" ref-type="bibr">[19,20]</xref>. PKC&#x003b2; knockout mice, which are also viable, fertile and born in the expected Mendelian frequencies, demonstrate deficient B cell development, reduced numbers of B1 lymphocytes and impaired humoral immune responses <xref rid="bib0105" ref-type="bibr">[21]</xref>. In T cells, the role of PKC&#x003b2; in migration, which is mediated by the &#x003b2;2 integrin receptor LFA-1, has been described <xref rid="bib0110 bib0115" ref-type="bibr">[22,23]</xref>. Additionally, a role for PKC&#x003b2; in TCR induced signalling, IL-2 expression and IL-2 secretion was observed in T cell lines <xref rid="bib0120 bib0125" ref-type="bibr">[24,25]</xref>. However, our group was the first to investigate the role of PKC&#x003b2; in primary mature CD3<sup>+</sup> T cells, and in contrast to the results that were obtained with different cell lines, we showed that PKC&#x003b2; is not essential for either the proliferation of or IL-2 secretion in T cells, even though this PKC isotype is highly expressed in T cells <xref rid="bib0130" ref-type="bibr">[26]</xref>. These data suggest that other PKC isotypes may compensate for PKC&#x003b2; deficiency, which results in normal biological T cell responses.</p><p>These data prompted us to generate a line of PKC&#x003b1;/&#x003b2; double knockout mice to investigate the potentially overlapping roles of these two cPKC isotypes in CD3-dependent activation processes. The phenotypic characterisation of T cell-dependent immune responses of <italic>PKC&#x003b1;</italic><sup><italic>&#x02212;/&#x02212;</italic></sup><italic>/&#x003b2;</italic><sup><italic>&#x02212;/&#x02212;</italic></sup> mice, in comparison to mice that carry single deficiencies and to wild type controls, revealed that PKC&#x003b1; and PKC&#x003b2; cooperate functionally to mediate IL-2 gene expression.</p></sec><sec sec-type="materials|methods" id="sec0010"><label>2</label><title>Materials and methods</title><p>Generation and genotyping of PKC&#x003b1;<sup>&#x02212;/&#x02212;</sup>&#x003b2;<sup>&#x02212;/&#x02212;</sup> double knockout mice: C57BL/6&#x000a0;J PKC&#x003b1;<sup>&#x02212;/&#x02212;</sup>&#x003b2;<sup>&#x02212;/&#x02212;</sup> mice were generated by crossing PKC&#x003b1;<sup>&#x02212;/&#x02212;</sup>
<xref rid="bib0090" ref-type="bibr">[18]</xref> with PKC&#x003b2;<sup>&#x02212;/&#x02212;</sup> mice <xref rid="bib0105" ref-type="bibr">[21]</xref>. Tail DNA was extracted and the PKC&#x003b1; and PKC&#x003b2; alleles were genotyped by PCR, using the following primers: for the alpha allele, PKC&#x003b1;3&#x02032; (5&#x02032;-CCT GGT GGC AAT GGG TGA TCT ACA C-3&#x02032;) and PKC&#x003b1;5&#x02032; (5&#x02032;-GAG CCC TTG GGT TTC AAG TAT AGA-3&#x02032;), which yielded either a 600&#x000a0;bp wild type fragment or a 1.7&#x000a0;kb mutant fragment; for the beta allele, PKC&#x003b2;1 (5&#x02032;-CAG GGT CGA ATT GCC ATC CTC CA-3&#x02032;), PKC&#x003b2;2 (5&#x02032;-CCC CAC CCC CTC CTT CTT CCT-3&#x02032;) and MO13 (5&#x02032;-CTT GGG TGG AGA GGC TAT TC-3&#x02032;), which yielded a 900&#x000a0;bp wild type fragment and a 1.3&#x000a0;kb mutant fragment. For all experiments, mice were aged 6&#x02013;10 weeks. All mice were housed under SPF conditions at the mouse facility of the Medical University of Innsbruck. All experiments complied with the current laws of Austria.</p><sec id="sec0015"><label>2.1</label><title>FACS analysis of cell subsets and cell surface activation markers</title><p>Single-cell suspensions from freshly isolated thymi, spleens and lymph nodes were incubated on ice in staining buffer (phosphate-buffered saline containing 2% foetal calf serum), with FITC-, PE- or APC-conjugated antibodies to identify T cell subsets. CD3, CD19, CD4, CD8 antibodies were obtained from Caltag Laboratories. CD25, CD44, CD62L and CD69 antibodies (BD/Pharmingen) were used to stain activated CD3<sup>+</sup> T cells. Surface marker staining was analysed using a FACSCalibur&#x02122; flow cytometer (Becton Dickinson) and CellQuestPro&#x02122; software. The results are shown as the mean&#x000a0;&#x000b1;&#x000a0;SEM of at least 3 independent experiments.</p></sec><sec id="sec0020"><label>2.2</label><title>Analysis of proliferation responses</title><p>Naive CD3<sup>+</sup> T cells were negatively selected from pooled spleen and lymph node cell suspensions with mouse T cell enrichment columns (R&#x00026;D Systems). T cell populations consisted typically of 95% CD3<sup>+</sup> cells, as determined by staining and flow cytometry. For anti-CD3 stimulations, T cells (2.5&#x000a0;&#x000d7;&#x000a0;10<sup>5</sup>) were added in 200&#x000a0;&#x003bc;l of proliferation medium (RPMI supplemented with 10% FCS (Life Technologies), 2&#x000a0;mM <sc>l</sc>-glutamine (Life Technologies) and 50&#x000a0;U/ml penicillin/streptomycin (Biochrom)), in duplicate, to 96-well plates that were precoated with anti-CD3 antibody (clone 145-2C11, 10&#x000a0;&#x003bc;g/ml). Where indicated, IL-2 (final concentration 40&#x000a0;U/ml) or soluble anti-CD28 (clone 37.51, 1&#x000a0;&#x003bc;g/ml; BD Pharmingen) were added. Alternatively, PDBu (10&#x000a0;ng/ml; Sigma) plus the Ca<sup>2+</sup> ionophore ionomycin (125&#x000a0;ng/ml; Sigma) were used. After 48&#x000a0;h, cells were pulsed for 18&#x000a0;h with [3H]thymidine (1&#x000a0;&#x003bc;Ci/well) and were harvested onto a filter. The incorporation of [3H]thymidine was measured with a Matrix 96 direct beta counter system. For surface expression analysis of activation markers, cells were incubated for 20 or 48&#x000a0;h as indicated and were subsequently stained for FACS analysis with the above-mentioned antibodies.</p></sec><sec id="sec0025"><label>2.3</label><title>Analysis of cytokine production</title><p>For cytokine secretion analysis, cells were activated for 20 or 48&#x000a0;h as indicated. After 48&#x000a0;h, supernatants were collected and were frozen in aliquots for later measurement of secreted cytokines. To determine total IL-2 production, cells were frozen and thawed three times to allow for the detection of non secreted IL-2. The concentrations of cytokines were determined with BioPlex technology (BioRad). The results are shown as the mean&#x000a0;&#x000b1;&#x000a0;SD of at least 3 experiments.</p></sec><sec id="sec0030"><label>2.4</label><title>RNA transcript analysis</title><p>Naive CD3<sup>+</sup> T cells were negatively selected from pooled spleen and lymph node cell suspensions with mouse T cell enrichment columns (R&#x00026;D Systems) and were rested for 12&#x000a0;h in serum free X-vivo 20 medium (Cambrex) prior to stimulation with anti-CD3 (clone 145-2C11) antibody (10&#x000a0;&#x003bc;g/ml precoated), with or without soluble anti CD28 antibody (clone 37.51, 1&#x000a0;&#x003bc;g/ml, BD Pharmingen), for 0 to 20&#x000a0;h. Total RNA was isolated using the Qiagen RNeasy kit. The first-strand cDNA synthesis was performed using oligo(dT) primers (Promega) with the Qiagen Omniscript RT kit, according to the instructions from the supplier. The expression analysis was performed using real-time PCR with an ABI PRIM 7000 Sequence Detection System (Applied Biosystems) and TaqMan gene expression assays, and all expression patterns were normalised to that of <italic>Gapdh</italic>. The expression levels of wild type unstimulated cells were arbitrarily set to 1. To determine IL-2 decay, Actinomycin D (Sigma) was used to stop transcription and cells were harvested at various time points as indicated. Cells were lysed in Nucleic Acid Purification Lysis Solution (Applied Biosystems) according to the protocol and were stored at &#x02212;80&#x000a0;&#x000b0;C.</p></sec><sec id="sec0035"><label>2.5</label><title>Western blot analysis</title><p>T cells were incubated either with medium alone or were stimulated with solid-phase hamster anti-CD3 (clone 145&#x02013;2C11), with or without hamster anti-CD28 (clone 37.51; BD Pharmingen) at 37&#x000a0;&#x000b0;C for various time periods. For short time stimulations, both antibodies were added in soluble form and were crosslinked with anti-hamster IgG1 (clone HIG-632; BD Pharmingen). Cells were lysed in ice-cold lysis buffer (5&#x000a0;mM NaP<sub>2</sub>P, 5&#x000a0;mM NaF, 5&#x000a0;mM EDTA, 50&#x000a0;mM NaCl, 50&#x000a0;mM Tris (pH 7.3), 2% Nonidet P-40, and 50&#x000a0;&#x003bc;g/ml each aprotinin and leupeptin) and were centrifuged at 15,000&#x000a0;&#x000d7;&#x000a0;<italic>g</italic> for 15&#x000a0;min at 4&#x000a0;&#x000b0;C. Protein lysates were subjected to Western blotting as previously described <xref rid="bib0040" ref-type="bibr">[8]</xref>, using Abs against PKC&#x003b1; (Upstate Biotechnology), PKC&#x003b2;, PKC&#x003b8; (all from Transduction Laboratories), PKC&#x003be;, DNA polymerase (all from Santa Cruz Biotechnology), NFATc (Affinity Bioreagents), (p)S-32 I&#x003ba;B, pan-I&#x003ba;B, (p)Y-783 PLC&#x003b3;1, (p)ERK, Fyn and PKB/AKT (all from Cell Signalling). All experiments were performed at least twice with similar outcomes.</p></sec><sec id="sec0040"><label>2.6</label><title>Gel mobility shift assays</title><p>Nuclear extracts were prepared from 1&#x000a0;&#x000d7;&#x000a0;10<sup>7</sup>&#x000a0;cells that were stimulated as indicated. Briefly, purified CD3<sup>+</sup> cells were washed in PBS and resuspended in 10&#x000a0;mM HEPES (pH7.9), 10&#x000a0;mM KCl, 0.1&#x000a0;mM EDTA, 0.1&#x000a0;mM EGTA, 1&#x000a0;mM DTT and protease inhibitors. Cells were incubated on ice for 15&#x000a0;min. Nonidet P-40 was added to a final concentration of 0.6%, the cells were vortexed vigorously, and the mixtures were centrifuged for 5&#x000a0;min. The nuclear pellets were washed twice and resuspended in 20&#x000a0;mM HEPES (pH 7.9), 0.4&#x000a0;M NaCl, 1&#x000a0;mM EDTA, 1&#x000a0;mM EGTA, 1&#x000a0;mM DTT and protease inhibitors, and the tubes were rocked for 30&#x000a0;min at 4&#x000a0;&#x000b0;C. After centrifugation for 10&#x000a0;min, the supernatants were collected. Extract proteins (2&#x000a0;&#x003bc;g) were incubated in binding buffer with <sup>32</sup>P-labelled, double-stranded oligonucleotide probes (NF&#x003ba;B, 5&#x02032;-GCC ATG GGG GGA TCC CCG AAG TCC-3&#x02032;; AP1, 5&#x02032;-CGC TTG ATG ACT CAG CCG GAA-3&#x02032;; and NFAT, 5&#x02032;-GCC CAA AGA GGA AAA TTT GTT TCA TAC AG-3&#x02032;; AP1, 5&#x02032;-CGC TTG ATG ACT CAG CCG GAA-3&#x02032; (Nushift; Active Motif)). In each reaction, 3&#x000a0;&#x000d7;&#x000a0;10<sup>5</sup>&#x000a0;cpm of labelled probe was used, and bandshifts were resolved on 5% polyacrylamide gels. Supershifts were performed using the following antibodies AP1 cFos; NFATc; NF&#x003ba;B p50 (Nushift; Active Motive). All experiments were performed at least twice with similar outcomes.</p></sec><sec id="sec0045"><label>2.7</label><title>Apoptosis detection</title><p>Thymocyte apoptosis was induced by the addition of the following treatments: Con A (10&#x000a0;&#x003bc;g/ml), PDBu (1&#x000a0;&#x003bc;g/ml), ionomycin (1&#x000a0;&#x003bc;g/ml), camptothecin (1&#x000a0;&#x003bc;M), etoposide (1&#x000a0;&#x003bc;M), dexamethasone (1&#x000a0;&#x003bc;M), staurosporin (100&#x000a0;nM), TCR crosslinking antibodies (anti CD3, 10&#x000a0;&#x003bc;g/ml precoated, &#x000b1;anti CD28 1&#x000a0;&#x003bc;g/ml) or FasL (100&#x000a0;ng/ml) and Enhancer of FasL (1&#x000a0;&#x003bc;g/ml). FasL and Enhancer for FasL were purchased from Alexis Pharmaceuticals, anti CD28 from BD Pharmingen, all other agents were obtained from Sigma&#x02013;Aldrich. The percentages of viable cells were determined by propidium iodide staining at various time points, up to 68&#x000a0;h.</p><p>Total splenocytes were used to generate activated T cell blasts by incubation with Con A (2&#x000a0;&#x003bc;g/ml) for 48&#x000a0;h, followed by IL-2 stimulation (100&#x000a0;U/ml) for an additional 72&#x000a0;h in IMEM medium (Biochrom) that was supplemented with 10% FCS, 2&#x000a0;mM <sc>l</sc>-glutamine and 50&#x000a0;U/ml penicillin/streptomycin. After 5 days, activated T cell blasts were washed twice in medium, and viable cells were enriched by Lympholyte&#x02122; (Cedarlane) gradient centrifugation (viability &#x0003e;90%), followed by an incubation in IMEM medium (supplemented with 10% FCS, 2&#x000a0;mM <sc>l</sc>-glutamine and 50&#x000a0;U/ml penicillin/streptomycin). Activation-induced cell death was challenged by the addition of different concentrations of anti-CD3 cross-linking antibodies (clone 145-2C11; 0.1&#x02013;10&#x000a0;&#x003bc;g/ml) and apoptosis was induced by the addition of cross-linked recombinant FasL (100&#x000a0;ng/ml of FasL, plus 1&#x000a0;&#x003bc;g/ml of the enhancer for FasL). Eight hours after apoptosis induction, the cells were harvested and stained with Annexin V - FITC (Molecular Probes), anti-CD4-PE and anti-CD8-APC (Caltag). The percentage of apoptotic cells in each T cell subset was determined by FACS analysis, using a FACSCalibur flow cytometer (BD) and CellQuestPro Software. The results are shown as the mean&#x000b1;SD of at least 3 experiments.</p></sec></sec><sec sec-type="results" id="sec0050"><label>3</label><title>Results</title><sec id="sec0055"><label>3.1</label><title>Generation of PKC&#x003b1;/&#x003b2; double knockout mice</title><p>We generated mice that lacked both cPKC isotypes by crossing PKC&#x003b1;<sup>&#x02212;/&#x02212;</sup> mice <xref rid="bib0090" ref-type="bibr">[18]</xref> with PKC&#x003b2;<sup>&#x02212;/&#x02212;</sup> mice <xref rid="bib0105" ref-type="bibr">[21]</xref>; these mice were then backcrossed onto the C57BL/6 background for more than 10 generations prior to use in experiments. Genotypes were determined by PCR. The null mutations of PKC&#x003b1; or PKC&#x003b2; were confirmed by immunoblotting of whole cell lysates from na&#x000ef;ve thymocytes and peripheral CD3<sup>+</sup> T cells, respectively (<xref rid="fig0005" ref-type="fig">Fig. 1</xref>a). Neither the other PKC isotypes that were normally expressed in CD3<sup>+</sup> T cells nor PKB/Akt were upregulated in the cells derived from PKC&#x003b1;/&#x003b2; double-deficient mice. Fertility was reduced in PKC&#x003b1;/&#x003b2; double knockout mice, although the mice were viable, appeared to be healthy and lived normal lifespans. On average, double knockout mice were slightly smaller when compared to wild type mice at 3 weeks of age (mean body weight 83%), although this difference was abrogated by 6 weeks of age.</p><p>FACS analysis of thymocyte populations in PKC&#x003b1;/&#x003b2; double knockout mice revealed that CD4<sup>+</sup>CD8<sup>+</sup> double positive thymocytes were able to differentiate normally with regards to numbers of CD4<sup>+</sup> and CD8<sup>+</sup> T cells and CD3 expression (<xref rid="tbl0005" ref-type="table">Table 1</xref>). Additionally, the composition of peripheral T and B cell subsets was unaltered in PKC&#x003b1;/&#x003b2; double knockout mice (<xref rid="tbl0005" ref-type="table">Table 1</xref>).</p></sec><sec id="sec0060"><label>3.2</label><title>Impaired TCR induced proliferation of PKC&#x003b1;/&#x003b2; double-deficient CD3<sup>+</sup> T cells</title><p>To determine any potentially overlapping roles of PKC&#x003b1; and PKC&#x003b2; we analysed the proliferative responses of freshly prepared CD3<sup>+</sup> T cells from wild type, PKC&#x003b1; single knockout, PKC&#x003b2; single knockout and PKC&#x003b1;/&#x003b2; double knockout mice. The proliferation of PKC&#x003b1;/&#x003b2; deficient cells that were stimulated by anti-CD3, with or without anti-CD28, was impaired to the same degree as in PKC&#x003b1; single knockout cells (<xref rid="fig0005" ref-type="fig">Fig. 1</xref>b), as measured by <sup>3</sup>H thymidine uptake.</p><p>To exclude the proliferative defects being caused by deregulated apoptosis we analysed both apoptotic sensitivity of thymocytes following exposure to apoptotic stimuli (PDBu, ionomycin, dexamethasone, etoposide, camptothecin, staurosporin, concanavalin A, anti CD3 or FasL) and AICD and/or Fasl induced apoptosis of CD4<sup>+</sup> and CD8<sup>+</sup> T-cell blasts derived from wild-type and double knockout animals using CD3 engagement <italic>in vitro. Ex vivo</italic> survival of freshly isolated PKC&#x003b1;/&#x003b2; deficient thymocytes was unaffected (supplementary Fig. 1a), compared to that of single knockout or wild type control thymocytes. Additionally, no significant differences were observed in the susceptibilities of CD4<sup>+</sup> and CD8<sup>+</sup> T cell blasts from adult PKC&#x003b1;/&#x003b2; double knockout mice to the <italic>ex vivo</italic> apoptotic stimuli anti-CD3 or FasL, <italic>versus</italic> the susceptibilities of cells from PKC&#x003b1; and PKC&#x003b2; single knockout mice (supplementary Fig. 1b).</p></sec><sec id="sec0065"><label>3.3</label><title>Additive roles of PKC&#x003b1; and PKC&#x003b2; in <italic>de novo</italic> IL-2 synthesis</title><p>The roles of PKC&#x003b1; and PKC&#x003b2; in IL-2 signalling were assessed by the analyses of IL-2 mRNA expression and IL-2 protein secretion. In contrast to CD3<sup>+</sup> T cells that were obtained from PKC&#x003b1; and PKC&#x003b2; single knockout mice, which showed nearly normal IL-2 production upon TCR stimulation <xref rid="bib0070 bib0130" ref-type="bibr">[14,26]</xref>, we observed a strong defect in IL-2 production in T cells from PKC&#x003b1;/&#x003b2; double knockout mice upon stimulation with anti-CD3 alone (<xref rid="fig0005" ref-type="fig">Fig. 1</xref>c), whereas the addition of soluble anti-CD28 induced normal IL-2 levels from double knockout T cells that were comparable to levels produced by wild type control cells. These data indicate that the costimulatory CD28 signal can somehow bypass the requirement for these cPKC isotypes during TCR signalling (data not shown).</p><p>To investigate whether the significantly reduced amounts of IL-2 in cell culture supernatants from PKC&#x003b1;<sup>&#x02212;/&#x02212;</sup>&#x003b2;<sup>&#x02212;/&#x02212;</sup> T cells were caused by secretion defects, we performed &#x0201c;freeze and thaw&#x0201d; experiments, in which IL-2 concentrations in cell culture supernatants (secreted IL-2) were compared to the cytoplasmic IL-2 contents of the cells plus supernatants (total IL-2), which were obtained by repeated cycles of freezing and thawing of cells in order to disrupt them and thus release stored IL-2. As shown in <xref rid="fig0005" ref-type="fig">Fig. 1</xref>d, total IL-2 levels were reduced to the same degree as secreted IL-2 levels, indicating normal IL-2 secretion capacities in PKC&#x003b1;/&#x003b2; double knockout cells. However, quantitative RT-PCR analysis revealed significant differences in IL-2 mRNA levels between wild type and mutant samples (<xref rid="fig0005" ref-type="fig">Fig. 1</xref>e). In contrast, there were no significant differences between wild type and knockout cells in the expression levels of mRNA for IL5, IL-10, GM-CFS, IL-2RA and PKC&#x003b8; (not shown). Reduced IL-2 mRNA levels in PKC&#x003b1;<sup>&#x02212;/&#x02212;</sup>&#x003b2;<sup>&#x02212;/&#x02212;</sup> CD3<sup>+</sup> T cells were not caused by faster degradation, as the half-life of IL-2 mRNA was not decreased in the mutant T cells (wt: 0.65&#x000a0;&#x000b1;&#x000a0;0.07&#x000a0;h; PKC&#x003b1;<sup>&#x02212;/&#x02212;</sup>&#x003b2;<sup>&#x02212;/&#x02212;</sup>: 1.40&#x000a0;&#x000b1;&#x000a0;1.27&#x000a0;h). These data suggest that the combined PKC&#x003b1;&#x003b2; deficiency in T cells selectively affects <italic>de novo</italic> IL-2 mRNA transcription and IL-2 protein expression but not IL-2 mRNA stability or protein secretion.</p></sec><sec id="sec0070"><label>3.4</label><title>No effects of the genetic losses of PKC&#x003b1; and PKC&#x003b2; on NF&#x003ba;B, NFAT and AP1 transactivation</title><p>To understand the impaired IL-2 transcription, the DNA binding capacities of NF&#x003bb;B, NFAT and AP1 to radioactively labelled IL-2 promoter oligos were studied <italic>via</italic> EMSAs. Interestingly, neither the binding of NF&#x003ba;B (<xref rid="fig0010" ref-type="fig">Fig. 2</xref>a) nor of AP1 and NFAT (<xref rid="fig0010" ref-type="fig">Fig. 2</xref>b) to DNA were impaired in nuclear extracts from stimulated PKC&#x003b1;<sup>&#x02212;/&#x02212;</sup>&#x003b2;<sup>&#x02212;/&#x02212;</sup>T cells. Immunoblot analysis of whole cell lysates demonstrated the unimpaired phosphorylation of I&#x003ba;B&#x003b1;, as well as the normal phosphorylation and activation of ERK in PKC&#x003b1;<sup>&#x02212;/&#x02212;</sup>&#x003b2;<sup>&#x02212;/&#x02212;</sup> double-deficient CD3<sup>+</sup> T cells (<xref rid="fig0010" ref-type="fig">Fig. 2</xref>c). Data from the Western blot analysis of nuclear extracts supported the observed normal DNA binding because nuclear translocation of the NF&#x003ba;B subunits p50 and p65 (and of NFAT) was not reduced in mutant cells or in wild type cells upon stimulation with anti-CD3, with or without anti-CD28 (<xref rid="fig0010" ref-type="fig">Fig. 2</xref>d). Taken together, these data indicate that PKC&#x003b1; and PKC&#x003b2; are not involved in the control of CD3-induced transactivation of NF&#x003ba;B, NFAT and AP1.</p><p>Consistently, the stimulation-dependent upregulation of the surface markers CD25, CD69 and CD44, when monitored on CD3<sup>+</sup> cells by FACS analysis, was not significantly different between wild type, single knockout and PKC&#x003b1;/&#x003b2; double knockout littermates (<xref rid="fig0015" ref-type="fig">Fig. 3</xref>a and b); interestingly in the CD8<sup>+</sup> subset the CD25 median expression was reproducibly reduced in PKC&#x003b2;<sup>&#x02212;/&#x02212;</sup> and PKC&#x003b1;<sup>&#x02212;/&#x02212;</sup>&#x003b2;<sup>&#x02212;/&#x02212;</sup> T cells (not shown). The effector/memory T cell ratio, defined by the surface expression of CD44 and CD62L, was unaltered by the concomitant loss of PKC&#x003b1; and PKC&#x003b2; (<xref rid="tbl0010" ref-type="table">Table 2</xref>).</p></sec></sec><sec sec-type="discussion" id="sec0075"><label>4</label><title>Discussion</title><p>PKC&#x003b8; has been proposed as a novel and key player in T cell activation <italic>via</italic> the stimulation of NFAT, AP1 and NF&#x003ba;B, all of which are transcription factors that are essential for IL-2 gene induction <xref rid="bib0135 bib0140 bib0145 bib0150 bib0155" ref-type="bibr">[27&#x02013;31]</xref>. This has been confirmed by experiments in which PKC&#x003b8;-deficient murine T cells showed profound defects in IL-2 production upon TCR stimulation <xref rid="bib0040 bib0045 bib0160" ref-type="bibr">[8,9,32]</xref>. While the importance of PKC&#x003b8; in T cell function is well documented in numerous <italic>in vitro</italic> and <italic>in vivo</italic> studies, an understanding of the roles of other PKC family members, which are normally expressed in T cells, in TCR-mediated cell activation remains elusive. Among the conventional PKCs, PKC&#x003b1; was shown to be essential for adequate T cell proliferative responses upon CD3/CD28 stimulation. Interestingly, despite profoundly reduced proliferation, IL-2 secretion was not impaired in CD3<sup>+</sup> T cells that were obtained from PKC&#x003b1; knockout mice <xref rid="bib0070" ref-type="bibr">[14]</xref>.</p><p>In this study, we generated mice that lacked both conventional PKC isotypes, PKC&#x003b1; and PKC&#x003b2;, and analysed the functions of T cells from these mice to detect possible overlapping roles of the two isotypes. As a result, we observed a strong defect in the production of IL-2 in peripheral CD3<sup>+</sup> T cells, independent of PKC&#x003b8; function, in contrast to the normal levels of IL-2 that were observed in PKC&#x003b1; and PKC&#x003b2; single knockout cells, indicating that both PKC isotypes are required for the functional upregulation of IL-2. The isotypes have redundant roles, and each can compensate for the loss of the other. The induction of IL-2 production is under strict transcriptional regulation, which depends on the orchestrated interplay of the NF&#x003ba;B, NFAT and AP1 transcription factors. Interestingly, the transactivation of NF&#x003ba;B, NFAT and AP1 were not affected by the combined loss of function of both PKC isotypes.</p><p>Of note, the defect in IL-2 production was only observable when T cells were stimulated with anti-CD3 alone, whereas full activation with CD28 costimulation rescued the proliferative and cytokine secretion defects of PKC&#x003b1;/&#x003b2; cells to levels that were comparable to those observed in wild type and single knockout cells. This finding suggests that TCR stimulation <italic>via</italic> anti-CD3 cross-linking requires the classical PKC&#x003b1;/&#x003b2; isotypes for the proper transcription of IL-2 mRNA, whereas anti-CD28 costimulation, which has been shown to be an important prerequisite for correct PKC&#x003b8; localisation at the centre of the immunological synapse (IS) <xref rid="bib0165 bib0170" ref-type="bibr">[33,34]</xref>, can bypass the defect <italic>via</italic> the induction of PKC&#x003b8;-mediated signalling pathways. IL-2 production can also be regulated at post-transcriptional levels <italic>via</italic> stabilising or destabilising processes at AU-rich repeats in the 3&#x02032;untranslated region of IL-2 mRNA.</p><p>Because an impact of PKC&#x003b2; on PMA stimulation-induced IL-2 mRNA stabilisation was postulated by the work of Zhu et al. <xref rid="bib0175" ref-type="bibr">[35]</xref>, we assessed the stability of IL-2 mRNA in actinomycin D-treated anti-CD3-stimulated PKC&#x003b1;/&#x003b2;-deficient T cells <italic>via</italic> RT-PCR. Our analysis showed directly that no increases in the instability or degradation of IL-2 mRNA were detected in PKC&#x003b1;/&#x003b2; T cells (data not shown). It is known that high levels of IL-2 mRNA are transcribed prior to cell division, while the transcription of IL-4 and IFN&#x003b3; mRNA is not induced strongly until after multiple cell cycles, when epigenetic remodelling occurs <xref rid="bib0180 bib0185" ref-type="bibr">[36,37]</xref>. Therefore, the slightly reduced IL-4 mRNA levels that we observed seemed to be consequential to impaired proliferation, while the defect in IL-2 synthesis was the cause for reduced proliferation. However, where exactly cPKCs interact in the IL-2 activation pathway remains unclear.</p></sec><sec id="sec0080"><label>5</label><title>Concluding remarks</title><p>Conventional PKC&#x003b1; and PKC&#x003b2; play redundant roles in the activation of IL-2 transcriptional responses. Compared to PKC&#x003b1;<sup>&#x02212;/&#x02212;</sup> and PKC&#x003b2;<sup>&#x02212;/&#x02212;</sup> single knockout cells, which show only slight reductions in IL-2 secretion, IL-2 production is decreased dramatically in anti-CD3-stimulated double-deficient CD3<sup>+</sup> T cells. In this study, we found that low cytokine levels were caused by the decreased <italic>de novo</italic> synthesis of IL-2 mRNA and not by increased mRNA instability and degradation. For the first time, we demonstrate that besides PKC&#x003b8;, the cPKCs &#x003b1; and &#x003b2; are involved in CD3-induced T cell activation processes.</p></sec></body><back><ref-list><title>References</title><ref id="bib0005"><label>1</label><element-citation publication-type="journal" id="sbref0005"><person-group person-group-type="author"><name><surname>Takai</surname><given-names>Y.</given-names></name><name><surname>Kishimoto</surname><given-names>A.</given-names></name><name><surname>Inoue</surname><given-names>M.</given-names></name><name><surname>Nishizuka</surname><given-names>Y.</given-names></name></person-group><article-title>Studies on a cyclic nucleotide-independent protein kinase and its proenzyme in mammalian tissues. I. Purification and characterization of an active enzyme from bovine cerebellum</article-title><source>J Biol Chem</source><volume>252</volume><year>1977</year><fpage>7603</fpage><lpage>7609</lpage><pub-id pub-id-type="pmid">199593</pub-id></element-citation></ref><ref id="bib0010"><label>2</label><element-citation publication-type="journal" id="sbref0010"><person-group person-group-type="author"><name><surname>Baier</surname><given-names>G.</given-names></name></person-group><article-title>The PKC gene module: molecular biosystematics to resolve its T cell functions</article-title><source>Immunol Rev</source><volume>192</volume><year>2003</year><fpage>64</fpage><lpage>79</lpage><pub-id pub-id-type="pmid">12670396</pub-id></element-citation></ref><ref id="bib0015"><label>3</label><element-citation publication-type="journal" id="sbref0015"><person-group person-group-type="author"><name><surname>Mellor</surname><given-names>H.</given-names></name><name><surname>Parker</surname><given-names>P.J.</given-names></name></person-group><article-title>The extended protein kinase C superfamily</article-title><source>Biochem J</source><volume>332</volume><issue>Pt. (2)</issue><year>1998</year><fpage>281</fpage><lpage>292</lpage><pub-id pub-id-type="pmid">9601053</pub-id></element-citation></ref><ref id="bib0020"><label>4</label><element-citation publication-type="journal" id="sbref0020"><person-group person-group-type="author"><name><surname>Chaudhary</surname><given-names>D.</given-names></name><name><surname>Kasaian</surname><given-names>M.</given-names></name></person-group><article-title>PKCtheta: a potential therapeutic target for T-cell-mediated diseases</article-title><source>Curr Opin Investig Drugs</source><volume>7</volume><year>2006</year><fpage>432</fpage><lpage>437</lpage></element-citation></ref><ref id="bib0025"><label>5</label><element-citation publication-type="journal" id="sbref0025"><person-group person-group-type="author"><name><surname>Marsland</surname><given-names>B.J.</given-names></name><name><surname>Kopf</surname><given-names>M.</given-names></name></person-group><article-title>T-cell fate and function: PKC-theta and beyond</article-title><source>Trends Immunol</source><volume>29</volume><year>2008</year><fpage>179</fpage><lpage>185</lpage><pub-id pub-id-type="pmid">18328786</pub-id></element-citation></ref><ref id="bib0030"><label>6</label><element-citation publication-type="journal" id="sbref0030"><person-group person-group-type="author"><name><surname>Isakov</surname><given-names>N.</given-names></name><name><surname>Altman</surname><given-names>A.</given-names></name></person-group><article-title>Protein kinase C(theta) in T cell activation</article-title><source>Annu Rev Immunol</source><volume>20</volume><year>2002</year><fpage>761</fpage><lpage>794</lpage><pub-id pub-id-type="pmid">11861617</pub-id></element-citation></ref><ref id="bib0035"><label>7</label><element-citation publication-type="journal" id="sbref0035"><person-group person-group-type="author"><name><surname>Monks</surname><given-names>C.R.</given-names></name><name><surname>Kupfer</surname><given-names>H.</given-names></name><name><surname>Tamir</surname><given-names>I.</given-names></name><name><surname>Barlow</surname><given-names>A.</given-names></name><name><surname>Kupfer</surname><given-names>A.</given-names></name></person-group><article-title>Selective modulation of protein kinase C-theta during T-cell activation</article-title><source>Nature</source><volume>385</volume><year>1997</year><fpage>83</fpage><lpage>86</lpage><pub-id pub-id-type="pmid">8985252</pub-id></element-citation></ref><ref id="bib0040"><label>8</label><element-citation publication-type="journal" id="sbref0040"><person-group person-group-type="author"><name><surname>Pfeifhofer</surname><given-names>C.</given-names></name><name><surname>Kofler</surname><given-names>K.</given-names></name><name><surname>Gruber</surname><given-names>T.</given-names></name><name><surname>Tabrizi</surname><given-names>N.G.</given-names></name><name><surname>Lutz</surname><given-names>C.</given-names></name><name><surname>Maly</surname><given-names>K.</given-names></name></person-group><article-title>Protein kinase C theta affects Ca2+ mobilization and NFAT cell activation in primary mouse T cells</article-title><source>J Exp Med</source><volume>197</volume><year>2003</year><fpage>1525</fpage><lpage>1535</lpage><pub-id pub-id-type="pmid">12782715</pub-id></element-citation></ref><ref id="bib0045"><label>9</label><element-citation publication-type="journal" id="sbref0045"><person-group person-group-type="author"><name><surname>Sun</surname><given-names>Z.</given-names></name><name><surname>Arendt</surname><given-names>C.W.</given-names></name><name><surname>Ellmeier</surname><given-names>W.</given-names></name><name><surname>Schaeffer</surname><given-names>E.M.</given-names></name><name><surname>Sunshine</surname><given-names>M.J.</given-names></name><name><surname>Gandhi</surname><given-names>L.</given-names></name></person-group><article-title>PKC-theta is required for TCR-induced NF-kappaB activation in mature but not immature T lymphocytes</article-title><source>Nature</source><volume>404</volume><year>2000</year><fpage>402</fpage><lpage>407</lpage><pub-id pub-id-type="pmid">10746729</pub-id></element-citation></ref><ref id="bib0050"><label>10</label><element-citation publication-type="journal" id="sbref0050"><person-group person-group-type="author"><name><surname>Marsland</surname><given-names>B.J.</given-names></name><name><surname>Soos</surname><given-names>T.J.</given-names></name><name><surname>Spath</surname><given-names>G.</given-names></name><name><surname>Littman</surname><given-names>D.R.</given-names></name><name><surname>Kopf</surname><given-names>M.</given-names></name></person-group><article-title>Protein kinase C theta is critical for the development of in vivo T helper (Th)2 cell but not Th1 cell responses</article-title><source>J Exp Med</source><volume>200</volume><year>2004</year><fpage>181</fpage><lpage>189</lpage><pub-id pub-id-type="pmid">15263025</pub-id></element-citation></ref><ref id="bib0055"><label>11</label><element-citation publication-type="journal" id="sbref0055"><person-group person-group-type="author"><name><surname>Martin</surname><given-names>P.</given-names></name><name><surname>Villares</surname><given-names>R.</given-names></name><name><surname>Rodriguez-Mascarenhas</surname><given-names>S.</given-names></name><name><surname>Zaballos</surname><given-names>A.</given-names></name><name><surname>Leitges</surname><given-names>M.</given-names></name><name><surname>Kovac</surname><given-names>J.</given-names></name></person-group><article-title>Control of T helper 2 cell function and allergic airway inflammation by PKCzeta</article-title><source>Proc Natl Acad Sci U S A</source><volume>102</volume><year>2005</year><fpage>9866</fpage><lpage>9871</lpage><pub-id pub-id-type="pmid">15987782</pub-id></element-citation></ref><ref id="bib0060"><label>12</label><element-citation publication-type="journal" id="sbref0060"><person-group person-group-type="author"><name><surname>Salek-Ardakani</surname><given-names>S.</given-names></name><name><surname>So</surname><given-names>T.</given-names></name><name><surname>Halteman</surname><given-names>B.S.</given-names></name><name><surname>Altman</surname><given-names>A.</given-names></name><name><surname>Croft</surname><given-names>M.</given-names></name></person-group><article-title>Protein kinase Ctheta controls Th1 cells in experimental autoimmune encephalomyelitis</article-title><source>J Immunol</source><volume>175</volume><year>2005</year><fpage>7635</fpage><lpage>7641</lpage><pub-id pub-id-type="pmid">16301673</pub-id></element-citation></ref><ref id="bib0065"><label>13</label><element-citation publication-type="journal" id="sbref0065"><person-group person-group-type="author"><name><surname>Tan</surname><given-names>S.L.</given-names></name><name><surname>Zhao</surname><given-names>J.</given-names></name><name><surname>Bi</surname><given-names>C.</given-names></name><name><surname>Chen</surname><given-names>X.C.</given-names></name><name><surname>Hepburn</surname><given-names>D.L.</given-names></name><name><surname>Wang</surname><given-names>J.</given-names></name></person-group><article-title>Resistance to experimental autoimmune encephalomyelitis and impaired IL-17 production in protein kinase C theta-deficient mice</article-title><source>J Immunol</source><volume>176</volume><year>2006</year><fpage>2872</fpage><lpage>2879</lpage><pub-id pub-id-type="pmid">16493044</pub-id></element-citation></ref><ref id="bib0070"><label>14</label><element-citation publication-type="journal" id="sbref0070"><person-group person-group-type="author"><name><surname>Pfeifhofer</surname><given-names>C.</given-names></name><name><surname>Gruber</surname><given-names>T.</given-names></name><name><surname>Letschka</surname><given-names>T.</given-names></name><name><surname>Thuille</surname><given-names>N.</given-names></name><name><surname>Lutz-Nicoladoni</surname><given-names>C.</given-names></name><name><surname>Hermann-Kleiter</surname><given-names>N.</given-names></name></person-group><article-title>Defective IgG2a/2b class switching in PKC alpha<sup>&#x02212;/&#x02212;</sup> mice</article-title><source>J Immunol</source><volume>176</volume><year>2006</year><fpage>6004</fpage><lpage>6011</lpage><pub-id pub-id-type="pmid">16670309</pub-id></element-citation></ref><ref id="bib0075"><label>15</label><element-citation publication-type="journal" id="sbref0075"><person-group person-group-type="author"><name><surname>Kofler</surname><given-names>K.</given-names></name><name><surname>Erdel</surname><given-names>M.</given-names></name><name><surname>Utermann</surname><given-names>G.</given-names></name><name><surname>Baier</surname><given-names>G.</given-names></name></person-group><article-title>Molecular genetics and structural genomics of the human protein kinase C gene module</article-title><source>Genome Biol</source><volume>3</volume><year>2002</year><comment>Research0014</comment></element-citation></ref><ref id="bib0080"><label>16</label><element-citation publication-type="journal" id="sbref0080"><person-group person-group-type="author"><name><surname>Szamel</surname><given-names>M.</given-names></name><name><surname>Appel</surname><given-names>A.</given-names></name><name><surname>Schwinzer</surname><given-names>R.</given-names></name><name><surname>Resch</surname><given-names>K.</given-names></name></person-group><article-title>Different protein kinase C isoenzymes regulate IL-2 receptor expression or IL-2 synthesis in human lymphocytes stimulated via the TCR</article-title><source>J Immunol</source><volume>160</volume><year>1998</year><fpage>2207</fpage><lpage>2214</lpage><pub-id pub-id-type="pmid">9498759</pub-id></element-citation></ref><ref id="bib0085"><label>17</label><element-citation publication-type="journal" id="sbref0085"><person-group person-group-type="author"><name><surname>Michie</surname><given-names>A.M.</given-names></name><name><surname>Soh</surname><given-names>J.W.</given-names></name><name><surname>Hawley</surname><given-names>R.G.</given-names></name><name><surname>Weinstein</surname><given-names>I.B.</given-names></name><name><surname>Zuniga-Pflucker</surname><given-names>J.C.</given-names></name></person-group><article-title>Allelic exclusion and differentiation by protein kinase C-mediated signals in immature thymocytes</article-title><source>Proc Natl Acad Sci U S A</source><volume>98</volume><year>2001</year><fpage>609</fpage><lpage>614</lpage><pub-id pub-id-type="pmid">11149941</pub-id></element-citation></ref><ref id="bib0090"><label>18</label><element-citation publication-type="journal" id="sbref0090"><person-group person-group-type="author"><name><surname>Leitges</surname><given-names>M.</given-names></name><name><surname>Plomann</surname><given-names>M.</given-names></name><name><surname>Standaert</surname><given-names>M.L.</given-names></name><name><surname>Bandyopadhyay</surname><given-names>G.</given-names></name><name><surname>Sajan</surname><given-names>M.P.</given-names></name><name><surname>Kanoh</surname><given-names>Y.</given-names></name></person-group><article-title>Knockout of PKC alpha enhances insulin signaling through PI3K</article-title><source>Mol Endocrinol</source><volume>16</volume><year>2002</year><fpage>847</fpage><lpage>858</lpage><pub-id pub-id-type="pmid">11923480</pub-id></element-citation></ref><ref id="bib0095"><label>19</label><element-citation publication-type="journal" id="sbref0095"><person-group person-group-type="author"><name><surname>Kawakami</surname><given-names>T.</given-names></name><name><surname>Kawakami</surname><given-names>Y.</given-names></name><name><surname>Kitaura</surname><given-names>J.</given-names></name></person-group><article-title>Protein kinase C beta (PKC beta): normal functions and diseases</article-title><source>J Biochem</source><volume>132</volume><year>2002</year><fpage>677</fpage><lpage>682</lpage><pub-id pub-id-type="pmid">12417015</pub-id></element-citation></ref><ref id="bib0100"><label>20</label><element-citation publication-type="journal" id="sbref0100"><person-group person-group-type="author"><name><surname>Tan</surname><given-names>S.L.</given-names></name><name><surname>Parker</surname><given-names>P.J.</given-names></name></person-group><article-title>Emerging and diverse roles of protein kinase C in immune cell signalling</article-title><source>Biochem J</source><volume>376</volume><year>2003</year><fpage>545</fpage><lpage>552</lpage><pub-id pub-id-type="pmid">14570590</pub-id></element-citation></ref><ref id="bib0105"><label>21</label><element-citation publication-type="journal" id="sbref0105"><person-group person-group-type="author"><name><surname>Leitges</surname><given-names>M.</given-names></name><name><surname>Schmedt</surname><given-names>C.</given-names></name><name><surname>Guinamard</surname><given-names>R.</given-names></name><name><surname>Davoust</surname><given-names>J.</given-names></name><name><surname>Schaal</surname><given-names>S.</given-names></name><name><surname>Stabel</surname><given-names>S.</given-names></name></person-group><article-title>Immunodeficiency in protein kinase cbeta-deficient mice</article-title><source>Science</source><volume>273</volume><year>1996</year><fpage>788</fpage><lpage>791</lpage><pub-id pub-id-type="pmid">8670417</pub-id></element-citation></ref><ref id="bib0110"><label>22</label><element-citation publication-type="journal" id="sbref0110"><person-group person-group-type="author"><name><surname>Fanning</surname><given-names>A.</given-names></name><name><surname>Volkov</surname><given-names>Y.</given-names></name><name><surname>Freeley</surname><given-names>M.</given-names></name><name><surname>Kelleher</surname><given-names>D.</given-names></name><name><surname>Long</surname><given-names>A.</given-names></name></person-group><article-title>CD44 cross-linking induces protein kinase C-regulated migration of human T lymphocytes</article-title><source>Int Immunol</source><volume>17</volume><year>2005</year><fpage>449</fpage><lpage>458</lpage><pub-id pub-id-type="pmid">15749731</pub-id></element-citation></ref><ref id="bib0115"><label>23</label><element-citation publication-type="journal" id="sbref0115"><person-group person-group-type="author"><name><surname>Volkov</surname><given-names>Y.</given-names></name><name><surname>Long</surname><given-names>A.</given-names></name><name><surname>McGrath</surname><given-names>S.</given-names></name><name><surname>Ni Eidhin</surname><given-names>D.</given-names></name><name><surname>Kelleher</surname><given-names>D.</given-names></name></person-group><article-title>Crucial importance of PKC-beta(I) in LFA-1-mediated locomotion of activated T cells</article-title><source>Nat Immunol</source><volume>2</volume><year>2001</year><fpage>508</fpage><lpage>514</lpage><pub-id pub-id-type="pmid">11376337</pub-id></element-citation></ref><ref id="bib0120"><label>24</label><element-citation publication-type="journal" id="sbref0120"><person-group person-group-type="author"><name><surname>Dreikhausen</surname><given-names>U.E.</given-names></name><name><surname>Gorf</surname><given-names>K.</given-names></name><name><surname>Resch</surname><given-names>K.</given-names></name><name><surname>Szamel</surname><given-names>M.</given-names></name></person-group><article-title>Protein kinase Cbeta1, a major regulator of TCR-CD28-activated signal transduction leading to IL-2 gene transcription and secretion</article-title><source>Int Immunol</source><volume>15</volume><year>2003</year><fpage>1089</fpage><lpage>1098</lpage><pub-id pub-id-type="pmid">12917261</pub-id></element-citation></ref><ref id="bib0125"><label>25</label><element-citation publication-type="journal" id="sbref0125"><person-group person-group-type="author"><name><surname>Long</surname><given-names>A.</given-names></name><name><surname>Kelleher</surname><given-names>D.</given-names></name><name><surname>Lynch</surname><given-names>S.</given-names></name><name><surname>Volkov</surname><given-names>Y.</given-names></name></person-group><article-title>Cutting edge: protein kinase C beta expression is critical for export of Il-2 from T cells</article-title><source>J Immunol</source><volume>167</volume><year>2001</year><fpage>636</fpage><lpage>640</lpage><pub-id pub-id-type="pmid">11441065</pub-id></element-citation></ref><ref id="bib0130"><label>26</label><element-citation publication-type="journal" id="sbref0130"><person-group person-group-type="author"><name><surname>Thuille</surname><given-names>N.</given-names></name><name><surname>Gruber</surname><given-names>T.</given-names></name><name><surname>Bock</surname><given-names>G.</given-names></name><name><surname>Leitges</surname><given-names>M.</given-names></name><name><surname>Baier</surname><given-names>G.</given-names></name></person-group><article-title>Protein kinase C beta is dispensable for TCR-signaling</article-title><source>Mol Immunol</source><volume>41</volume><year>2004</year><fpage>385</fpage><lpage>390</lpage><pub-id pub-id-type="pmid">15163535</pub-id></element-citation></ref><ref id="bib0135"><label>27</label><element-citation publication-type="journal" id="sbref0135"><person-group person-group-type="author"><name><surname>Baier-Bitterlich</surname><given-names>G.</given-names></name><name><surname>Uberall</surname><given-names>F.</given-names></name><name><surname>Bauer</surname><given-names>B.</given-names></name><name><surname>Fresser</surname><given-names>F.</given-names></name><name><surname>Wachter</surname><given-names>H.</given-names></name><name><surname>Grunicke</surname><given-names>H.</given-names></name></person-group><article-title>Protein kinase C-theta isoenzyme selective stimulation of the transcription factor complex AP-1 in T lymphocytes</article-title><source>Mol Cell Biol</source><volume>16</volume><year>1996</year><fpage>1842</fpage><lpage>1850</lpage><pub-id pub-id-type="pmid">8657160</pub-id></element-citation></ref><ref id="bib0140"><label>28</label><element-citation publication-type="journal" id="sbref0140"><person-group person-group-type="author"><name><surname>Bauer</surname><given-names>B.</given-names></name><name><surname>Jenny</surname><given-names>M.</given-names></name><name><surname>Fresser</surname><given-names>F.</given-names></name><name><surname>Uberall</surname><given-names>F.</given-names></name><name><surname>Baier</surname><given-names>G.</given-names></name></person-group><article-title>AKT1/PKBalpha is recruited to lipid rafts and activated downstream of PKC isotypes in CD3-induced T cell signaling</article-title><source>FEBS Lett</source><volume>541</volume><year>2003</year><fpage>155</fpage><lpage>162</lpage><pub-id pub-id-type="pmid">12706837</pub-id></element-citation></ref><ref id="bib0145"><label>29</label><element-citation publication-type="journal" id="sbref0145"><person-group person-group-type="author"><name><surname>Coudronniere</surname><given-names>N.</given-names></name><name><surname>Villalba</surname><given-names>M.</given-names></name><name><surname>Englund</surname><given-names>N.</given-names></name><name><surname>Altman</surname><given-names>A.</given-names></name></person-group><article-title>NF-kappa B activation induced by T cell receptor/CD28 costimulation is mediated by protein kinase C-theta</article-title><source>Proc Natl Acad Sci U S A</source><volume>97</volume><year>2000</year><fpage>3394</fpage><lpage>3399</lpage><pub-id pub-id-type="pmid">10716728</pub-id></element-citation></ref><ref id="bib0150"><label>30</label><element-citation publication-type="journal" id="sbref0150"><person-group person-group-type="author"><name><surname>Li</surname><given-names>Y.</given-names></name><name><surname>Hu</surname><given-names>J.</given-names></name><name><surname>Vita</surname><given-names>R.</given-names></name><name><surname>Sun</surname><given-names>B.</given-names></name><name><surname>Tabata</surname><given-names>H.</given-names></name><name><surname>Altman</surname><given-names>A.</given-names></name></person-group><article-title>SPAK kinase is a substrate and target of PKCtheta in T-cell receptor-induced AP-1 activation pathway</article-title><source>EMBO J</source><volume>23</volume><year>2004</year><fpage>1112</fpage><lpage>1122</lpage><pub-id pub-id-type="pmid">14988727</pub-id></element-citation></ref><ref id="bib0155"><label>31</label><element-citation publication-type="journal" id="sbref0155"><person-group person-group-type="author"><name><surname>Lin</surname><given-names>X.</given-names></name><name><surname>O&#x02018;Mahony</surname><given-names>A.</given-names></name><name><surname>Mu</surname><given-names>Y.</given-names></name><name><surname>Geleziunas</surname><given-names>R.</given-names></name><name><surname>Greene</surname><given-names>W.C.</given-names></name></person-group><article-title>Protein kinase C-theta participates in NF-kappaB activation induced by CD3-CD28 costimulation through selective activation of IkappaB kinase beta</article-title><source>Mol Cell Biol</source><volume>20</volume><year>2000</year><fpage>2933</fpage><lpage>2940</lpage><pub-id pub-id-type="pmid">10733597</pub-id></element-citation></ref><ref id="bib0160"><label>32</label><element-citation publication-type="journal" id="sbref0160"><person-group person-group-type="author"><name><surname>Altman</surname><given-names>A.</given-names></name><name><surname>Kaminski</surname><given-names>S.</given-names></name><name><surname>Busuttil</surname><given-names>V.</given-names></name><name><surname>Droin</surname><given-names>N.</given-names></name><name><surname>Hu</surname><given-names>J.</given-names></name><name><surname>Tadevosyan</surname><given-names>Y.</given-names></name></person-group><article-title>Positive feedback regulation of PLCgamma1/Ca(2+) signaling by PKCtheta in restimulated T cells via a Tec kinase-dependent pathway</article-title><source>Eur J Immunol</source><volume>34</volume><year>2004</year><fpage>2001</fpage><lpage>2011</lpage><pub-id pub-id-type="pmid">15214048</pub-id></element-citation></ref><ref id="bib0165"><label>33</label><element-citation publication-type="journal" id="sbref0165"><person-group person-group-type="author"><name><surname>Isakov</surname><given-names>N.</given-names></name><name><surname>Altman</surname><given-names>A.</given-names></name></person-group><article-title>PKC-theta-mediated signal delivery from the TCR/CD28 surface receptors</article-title><source>Front Immunol</source><volume>3</volume><year>2012</year><fpage>273</fpage><pub-id pub-id-type="pmid">22936936</pub-id></element-citation></ref><ref id="bib0170"><label>34</label><element-citation publication-type="journal" id="sbref0170"><person-group person-group-type="author"><name><surname>Kong</surname><given-names>K.F.</given-names></name><name><surname>Yokosuka</surname><given-names>T.</given-names></name><name><surname>Canonigo-Balancio</surname><given-names>A.J.</given-names></name><name><surname>Isakov</surname><given-names>N.</given-names></name><name><surname>Saito</surname><given-names>T.</given-names></name><name><surname>Altman</surname><given-names>A.</given-names></name></person-group><article-title>A motif in the V3 domain of the kinase PKC-theta determines its localization in the immunological synapse and functions in T cells via association with CD28</article-title><source>Nat Immunol</source><volume>12</volume><year>2011</year><fpage>1105</fpage><lpage>1112</lpage><pub-id pub-id-type="pmid">21964608</pub-id></element-citation></ref><ref id="bib0175"><label>35</label><element-citation publication-type="journal" id="sbref0175"><person-group person-group-type="author"><name><surname>Zhu</surname><given-names>P.</given-names></name><name><surname>Jiang</surname><given-names>W.</given-names></name><name><surname>Cao</surname><given-names>L.</given-names></name><name><surname>Yu</surname><given-names>W.</given-names></name><name><surname>Pei</surname><given-names>Y.</given-names></name><name><surname>Yang</surname><given-names>X.</given-names></name></person-group><article-title>IL-2 mRNA stabilization upon PMA stimulation is dependent on NF90-Ser647 phosphorylation by protein kinase CbetaI</article-title><source>J Immunol</source><volume>185</volume><year>2010</year><fpage>5140</fpage><lpage>5149</lpage><pub-id pub-id-type="pmid">20870937</pub-id></element-citation></ref><ref id="bib0180"><label>36</label><element-citation publication-type="journal" id="sbref0180"><person-group person-group-type="author"><name><surname>Ansel</surname><given-names>K.M.</given-names></name><name><surname>Lee</surname><given-names>D.U.</given-names></name><name><surname>Rao</surname><given-names>A.</given-names></name></person-group><article-title>An epigenetic view of helper T cell differentiation</article-title><source>Nat Immunol</source><volume>4</volume><year>2003</year><fpage>616</fpage><lpage>623</lpage><pub-id pub-id-type="pmid">12830136</pub-id></element-citation></ref><ref id="bib0185"><label>37</label><element-citation publication-type="journal" id="sbref0185"><person-group person-group-type="author"><name><surname>Bird</surname><given-names>J.J.</given-names></name><name><surname>Brown</surname><given-names>D.R.</given-names></name><name><surname>Mullen</surname><given-names>A.C.</given-names></name><name><surname>Moskowitz</surname><given-names>N.H.</given-names></name><name><surname>Mahowald</surname><given-names>M.A.</given-names></name><name><surname>Sider</surname><given-names>J.R.</given-names></name></person-group><article-title>Helper T cell differentiation is controlled by the cell cycle</article-title><source>Immunity</source><volume>9</volume><year>1998</year><fpage>229</fpage><lpage>237</lpage><pub-id pub-id-type="pmid">9729043</pub-id></element-citation></ref></ref-list><sec id="sec0090" sec-type="supplementary-material"><label>Appendix A</label><title>Supplementary data</title><p>The following are the supplementary data to this article:<supplementary-material content-type="local-data" id="upi0005"><media xlink:href="mmc1.pdf" mimetype="application" mime-subtype="pdf"/></supplementary-material></p></sec><ack><title>Acknowledgements</title><p>We are grateful to N. Haas for animal housekeeping. This work was supported by a grant to <funding-source id="gs0005">FWF</funding-source> (SFB21, P25044 and T550-B19). All experiments comply with the current laws of Austria.</p></ack></back><floats-group><fig id="fig0005"><label>Fig. 1</label><caption><p>Synergistic roles of PKC&#x003b1; and PKC&#x003b2; in IL-2 production. Impaired cytokine responses of PKC&#x003b1;<sup>/</sup>&#x003b2; double knockout T cells are not caused by a secretion defect. (A) Western blot analysis of wild type and PKC&#x003b1;<sup>/</sup>&#x003b2; double knockout cells. Western blot shown is of whole cell lysates, with 5&#x000a0;&#x000d7;&#x000a0;10<sup>6</sup> na&#x000ef;ve thymocytes or peripheral CD3<sup>+</sup> T cells per lane. Blots were stained with antibodies against PKC&#x003b1;, &#x003b2;, &#x003b8;, &#x0025b;, &#x003b6;, PKB&#x003b1; and Fyn (loading control). (B) Proliferative responses of PKC&#x003b1;/&#x003b2; and PKC&#x003b1;-deficient CD3<sup>+</sup> T cells were analysed in comparison to wild type littermate controls. After incubation using different stimulatory conditions cells were analysed using standard procedures for thymidine incorporation. (C) IL-2 responses of peripheral CD3<sup>+</sup> T cells that were isolated from wild type, PKC&#x003b1; single knockout, PKC&#x003b2; single knockout and PKC&#x003b1;<sup>/</sup>&#x003b2; double knockout mice. Cells were stimulated with anti-CD3 (precoated), with or without anti-CD28, as indicated. Cytokine levels in cell culture supernatants were analysed after 48&#x000a0;h by Bioplex suspension array technology. (D) Analysis of secreted <italic>versus</italic> total IL-2 from wild type and PKC&#x003b1;/&#x003b2; cells. Total IL-2 was determined after 3 cycles of freezing and thawing of cultured cells. (E) IL-2 gene expression is dramatically reduced in PKC&#x003b1;/&#x003b2; double-deficient CD3<sup>+</sup> T cells after CD3 stimulation. Wild type and mutant CD3<sup>+</sup> T cells were stimulated with anti-CD3 for a maximum of 20&#x000a0;h and IL-2 mRNA expression, normalised to <italic>Gapdh</italic>, was measured <italic>via</italic> real-time PCR. Results are shown as the mean values of at least 2 independent experiments.</p></caption><graphic xlink:href="gr1"/></fig><fig id="fig0010"><label>Fig. 2</label><caption><p>(A and B) Loss of PKC&#x003b1; and PKC&#x003b2; in double-deficient CD3<sup>+</sup> T cells did not affect NF&#x003ba;B, AP1 and NFAT DNA binding capacities. Nuclear extracts were prepared from CD3<sup>+</sup> T cells from wild type, PKC&#x003b1;<sup>&#x02212;/&#x02212;</sup>, PKC&#x003b2;<sup>&#x02212;/&#x02212;</sup> and PKC&#x003b1;<sup>&#x02212;/&#x02212;</sup>&#x003b2;<sup>&#x02212;/&#x02212;</sup> mice following stimulation with anti-CD3 with or without anti-CD28 for 16&#x000a0;h. Gel mobility shift assays were performed with radioactively labelled probes that contained NF&#x003ba;B, AP1 and NFAT binding site sequences. One representative experiment of 3 is shown. (C) Western blot analysis of whole cell lysates from wild type, PKC&#x003b1;<sup>&#x02212;/&#x02212;</sup>, PKC&#x003b2;<sup>&#x02212;/&#x02212;</sup> and PKC&#x003b1;<sup>&#x02212;/&#x02212;</sup>&#x003b2;<sup>&#x02212;/&#x02212;</sup> CD3<sup>+</sup> cells that were stimulated briefly. Normal phosphorylation kinetics of I&#x003ba;B&#x003b1;, ERK and PKD were observed in single and double-deficient CD3<sup>+</sup> T cells. (D) Immunoblot of nuclear extracts from wild type, PKC&#x003b1;<sup>&#x02212;/&#x02212;</sup>, PKC&#x003b2;<sup>&#x02212;/&#x02212;</sup> and PKC&#x003b1;<sup>&#x02212;/&#x02212;</sup>&#x003b2;<sup>&#x02212;/&#x02212;</sup> CD3<sup>+</sup> T cells that were stimulated as indicated for 16&#x000a0;h. Nuclear translocation of the p50 and p65 subunits of NF&#x003ba;B was normal in PKC&#x003b1;<sup>&#x02212;/&#x02212;</sup>&#x003b2;<sup>&#x02212;/&#x02212;</sup> T cells. One representative experiment of 2 is shown.</p></caption><graphic xlink:href="gr2"/></fig><fig id="fig0015"><label>Fig. 3</label><caption><p>Flow cytometric analysis of CD25, CD44 and CD69 surface marker expression on T cells that were stimulated or not with CD3 alone, CD3&#x000a0;+&#x000a0;CD28 or CD3&#x000a0;+&#x000a0;IL-2. No gross differences were observed between wild type and PKC&#x003b1;<sup>&#x02212;/&#x02212;</sup>&#x003b2;<sup>&#x02212;/&#x02212;</sup> cells. Results are shown as the mean&#x000a0;&#x000b1;&#x000a0;SEM of 3 independent experiments.</p></caption><graphic xlink:href="gr3"/></fig><table-wrap id="tbl0005" position="float"><label>Table 1</label><caption><p>Cell subsets.</p></caption><table frame="hsides" rules="groups"><thead><tr><th/><th align="left">Wt</th><th align="left">PKC&#x003b1;<sup>&#x02212;/&#x02212;</sup></th><th align="left">PKC&#x003b2;<sup>&#x02212;/&#x02212;</sup></th><th align="left">PKC&#x003b1;<sup>&#x02212;/&#x02212;</sup>&#x003b2;<sup>&#x02212;/&#x02212;</sup></th></tr></thead><tbody><tr><td colspan="5" align="left">Thymus</td></tr><tr><td align="left">CD3<sup>+</sup></td><td align="left">15.46&#x000a0;&#x000b1;&#x000a0;2.05</td><td align="left">16.75&#x000a0;&#x000b1;&#x000a0;1.83</td><td align="left">17.4&#x000a0;&#x000b1;&#x000a0;1.14</td><td align="left">15.54&#x000a0;&#x000b1;&#x000a0;2.85</td></tr><tr><td align="left">CD4<sup>+</sup></td><td align="left">8.10&#x000a0;&#x000b1;&#x000a0;2.13</td><td align="left">8.91&#x000a0;&#x000b1;&#x000a0;4.42</td><td align="left">10.36&#x000a0;&#x000b1;&#x000a0;3.15</td><td align="left">8.82&#x000a0;&#x000b1;&#x000a0;2.36</td></tr><tr><td align="left">CD8<sup>+</sup></td><td align="left">2.55&#x000a0;&#x000b1;&#x000a0;0.43</td><td align="left">2.35&#x000a0;&#x000b1;&#x000a0;1.10</td><td align="left">3.74&#x000a0;&#x000b1;&#x000a0;0.60</td><td align="left">3.33&#x000a0;&#x000b1;&#x000a0;0.73</td></tr><tr><td align="left">CD4<sup>+</sup>/CD8<sup>+</sup></td><td align="left">83.61&#x000a0;&#x000b1;&#x000a0;3.15</td><td align="left">86.68&#x000a0;&#x000b1;&#x000a0;6.39</td><td align="left">83.74&#x000a0;&#x000b1;&#x000a0;4.70</td><td align="left">84.00&#x000a0;&#x000b1;&#x000a0;3.87</td></tr><tr><td colspan="5" align="left">&#x02028;&#x02028;</td></tr><tr><td colspan="5" align="left">Lymph nodes</td></tr><tr><td align="left">CD3<sup>+</sup></td><td align="left">76.55&#x000a0;&#x000b1;&#x000a0;5.63</td><td align="left">69.45&#x000a0;&#x000b1;&#x000a0;13.86</td><td align="left">77.80&#x000a0;&#x000b1;&#x000a0;7.15</td><td align="left">79.33&#x000a0;&#x000b1;&#x000a0;3.15</td></tr><tr><td align="left">CD19<sup>+</sup></td><td align="left">10.63&#x000a0;&#x000b1;&#x000a0;7.24</td><td align="left">13.54&#x000a0;&#x000b1;&#x000a0;14.92</td><td align="left">10.74&#x000a0;&#x000b1;&#x000a0;9.62</td><td align="left">10.96&#x000a0;&#x000b1;&#x000a0;5.85</td></tr><tr><td align="left">CD4<sup>+</sup></td><td align="left">58.54&#x000a0;&#x000b1;&#x000a0;10.08</td><td align="left">57.35&#x000a0;&#x000b1;&#x000a0;12.79</td><td align="left">57.35&#x000a0;&#x000b1;&#x000a0;15.04</td><td align="left">57.22&#x000a0;&#x000b1;&#x000a0;4.66</td></tr><tr><td align="left">CD8<sup>+</sup></td><td align="left">20.22&#x000a0;&#x000b1;&#x000a0;1.85</td><td align="left">15.39&#x000a0;&#x000b1;&#x000a0;3.23</td><td align="left">15.39&#x000a0;&#x000b1;&#x000a0;3.49</td><td align="left">23.16&#x000a0;&#x000b1;&#x000a0;1.61</td></tr><tr><td colspan="5" align="left">&#x02028;&#x02028;</td></tr><tr><td colspan="5" align="left">Spleen</td></tr><tr><td align="left">CD3<sup>+</sup></td><td align="left">30.35&#x000a0;&#x000b1;&#x000a0;0.12</td><td align="left">37.23&#x000a0;&#x000b1;&#x000a0;1.23</td><td align="left">42.26&#x000a0;&#x000b1;&#x000a0;1.05</td><td align="left">40.22&#x000a0;&#x000b1;&#x000a0;2.58</td></tr><tr><td align="left">CD19<sup>+</sup></td><td align="left">53.06&#x000a0;&#x000b1;&#x000a0;0.36</td><td align="left">50.71&#x000a0;&#x000b1;&#x000a0;2.36</td><td align="left">43.06&#x000a0;&#x000b1;&#x000a0;3.76</td><td align="left">41.13&#x000a0;&#x000b1;&#x000a0;0.71</td></tr><tr><td align="left">CD4<sup>+</sup></td><td align="left">22.88&#x000a0;&#x000b1;&#x000a0;0.10</td><td align="left">24.13&#x000a0;&#x000b1;&#x000a0;0.98</td><td align="left">25.81&#x000a0;&#x000b1;&#x000a0;3.17</td><td align="left">29.20&#x000a0;&#x000b1;&#x000a0;2.10</td></tr><tr><td align="left">CD8<sup>+</sup></td><td align="left">12.97&#x000a0;&#x000b1;&#x000a0;2.00</td><td align="left">10.36&#x000a0;&#x000b1;&#x000a0;1.89</td><td align="left">16.01&#x000a0;&#x000b1;&#x000a0;2.06</td><td align="left">16.36&#x000a0;&#x000b1;&#x000a0;1.86</td></tr></tbody></table></table-wrap><table-wrap id="tbl0010" position="float"><label>Table 2</label><caption><p>Induction of CD4<sup>+</sup> and CD8<sup>+</sup> effector memory cells, stimulation 20&#x000a0;h, <italic>n</italic>&#x000a0;=&#x000a0;2 [percentage of naive and effector memory cells].</p></caption><table frame="hsides" rules="groups"><thead><tr><th/><th/><th align="left">Wt</th><th align="left">PKC&#x003b1;<sup>&#x02212;/&#x02212;</sup></th><th align="left">PKC&#x003b2;<sup>&#x02212;/&#x02212;</sup></th><th align="left">PKC&#x003b1;<sup>&#x02212;/&#x02212;</sup>&#x003b2;<sup>&#x02212;/&#x02212;</sup></th></tr></thead><tbody><tr><td colspan="6" align="left">CD4<sup>+</sup> T cells</td></tr><tr><td align="left">Medium</td><td align="left">Naive cells (CD62L pos.)</td><td align="left">83.58&#x000a0;&#x000b1;&#x000a0;2.49</td><td align="left">83.45&#x000a0;&#x000b1;&#x000a0;2.99</td><td align="left">80.84&#x000a0;&#x000b1;&#x000a0;0.46</td><td align="left">86.92&#x000a0;&#x000b1;&#x000a0;8.74</td></tr><tr><td align="left">Medium</td><td align="left">Effector memory cells (CD62L neg. CD44 pos.)</td><td align="left">15.36&#x000a0;&#x000b1;&#x000a0;6.02</td><td align="left">15.31&#x000a0;&#x000b1;&#x000a0;6.03</td><td align="left">18.37&#x000a0;&#x000b1;&#x000a0;6.84</td><td align="left">12.10&#x000a0;&#x000b1;&#x000a0;4.15</td></tr><tr><td align="left">CD3&#x000a0;+&#x000a0;CD28</td><td align="left">Naive cells (CD62L pos.)</td><td align="left">31.96&#x000a0;&#x000b1;&#x000a0;4.27</td><td align="left">39.39&#x000a0;&#x000b1;&#x000a0;4.26</td><td align="left">33.87&#x000a0;&#x000b1;&#x000a0;4.85</td><td align="left">33.26&#x000a0;&#x000b1;&#x000a0;2.94</td></tr><tr><td align="left">CD3&#x000a0;+&#x000a0;CD28</td><td align="left">Effector memory cells (CD62L neg. CD44 pos.)</td><td align="left">68.33&#x000a0;&#x000b1;&#x000a0;1.97</td><td align="left">60.58&#x000a0;&#x000b1;&#x000a0;2.83</td><td align="left">66.18&#x000a0;&#x000b1;&#x000a0;1.78</td><td align="left">66.52&#x000a0;&#x000b1;&#x000a0;8.88</td></tr><tr><td colspan="6" align="left">&#x02028;&#x02028;</td></tr><tr><td colspan="6" align="left">CD8<sup>+</sup> T cells</td></tr><tr><td align="left">Medium</td><td align="left">Naive cells (CD62L pos.)</td><td align="left">70.87&#x000a0;&#x000b1;&#x000a0;16.44</td><td align="left">70.29&#x000a0;&#x000b1;&#x000a0;10.13</td><td align="left">61.26&#x000a0;&#x000b1;&#x000a0;13.90</td><td align="left">73.10&#x000a0;&#x000b1;&#x000a0;11.66</td></tr><tr><td align="left">Medium</td><td align="left">Effector memory cells (CD62L neg. CD44 pos.)</td><td align="left">26.48&#x000a0;&#x000b1;&#x000a0;17.53</td><td align="left">27.18&#x000a0;&#x000b1;&#x000a0;14.57</td><td align="left">38.21&#x000a0;&#x000b1;&#x000a0;17.10</td><td align="left">25.32&#x000a0;&#x000b1;&#x000a0;12.43</td></tr><tr><td align="left">CD3&#x000a0;+&#x000a0;CD28</td><td align="left">Naive cells (CD62L pos.)</td><td align="left">36.49&#x000a0;&#x000b1;&#x000a0;16.97</td><td align="left">42.71&#x000a0;&#x000b1;&#x000a0;15.68</td><td align="left">35.77&#x000a0;&#x000b1;&#x000a0;18.26</td><td align="left">38.63&#x000a0;&#x000b1;&#x000a0;12.03</td></tr><tr><td align="left">CD3&#x000a0;+&#x000a0;CD28</td><td align="left">Effector memory cells (CD62L neg. CD44 pos.)</td><td align="left">60.63&#x000a0;&#x000b1;&#x000a0;17.87</td><td align="left">52.53&#x000a0;&#x000b1;&#x000a0;12.98</td><td align="left">59.01&#x000a0;&#x000b1;&#x000a0;16.30</td><td align="left">57.51&#x000a0;&#x000b1;&#x000a0;12.67</td></tr></tbody></table></table-wrap></floats-group></article>