<article xmlns:xlink="http://www.w3.org/1999/xlink" xmlns:mml="http://www.w3.org/1998/Math/MathML" article-type="research-article"><?properties open_access?><front><journal-meta><journal-id journal-id-type="nlm-ta">Immunol Lett</journal-id><journal-id journal-id-type="iso-abbrev">Immunol. Lett</journal-id><journal-title-group><journal-title>Immunology Letters</journal-title></journal-title-group><issn pub-type="ppub">0165-2478</issn><issn pub-type="epub">1879-0542</issn><publisher><publisher-name>Elsevier/North-Holland Biomedical Press</publisher-name></publisher></journal-meta><article-meta><article-id pub-id-type="pmid">21756939</article-id><article-id pub-id-type="pmc">3165200</article-id><article-id pub-id-type="publisher-id">IMLET5131</article-id><article-id pub-id-type="doi">10.1016/j.imlet.2011.06.010</article-id><article-categories><subj-group subj-group-type="heading"><subject>Article</subject></subj-group></article-categories><title-group><article-title>The effects of Cyclosporine A and azathioprine on human T cells activated by different costimulatory signals</article-title></title-group><contrib-group><contrib contrib-type="author"><name><surname>Leitner</surname><given-names>Judith</given-names></name><xref rid="aff0005" ref-type="aff">a</xref><xref rid="fn0005" ref-type="fn">1</xref></contrib><contrib contrib-type="author"><name><surname>Drobits</surname><given-names>Karin</given-names></name><xref rid="aff0005" ref-type="aff">a</xref><xref rid="aff0010" ref-type="aff">b</xref><xref rid="fn0005" ref-type="fn">1</xref></contrib><contrib contrib-type="author"><name><surname>Pickl</surname><given-names>Winfried F.</given-names></name><xref rid="aff0005" ref-type="aff">a</xref></contrib><contrib contrib-type="author"><name><surname>Majdic</surname><given-names>Otto</given-names></name><xref rid="aff0005" ref-type="aff">a</xref></contrib><contrib contrib-type="author"><name><surname>Zlabinger</surname><given-names>Gerhard</given-names></name><xref rid="aff0005" ref-type="aff">a</xref></contrib><contrib contrib-type="author"><name><surname>Steinberger</surname><given-names>Peter</given-names></name><email>peter.steinberger@meduniwien.ac.at</email><xref rid="aff0005" ref-type="aff">a</xref><xref rid="cor0005" ref-type="corresp">&#x0204e;</xref></contrib></contrib-group><aff id="aff0005"><label>a</label>Institute of Immunology, Center for Pathophysiology, Infectiology and Immunology, Medical University of Vienna, Borschkegasse 8a, 1090 Vienna, Austria</aff><aff id="aff0010"><label>b</label>FH Campus Vienna, Vienna, Austria</aff><author-notes><corresp id="cor0005"><label>&#x0204e;</label>Corresponding author. Tel.: +43 1 4277 64941; fax: +43 1 4277 9649. <email>peter.steinberger@meduniwien.ac.at</email></corresp><fn id="fn0005"><label>1</label><p>These authors contributed equally to this study.</p></fn></author-notes><pub-date pub-type="pmc-release"><day>30</day><month>10</month><year>2011</year></pub-date><!-- PMC Release delay is 0 months and 0 days and was based on the
							<pub-date pub-type="ppub"/>. --><pub-date pub-type="ppub"><day>30</day><month>10</month><year>2011</year></pub-date><volume>140</volume><issue>1-2</issue><fpage>74</fpage><lpage>80</lpage><history><date date-type="received"><day>25</day><month>1</month><year>2011</year></date><date date-type="rev-recd"><day>19</day><month>5</month><year>2011</year></date><date date-type="accepted"><day>27</day><month>6</month><year>2011</year></date></history><permissions><copyright-statement>&#x000a9; 2011 Elsevier B.V.</copyright-statement><copyright-year>2011</copyright-year><copyright-holder>Elsevier B.V.</copyright-holder><license><license-p>This document may be redistributed and reused, subject to <ext-link ext-link-type="uri" xlink:href="http://www.elsevier.com/wps/find/authorsview.authors/supplementalterms1.0">certain conditions</ext-link>.</license-p></license></permissions><abstract abstract-type="graphical"><title>Highlights</title><p>&#x025ba; We studied the effects of costimulation on the immunosuppressives CsA and Aza. &#x025ba; Human T cells were activated in presence of different costimulatory signals. &#x025ba; CD28 but not signals via CD2, 4-1BB, ICOS or LFA-1 increased the IC<sub>50</sub> for CsA. &#x025ba; The inhibitory effects of Aza were not influenced by T cell costimulatory signals. &#x025ba; This is relevant when combining immunosuppressives with costimulation blockers.</p></abstract><abstract><p>Immunosuppression is an important treatment modality in transplantation and human diseases that are associated with aberrant T cell activation. There are considerable differences regarding the cellular processes targeted by the immunosuppressive drugs that are in clinical use. Drugs like azathioprine (Aza) mainly act by halting proliferation of fast dividing cells, whereas others like cyclosporine A (CsA) specifically target signaling pathways in T cells. Since the outcome of T cell responses critically depends on the quality and strength of costimulatory signals, this study has addressed the interplay between costimulation and the immunosuppressive agents CsA and Aza during the <italic>in vitro</italic> activation of human T cells. We used an experimental system that allows analyzing T cells activated in the presence of selected costimulatory ligands to study T cells stimulated via CD28, CD2, LFA-1, ICOS or 4-1BB. The mean inhibitory concentrations (IC<sub>50</sub>) for Aza and CsA were determined for the proliferation of T cells receiving different costimulatory signals as well as for T cells activated in the absence of costimulation. CD28 signals but not costimulation via CD2, 4-1BB, ICOS or LFA-1 greatly increased the IC<sub>50</sub> for CsA. By contrast, the inhibitory effects of Aza were not influenced by T cell costimulatory signals. Our results might have implications for combining standard immunosuppressive drugs with CTLA-4Ig fusion proteins, which act by blocking CD28 costimulation.</p></abstract><kwd-group><title>Abbreviations</title><kwd>Aza, azathioprine</kwd><kwd>CsA, Cyclosporine A</kwd><kwd>APC, antigen presenting cells</kwd><kwd>IC<sub>50</sub>, mean inhibitory concentration</kwd></kwd-group><kwd-group><title>Keywords</title><kwd>T cell costimulation</kwd><kwd>Immunosuppression</kwd><kwd>Cyclosporine A</kwd><kwd>azathioprine</kwd></kwd-group></article-meta></front><body><sec id="sec0005"><label>1</label><title>Introduction</title><p>T cells have important roles in allograft rejection, graft versus host diseases and autoimmune pathologies. In most cases the clinical management of these conditions requires the extensive use of immunosuppressive agents to control aberrant T cell responses. Such drugs limit and down-modulate T cell activation by targeting different cellular processes. Drugs like azathioprine (Aza) mainly act by halting proliferation of fast dividing cells, whereas others like Cyclosporine A (CsA) more specifically target T cells by interfering with signaling pathways in these cells. Since many different signals can contribute to T cell activation processes, the interplay between such signals and immunosuppressive agents might have differential effects on the outcome of T cell responses. Especially costimulatory signals generated by interaction of antigen presenting cells (APC)-expressed ligands with their T cell-expressed receptors have a crucial role in the efficient activation of T cells that recognize antigen. The interaction of CD80/CD86 with CD28 is generally regarded as the primary T cell costimulatory pathway <xref rid="bib0005" ref-type="bibr">[1]</xref>. However, there are many alternative costimulatory ligand-receptor pairs that potently enhance the proliferation, differentiation and cytokine production of T cells that recognize antigens <xref rid="bib0010 bib0015 bib0020" ref-type="bibr">[2&#x02013;4]</xref>. Among these the CD58 &#x02013; CD2, 4-1BBL &#x02013; 4-1BB, ICOS-L &#x02013; ICOS and CD54 &#x02013; LFA-1 (CD11a/CD18) pathways are well documented to generate strong and consistent costimulatory effects in human T cells <xref rid="bib0010 bib0025" ref-type="bibr">[2,5]</xref>. Costimulatory receptors belong to different molecule-families and consequently they can induce signaling events that are distinct from the pathways induced by CD28 ligation. Previous studies have shown that engagement of the CD28 costimulatory pathway greatly reduces the sensitivity of T cells to the immunosuppressive effect of CsA <xref rid="bib0030 bib0035" ref-type="bibr">[6,7]</xref>. By contrast, it is not known whether triggering alternative costimulatory receptors has similar effects. Furthermore, currently there is limited knowledge how different costimulatory signals affect the immunosuppressive effects of other drugs in clinical use.</p><p>We have previously developed a cellular system termed T cell stimulator cells that allows analyzing the effect of different costimulatory signals on human T cells <xref rid="bib0025 bib0040 bib0045" ref-type="bibr">[5,8,9]</xref>. This system is based on cell lines engineered to express membrane-bound anti-human-CD3 antibody-fragments that trigger the TCR-complex on human T cells upon co-culture. By expressing high levels of human costimulatory ligands of interest on the T cell stimulator cells it is possible to analyze and compare human T cells that receive distinct costimulatory signals. In this study we used T cell stimulator lines expressing CD80, CD58, 4-1BBL, ICOS-L. CD54 and T cell stimulator lines expressing anti-CD3 antibody-fragments but no costimulatory molecules to activate T cells purified from healthy individuals. Using this system we determined the mean inhibitory concentrations (IC<sub>50</sub>) for CsA and Aza for the proliferation of human T cells receiving different costimulatory signals.</p></sec><sec sec-type="materials|methods" id="sec0010"><label>2</label><title>Material and methods</title><sec id="sec0015"><label>2.1</label><title>Antibodies, cell culture and FACS staining</title><p>293T cells and the mouse thymoma cell line Bw5147 (short designation within this work Bw) were cultured as described <xref rid="bib0045" ref-type="bibr">[9]</xref>. The ethical review board of the General Hospital and the Medical University of Vienna approved the human studies performed within this work and informed consent was obtained from the donors. PBMC were isolated from heparinised whole blood of healthy volunteer donors by standard density centrifugation with Ficoll-Paque (Amersham Bioscience, Roosendaal, Netherlands). Untouched human T cells were obtained through depletion of CD11b, CD14, CD16, CD19, CD33 and MHC-class II bearing cells with the respective mAbs by MACS (Miltenyi Biotech, Bergisch Gladbach, Germany). Untouched CD8<sup>+</sup> and CD4<sup>+</sup> T cells were isolated from human T cells using MACS in conjunction with antibodies to CD8 or CD4. The mAbs to CD4 (VIT4), CD8 (VIT8), CD11b (VIM12), CD14 (VIM13), CD33 (4D3), MHC-class II (1/47), CD80 (7-480), CD58 (1-456) and CD54 (5-216) were produced at our Institute. The mAb to CD14 (MEM-18) was purchased from An der Grub (Kaumberg, Austria), CD19 mAb (BU12) from Ancell (Bayport, MN), 4-1BBL from Biolegend (San Diego, CA) and ICOS-L (2D3/B7H2) from BD Pharmingen (Palo Alto, CA). FACS analysis was performed as described previously <xref rid="bib0050" ref-type="bibr">[10]</xref>. Briefly, binding of primary antibodies was detected with PE-conjugated goat-anti-mouse IgG-Fc&#x003b3; specific Abs (Jackson ImmunoResearch, West Grove, PA). Expression of membrane-bound anti-CD3 antibody fragment was detected via APC-conjugated goat-anti-mouse IgG (H&#x000a0;+&#x000a0;L) Abs, which react with the variable regions of murine antibodies (Jackson ImmunoResearch). Fluorescence intensity is shown on a standard logarithmic scale.</p></sec><sec id="sec0020"><label>2.2</label><title>T cell activation in the presence of different costimulatory molecules</title><p>Human T cells (1&#x000a0;&#x000d7;&#x000a0;10<sup>5</sup>/well) were co-cultured for 72&#x000a0;h with irradiated (6000&#x000a0;rad) T cell stimulator cell lines (2&#x000a0;&#x000d7;&#x000a0;10<sup>4</sup>/well) expressing high levels of membrane-bound anti-CD3 antibody-fragments and one of the following costimulatory ligands: CD80, CD58, 4-1BBL, ICOS-L, CD54 or control T cell stimulator cells expressing anti-CD3 but no human costimulatory molecules as described <xref rid="bib0025" ref-type="bibr">[5]</xref>. In some experiments 5&#x000a0;&#x000d7;&#x000a0;10<sup>4</sup>/well T cell stimulator cells were used. Cyclosporine A (CsA; Sandimmun&#x000ae;, Novartis Pharma, Basel, Swiss) and azathioprine (Aza; Imurek&#x000ae;, GlaxoSmithKline, Greenford, GB) were added at the indicated final concentrations. To assess T cell proliferation methyl-<sup>3</sup>[H]-thymidine (final concentration: 0.025&#x000a0;mCi; Perkin Elmer/New England Nuclear Coorporation, Wellesley, MA) was added for the last 18&#x000a0;h prior harvesting of the cells. Methyl-<sup>3</sup>[H]-thymidine uptake was measured as described <xref rid="bib0040" ref-type="bibr">[8]</xref>. All T cell proliferation assays were done in triplicates, means and SD are shown.</p></sec><sec id="sec0025"><label>2.3</label><title>Cytokine measurement</title><p>For cytokine measurement supernatants of T cell activation assays were collected after 48&#x000a0;h and pooled from triplicate wells. IFN-&#x003b3;, IL-2, IL-10 and IL-13 were measured in the supernatants using the Luminex System 100 (Luminex, Texas, USA).</p></sec><sec id="sec0030"><label>2.4</label><title>Statistical analyses</title><p>The half maximal inhibitory concentrations (IC<sub>50</sub>) for CsA and Aza were calculated for each experiment by blotting the percentage of proliferation (methyl-<sup>3</sup>[H]-thymidine uptake in the presence of inhibitor&#x000a0;&#x000d7;&#x000a0;100/methyl-<sup>3</sup>[H]-thymidine uptake without inhibitor) against the log concentration of the immunosuppressive drug (mg/ml) using Graph-pad PRISM. Differences between the IC<sub>50</sub> values for CsA and Aza of T cells stimulated in presence of different costimulatory ligands were calculated using ANOVA for repeated measures. IMB<sup>&#x000ae;</sup> SPSS statistics software was used for analysis and generation of Box plot graphs. Values of <italic>p</italic>&#x000a0;&#x02264;&#x000a0;0.05 were considered statistically significant.</p></sec></sec><sec id="sec0035"><label>3</label><title>Results</title><sec id="sec0040"><label>3.1</label><title>T cell proliferation in the presence of different costimulatory ligands</title><p>We have previously generated a cellular system called T cell stimulator cells that allows for analysing T cells receiving distinct costimulatory signals <xref rid="bib0025" ref-type="bibr">[5]</xref>. This system is based on Bw cells, a murine thymoma line, that has been engineered to express membrane-bound anti-CD3 antibody-fragments and can thus generate &#x0201c;Signal 1&#x0201d; in human T cells by triggering their TCR-complex. By co-expressing human costimulatory ligands on these stimulator cells their contribution to T cell activation processes can readily be studied. Importantly, with this system we can analyze the net effects of individual costimulatory ligands in the absence of other accessory molecules that also regulate T cell activation on human APC.</p><p>For this study we have generated and used T cell stimulator lines expressing CD80, CD58, 4-1BBL, ICOS-L, CD54 and control stimulator cells expressing anti-CD3 antibodies but no costimulatory molecules. Those molecules were chosen, because their role as costimulatory molecules is well described and moreover they represent different molecule families. Flow cytometric analysis of the resulting T cell stimulator lines demonstrate similar amounts of membrane-bound anti-CD3 and high expression levels of the respective costimulatory ligands (<xref rid="fig0005" ref-type="fig">Fig. 1</xref>). In <xref rid="fig0010" ref-type="fig">Fig. 2</xref> the proliferative response of T cells stimulated with T cell stimulator lines expressing the indicated costimulatory molecules or with T cell stimulator cells expressing no costimulatory molecule is shown. The costimulatory molecules tested in these experiments differed in their potency to induce proliferation. Importantly, all T cell stimulator cells harbouring costimulatory ligands induced a stronger proliferation of T cells than the control T cell stimulator cell line expressing no human costimulatory molecules (<xref rid="fig0010" ref-type="fig">Fig. 2</xref>).</p></sec><sec id="sec0045"><label>3.2</label><title>Impact of Cyclosporine A and azathioprine on human T cell proliferation acting via different costimulatory ligands</title><p>We have previously demonstrated that our system of T cell stimulator cells is an excellent tool to study the influence of immunmodulatory drugs on T cell activation <xref rid="bib0025 bib0055" ref-type="bibr">[5,11]</xref>.In this study we addressed whether different costimulatory signals can influence the ability of the immunosuppressive drugs CsA and Aza to inhibit human T cell proliferation. T cell stimulator cells expressing high levels of anti-CD3 in conjunction with CD80, CD58, 4-1BBL, ICOS-L, CD54 as well as T cell stimulator cells expressing no costimulatory molecules were co-cultured with human T cells in the presence of different concentrations of CsA and Aza. As shown in <xref rid="fig0015" ref-type="fig">Fig. 3</xref>A, CsA and Aza led to a dose-dependent inhibition of T cell proliferation. Importantly, the sensitivity of CD28 costimulated T cells to the anti-proliferative effects of CsA was dramatically reduced. Furthermore, a strongly impaired immunosuppressive effect of CsA on CD28 costimulated T cells was also observed when analyzing the cytokine content of the culture supernatants: CsA concentrations of 100&#x000a0;ng/ml completely blocked IFN-&#x003b3; production in T cells activated in the absence of CD28 signals, but had little effect on CD28 costimulated T cells (<xref rid="fig0015" ref-type="fig">Fig. 3</xref>B). Only T cells costimulated via CD28 or CD2 produced significant amounts of IL-10, while IL-4 and IL-2 were only measured upon CD28 costimulation. CsA was also much less effective to inhibit the production of these cytokines when T cells received CD28 signals (supplementary <xref rid="fig0005" ref-type="fig">Fig. 1</xref>, and data not shown). We also performed experiments with purified CD4 and CD8 T cells from the same donors and found that CD28 costimulation strongly reduced the anti-proliferative effect of CsA in both subsets (<xref rid="sec0070" ref-type="sec">supplementary Fig. 2</xref>). In contrast, the T cell-inhibitory effects of Aza were not modulated by costimulatory signals (<xref rid="fig0015" ref-type="fig">Fig. 3</xref>A).</p></sec><sec id="sec0050"><label>3.3</label><title>IC<sub>50</sub> values of CsA depend on the costimulatory signal</title><p>The half maximal inhibitory concentration (IC<sub>50</sub>) for CsA and Aza were calculated from dose-inhibition curves for T cells activated in the presence of T cell stimulator cells expressing the indicated costimulatory ligands. Representative dose-inhibition curves for each costimulatory molecule are shown in <xref rid="fig0020" ref-type="fig">Fig. 4</xref>.</p><p>Cumulative results of the IC<sub>50</sub> values obtained with T cells from 10 healthy donors are shown in <xref rid="fig0025" ref-type="fig">Fig. 5</xref>. In the case of CsA the median half maximal inhibitory concentration for T cells stimulated via CD28 compared to T cells receiving no costimulatory signal was increased more than 10000-fold (median IC<sub>50</sub> values 4&#x000a0;&#x003bc;g/ml versus 0.37&#x000a0;ng/ml; <italic>p</italic>&#x000a0;&#x02264;&#x000a0;0.05, <italic>n</italic>&#x000a0;=&#x000a0;10). Importantly, our results clearly demonstrate that decreased sensitivity to the immunosuppressive effects of CsA is an unique property of CD28 signals, since T cells stimulated via alternative pathways were inhibited by CsA to the same extent as T cells receiving no costimulatory signals (<xref rid="fig0025" ref-type="fig">Fig. 5</xref>A).</p><p>To investigate the differential effects of CsA on CD28 signals and signals generated by alternative costimulators in more detail we used CD58 expressing stimulator cells, which induced the highest proliferation and cytokine production in human T cells besides CD80. We performed experiments where higher numbers of CD58 expressing stimulator cells were used to stimulate human T cells (50,000 instead of 20,000&#x000a0;cells/well). Under these conditions human T cells proliferated more compared to T cells stimulated with 20,000 CD80 expressing stimulator cells. However, the use of higher numbers of CD58-expressing stimulator cells only led to a slight increase of the IC<sub>50</sub> value for CsA. These results clearly indicate that differences in CsA responsiveness in T cells receiving CD28 or alternative costimulatory signals are qualitative rather than quantitative (<xref rid="sec0070" ref-type="sec">supplementary Fig. 3</xref>).</p><p>Furthermore, statistical analysis of our data clearly showed that CD28 signals are completely ineffective in reducing Aza mediated T cell suppression and the IC<sub>50</sub> values obtained for this drug were not influenced by any of the costimulatory signals investigated in this study (<xref rid="fig0025" ref-type="fig">Fig. 5</xref>B).</p></sec></sec><sec id="sec0055"><label>4</label><title>Discussion</title><p>CD28 is generally regarded as the primary and most potent costimulatory receptor on T cells and consequently many studies have investigated how CD28 signals contribute to T cell activation and differentiation processes. Several earlier studies have demonstrated that CD28 triggering greatly reduces the inhibitory effects of CsA on the proliferation and cytokine production of human T cells <xref rid="bib0030 bib0035" ref-type="bibr">[6,7]</xref>. However, triggering of numerous alternative receptors can generate potent costimulatory signals in T cells and animal studies demonstrate that productive immune responses occur in the absence of CD28 signals <xref rid="bib0060 bib0065" ref-type="bibr">[12,13]</xref>. Our study is the first to address whether alternative costimulatory signals can also interfere with CsA-mediated T cell suppression. Since activated APC express a plethora of accessory molecules, it is difficult to study the role of distinct costimulatory pathways in T cells stimulated by natural APC. We thus relied on a previously described cellular system, which allows studying human T cells that were activated in presence of individual costimulatory ligands of choice <xref rid="bib0025 bib0045 bib0050" ref-type="bibr">[5,9,10]</xref>.</p><p>Our results clearly show that decreased sensitivity to the anti-proliferative effects of CsA is a unique feature of CD28 signals, since it was not observed with T cells activated by alternative costimulatory pathways. Although CD28 costimulation induced the strongest proliferative response we suggest that this is a qualitative effect. In support for this hypothesis we observed that IC<sub>50</sub> values obtained for CD2 costimulated T cells, which also had very strong proliferative responses, were even slightly lower than those obtained for T cells stimulated via ICOS, which induced much less T cell proliferation and cytokine production (<xref rid="fig0010 fig0025" ref-type="fig">Figs. 2 and 5</xref> and data not shown). Furthermore, we demonstrate that even under conditions where non-CD28 costimulation induced higher proliferative responses than CD28 costimulation, the dramatic differences in the IC<sub>50</sub> values for CsA are not significantly affected (<xref rid="sec0070" ref-type="sec">supplementary Fig. 3</xref>). We have recently shown that Efalizumab, a CD11a antibody, acts as a very potent inhibitor of T cell activation and that presence of CD28 costimulation is able to completely override the T cell inhibitory effects of this therapeutic antibody. Interestingly this effect was also observed with CD2 costimulation whereas ICOS, LFA-1 or 4-1BB signals were completely ineffective in reverting Efalizumab effects <xref rid="bib0055" ref-type="bibr">[11]</xref>. This indicates that T cell costimulatory signals have distinct qualities and thus can have unique abilities to interfere with immunosuppressive and immunomodulatory drugs.</p><p>CsA acts by forming a complex with immunophilin, which inhibits the Ca<sup>2+</sup>/calmodulin-dependent serine-threonine phosphatase calcineurin. Inactive calcineurin is unable to activate the nuclear factor of activated T cells (NFAT). Previous work by Ghosh et al. has demonstrated that NFAT can be activated in a CsA-resistant pathway that is independent of calcineurin <xref rid="bib0070" ref-type="bibr">[14]</xref>. Furthermore, the authors showed that this pathway is induced via CD28, which would explain why CsA inhibition of calcineurin signaling can be overcome by CD28 costimulation. The exact mechanisms for this phenomenon have not been defined, but okadaic acid sensitive serine/threonine phosphatases have been demonstrated to mediate CsA-resistant transactivation of the IL-2 promotor presumably by targeting NFAT <xref rid="bib0075 bib0080" ref-type="bibr">[15,16]</xref>.</p><p>Importantly, our data demonstrate that CD28 costimulation does not result in a general insensitivity to immunosuppressive agents, since Aza reduced the proliferation of T cells stimulated via CD28 or alternative costimulatory molecules to a similar extent.</p><p>Successful clinical trials established CD28 costimulation blockade mediated by the CTLA-4Ig derivative Belatacept as emerging treatment modality to prevent acute rejection and protect renal function in kidney transplant recipients <xref rid="bib0085 bib0090 bib0095" ref-type="bibr">[17&#x02013;19]</xref>. The results of our study suggest synergistic effects during the combined use of CTLA-4Ig and CsA, which target CD28 and alternative costimulatory pathways, respectively. In standard immunosuppressive regimen high doses of CsA might be required to overcome the low effectivity of this drug to block the activation of T cells through the CD28 pathway. Since very low concentrations of CsA are sufficient to inhibit T cells that do not receive CD28 signals, upon CD28 blockade the adverse effects of CsA could be largely avoided by administering this drug at greatly reduced doses. Current treatment regimen-in renal graft recipients aim to achieve CsA-plasma levels of 40&#x02013;250&#x000a0;ng/ml. Based on the results of our <italic>in vitro</italic> experiments these concentrations are 100 times higher than the median IC<sub>50</sub> values determined for human T cells activated in the absence of CD28 costimulation, which ranged from 0.6&#x000a0;ng/ml to 0.2&#x000a0;ng/ml. Moreover, these concentrations are clearly insufficient to inhibit T cells that receive strong costimulation via CD28 as their IC<sub>50</sub> value was found to be in the &#x003bc;g-range (<xref rid="fig0025" ref-type="fig">Fig. 5</xref>A). Importantly, such synergistic effects cannot be expected when CTLA-4Ig is combined with Aza and possibly other immunosuppressive agents, which halt the proliferation of T cells regardless of the costimulatory signals they receive.</p><p>In some experimental transplant models the administration of CTLA-4Ig was suggested to induce tolerance and promoted long term survival <xref rid="bib0100 bib0105" ref-type="bibr">[20,21]</xref>. There are studies that found concomitant use of CsA to be detrimental to tolerance induction since it prevented activation-induced cell death (AICD) of effector T cells <xref rid="bib0110 bib0115 bib0120 bib0125" ref-type="bibr">[22&#x02013;25]</xref>. However, in these studies high concentrations of CsA were used. Moreover, other studies have not observed impairment of long-term graft survival by combined treatment with CTLA-4Ig and CsA <xref rid="bib0130" ref-type="bibr">[26]</xref> and additive effects of CTLA-4Ig and CsA were also described <xref rid="bib0135 bib0140" ref-type="bibr">[27,28]</xref>.</p><p>In non-human primate models CTLA-4Ig has not been shown to induce indefinite graft survival or tolerance <xref rid="bib0145 bib0150" ref-type="bibr">[29,30]</xref>, which might be due to an important role of CD28 independent T cell activation pathways. In human or primate T cells, the CD58-CD2 interaction functions as a second major T cell activation axis that is much more potent than other non-CD28 costimulators <xref rid="bib0010 bib0025 bib0155 bib0160 bib0165" ref-type="bibr">[2,5,31&#x02013;33]</xref>. This pathway is not operative in murine T cells, since mice lack CD58. Furthermore, following chronic stimulation human but not murine CD8<sup>+</sup> T cells loose CD28 expression and thus become dependent on alternative costimulatory pathways for activation <xref rid="bib0170" ref-type="bibr">[34]</xref>. Therefore, in humans and primates alternative costimulatory pathways are likely to have more important contributions to T cell activation processes than in rodents and consequently the efficacy of immunosuppressive drugs in blocking human T cells activated by such signals is of high interest.</p></sec><sec id="sec0060"><label>5</label><title>Conclusion</title><p>The efficacy of immunosuppressive drugs in blocking human T cells, activated by different costimulatory signals, is of high interest especially under conditions where standard immunosuppressive drugs are co-administered with agents that specifically block selected costimulatory pathways. The interplay between costimulatory molecules and immunosuppressive agents should be considered when combining these drugs with costimulation blockers.</p></sec></body><back><ref-list><title>References</title><ref id="bib0005"><label>1</label><element-citation publication-type="journal"><person-group person-group-type="author"><name><surname>Sharpe</surname><given-names>A.H.</given-names></name><name><surname>Freeman</surname><given-names>G.J.</given-names></name></person-group><article-title>The B7-CD28 superfamily</article-title><source>Nat Rev Immunol</source><volume>2</volume><year>2002</year><fpage>116</fpage><lpage>126</lpage><pub-id pub-id-type="pmid">11910893</pub-id></element-citation></ref><ref id="bib0010"><label>2</label><element-citation publication-type="journal"><person-group person-group-type="author"><name><surname>Leitner</surname><given-names>J.</given-names></name><name><surname>Grabmeier-Pfistershammer</surname><given-names>K.</given-names></name><name><surname>Steinberger</surname><given-names>P.</given-names></name></person-group><article-title>Receptors and ligands implicated in human T cell costimulatory processes</article-title><source>Immunol Lett</source><volume>128</volume><year>2010</year><fpage>89</fpage><lpage>97</lpage><pub-id pub-id-type="pmid">19941899</pub-id></element-citation></ref><ref id="bib0015"><label>3</label><element-citation publication-type="journal"><person-group person-group-type="author"><name><surname>Greenwald</surname><given-names>R.J.</given-names></name><name><surname>Freeman</surname><given-names>G.J.</given-names></name><name><surname>Sharpe</surname><given-names>A.H.</given-names></name></person-group><article-title>The B7 family revisited</article-title><source>Annu Rev Immunol</source><volume>23</volume><year>2005</year><fpage>515</fpage><lpage>548</lpage><pub-id pub-id-type="pmid">15771580</pub-id></element-citation></ref><ref id="bib0020"><label>4</label><element-citation publication-type="journal"><person-group person-group-type="author"><name><surname>Watts</surname><given-names>T.H.</given-names></name></person-group><article-title>TNF/TNFR family members in costimulation of T cell responses</article-title><source>Annu Rev Immunol</source><volume>23</volume><year>2005</year><fpage>23</fpage><lpage>68</lpage><pub-id pub-id-type="pmid">15771565</pub-id></element-citation></ref><ref id="bib0025"><label>5</label><element-citation publication-type="journal"><person-group person-group-type="author"><name><surname>Leitner</surname><given-names>J.</given-names></name><name><surname>Kuschei</surname><given-names>W.</given-names></name><name><surname>Grabmeier-Pfistershammer</surname><given-names>K.</given-names></name><name><surname>Woitek</surname><given-names>R.</given-names></name><name><surname>Kriehuber</surname><given-names>E.</given-names></name><name><surname>Majdic</surname><given-names>O.</given-names></name></person-group><article-title>T cell stimulator cells, an efficient and versatile cellular system to assess the role of costimulatory ligands in the activation of human T cells</article-title><source>J Immunol Methods</source><volume>362</volume><year>2010</year><fpage>131</fpage><lpage>141</lpage><pub-id pub-id-type="pmid">20858499</pub-id></element-citation></ref><ref id="bib0030"><label>6</label><element-citation publication-type="journal"><person-group person-group-type="author"><name><surname>June</surname><given-names>C.H</given-names></name><name><surname>Ledbetter</surname><given-names>J.A.</given-names></name><name><surname>Gillespie</surname><given-names>M.M.</given-names></name><name><surname>Lindsten</surname><given-names>T.</given-names></name><name><surname>Thompson</surname><given-names>C.B.</given-names></name></person-group><article-title>T-cell proliferation involving the CD28 pathway is associated with cyclosporine-resistant interleukin 2 gene expression</article-title><source>Mol Cell Biol</source><volume>7</volume><year>1987</year><fpage>4472</fpage><lpage>4481</lpage><pub-id pub-id-type="pmid">2830495</pub-id></element-citation></ref><ref id="bib0035"><label>7</label><element-citation publication-type="journal"><person-group person-group-type="author"><name><surname>Thompson</surname><given-names>C.B.</given-names></name><name><surname>Lindsten</surname><given-names>T.</given-names></name><name><surname>Ledbetter</surname><given-names>J.A.</given-names></name><name><surname>Kunkel</surname><given-names>S.L.</given-names></name><name><surname>Young</surname><given-names>H.A.</given-names></name><name><surname>Emerson</surname><given-names>S.G.</given-names></name></person-group><article-title>CD28 activation pathway regulates the production of multiple T-cell-derived lymphokines/cytokines</article-title><source>Proc Natl Acad Sci U S A</source><volume>86</volume><year>1989</year><fpage>1333</fpage><lpage>1337</lpage><pub-id pub-id-type="pmid">2465550</pub-id></element-citation></ref><ref id="bib0040"><label>8</label><element-citation publication-type="journal"><person-group person-group-type="author"><name><surname>Kober</surname><given-names>J.</given-names></name><name><surname>Leitner</surname><given-names>J.</given-names></name><name><surname>Klauser</surname><given-names>C.</given-names></name><name><surname>Woitek</surname><given-names>R.</given-names></name><name><surname>Majdic</surname><given-names>O.</given-names></name><name><surname>Stockl</surname><given-names>J.</given-names></name></person-group><article-title>The capacity of the TNF family members 4-1BBL, OX40L, CD70, GITRL, CD30L and LIGHT to costimulate human T cells</article-title><source>Eur J Immunol</source><volume>38</volume><year>2008</year><fpage>2678</fpage><lpage>2688</lpage><pub-id pub-id-type="pmid">18825741</pub-id></element-citation></ref><ref id="bib0045"><label>9</label><element-citation publication-type="journal"><person-group person-group-type="author"><name><surname>Pfistershammer</surname><given-names>K.</given-names></name><name><surname>Klauser</surname><given-names>C.</given-names></name><name><surname>Pickl</surname><given-names>W.F.</given-names></name><name><surname>Stockl</surname><given-names>J.</given-names></name><name><surname>Leitner</surname><given-names>J.</given-names></name><name><surname>Zlabinger</surname><given-names>G.</given-names></name></person-group><article-title>No evidence for dualism in function and receptors: PD-L2/B7-DC is an inhibitory regulator of human T cell activation</article-title><source>Eur J Immunol</source><volume>36</volume><year>2006</year><fpage>1104</fpage><lpage>1113</lpage><pub-id pub-id-type="pmid">16598819</pub-id></element-citation></ref><ref id="bib0050"><label>10</label><element-citation publication-type="journal"><person-group person-group-type="author"><name><surname>Leitner</surname><given-names>J.</given-names></name><name><surname>Klauser</surname><given-names>C.</given-names></name><name><surname>Pickl</surname><given-names>W.F.</given-names></name><name><surname>Stockl</surname><given-names>J.</given-names></name><name><surname>Majdic</surname><given-names>O.</given-names></name><name><surname>Bardet</surname><given-names>A.F.</given-names></name></person-group><article-title>B7-H3 is a potent inhibitor of human T-cell activation: No evidence for B7-H3 and TREML2 interaction</article-title><source>Eur J Immunol</source><volume>39</volume><year>2009</year><fpage>1754</fpage><lpage>1764</lpage><pub-id pub-id-type="pmid">19544488</pub-id></element-citation></ref><ref id="bib0055"><label>11</label><element-citation publication-type="journal"><person-group person-group-type="author"><name><surname>Kuschei</surname><given-names>W.</given-names></name><name><surname>Leitner</surname><given-names>J.</given-names></name><name><surname>Majdic</surname><given-names>O.</given-names></name><name><surname>Pickl</surname><given-names>W.F.</given-names></name><name><surname>Zlabinger</surname><given-names>G.</given-names></name><name><surname>Grabmeier-Pfistershammer</surname><given-names>K.</given-names></name></person-group><article-title>Costimulatory signals potently modulate the T cell inhibitory capacity of the therapeutic CD11a antibody Efalizumab</article-title><source>Clin Immunol</source><volume>139</volume><year>2011</year><fpage>199</fpage><lpage>207</lpage><pub-id pub-id-type="pmid">21414849</pub-id></element-citation></ref><ref id="bib0060"><label>12</label><element-citation publication-type="journal"><person-group person-group-type="author"><name><surname>Shahinian</surname><given-names>A.</given-names></name><name><surname>Pfeffer</surname><given-names>K.</given-names></name><name><surname>Lee</surname><given-names>K.P.</given-names></name><name><surname>Kundig</surname><given-names>T.M.</given-names></name><name><surname>Kishihara</surname><given-names>K.</given-names></name><name><surname>Wakeham</surname><given-names>A.</given-names></name></person-group><article-title>Differential T cell costimulatory requirements in CD28-deficient mice</article-title><source>Science</source><volume>261</volume><year>1993</year><fpage>609</fpage><lpage>612</lpage><pub-id pub-id-type="pmid">7688139</pub-id></element-citation></ref><ref id="bib0065"><label>13</label><element-citation publication-type="journal"><person-group person-group-type="author"><name><surname>Cassell</surname><given-names>D.J.</given-names></name></person-group><article-title>Validity of the two-signal model for activation of CD28-deficient T lymphocytes: quantitative characterization of an alternative costimulatory function of dendritic cells</article-title><source>Scand J Immunol</source><volume>53</volume><year>2001</year><fpage>346</fpage><lpage>356</lpage><pub-id pub-id-type="pmid">11285114</pub-id></element-citation></ref><ref id="bib0070"><label>14</label><element-citation publication-type="journal"><person-group person-group-type="author"><name><surname>Ghosh</surname><given-names>P.</given-names></name><name><surname>Sica</surname><given-names>A.</given-names></name><name><surname>Cippitelli</surname><given-names>M.</given-names></name><name><surname>Subleski</surname><given-names>J.</given-names></name><name><surname>Lahesmaa</surname><given-names>R.</given-names></name><name><surname>Young</surname><given-names>H.A.</given-names></name></person-group><article-title>Activation of nuclear factor of activated T cells in a cyclosporin A-resistant pathway</article-title><source>J Biol Chem</source><volume>271</volume><year>1996</year><fpage>7700</fpage><lpage>7704</lpage><pub-id pub-id-type="pmid">8631809</pub-id></element-citation></ref><ref id="bib0075"><label>15</label><element-citation publication-type="journal"><person-group person-group-type="author"><name><surname>Nebl</surname><given-names>G.</given-names></name><name><surname>Meuer</surname><given-names>S.C.</given-names></name><name><surname>Samstag</surname><given-names>Y.</given-names></name></person-group><article-title>Cyclosporin A-resistant transactivation of the IL-2 promoter requires activity of okadaic acid-sensitive serine/threonine phosphatases</article-title><source>J Immunol</source><volume>161</volume><year>1998</year><fpage>1803</fpage><lpage>1810</lpage><pub-id pub-id-type="pmid">9712047</pub-id></element-citation></ref><ref id="bib0080"><label>16</label><element-citation publication-type="journal"><person-group person-group-type="author"><name><surname>Murphy</surname><given-names>L.L.</given-names></name><name><surname>Hughes</surname><given-names>C.C.</given-names></name></person-group><article-title>Endothelial cells stimulate T cell NFAT nuclear translocation in the presence of cyclosporin A: involvement of the wnt/glycogen synthase kinase-3 beta pathway</article-title><source>J Immunol</source><volume>169</volume><year>2002</year><fpage>3717</fpage><lpage>3725</lpage><pub-id pub-id-type="pmid">12244165</pub-id></element-citation></ref><ref id="bib0085"><label>17</label><element-citation publication-type="journal"><person-group person-group-type="author"><name><surname>Larsen</surname><given-names>C.P.</given-names></name><name><surname>Grinyo</surname><given-names>J.</given-names></name><name><surname>Medina-Pestana</surname><given-names>J.</given-names></name><name><surname>Vanrenterghem</surname><given-names>Y.</given-names></name><name><surname>Vincenti</surname><given-names>F.</given-names></name><name><surname>Breshahan</surname><given-names>B.</given-names></name></person-group><article-title>Belatacept-Based Regimens Versus a Cyclosporine A-Based Regimen in Kidney Transplant Recipients: 2-Year Results From the BENEFIT and BENEFIT-EXT Studies</article-title><source>Transplantation</source><volume>90</volume><year>2010</year><fpage>1528</fpage><lpage>1535</lpage><pub-id pub-id-type="pmid">21076381</pub-id></element-citation></ref><ref id="bib0090"><label>18</label><element-citation publication-type="journal"><person-group person-group-type="author"><name><surname>Rostaing</surname><given-names>L.</given-names></name><name><surname>Massari</surname><given-names>P.</given-names></name><name><surname>Garcia</surname><given-names>V.D.</given-names></name><name><surname>Mancilla-Urrea</surname><given-names>E.</given-names></name><name><surname>Nainan</surname><given-names>G.</given-names></name><name><surname>Rial</surname><given-names>M.D.</given-names></name></person-group><article-title>Switching from Calcineurin Inhibitor-based Regimens to a Belatacept-based Regimen in Renal Transplant Recipients: A Randomized Phase II Study</article-title><source>Clin J Am Soc Nephrol</source><volume>6</volume><year>2011</year><fpage>430</fpage><lpage>439</lpage><pub-id pub-id-type="pmid">21051752</pub-id></element-citation></ref><ref id="bib0095"><label>19</label><element-citation publication-type="journal"><person-group person-group-type="author"><name><surname>Vincenti</surname><given-names>F.</given-names></name><name><surname>Blancho</surname><given-names>G.</given-names></name><name><surname>Durrbach</surname><given-names>A.</given-names></name><name><surname>Friend</surname><given-names>P.</given-names></name><name><surname>Grinyo</surname><given-names>J.</given-names></name><name><surname>Halloran</surname><given-names>P.F.</given-names></name></person-group><article-title>Five-year safety and efficacy of belatacept in renal transplantation</article-title><source>J Am Soc Nephrol</source><volume>21</volume><year>2010</year><fpage>1587</fpage><lpage>1596</lpage><pub-id pub-id-type="pmid">20634298</pub-id></element-citation></ref><ref id="bib0100"><label>20</label><element-citation publication-type="journal"><person-group person-group-type="author"><name><surname>Lenschow</surname><given-names>D.J.</given-names></name><name><surname>Zeng</surname><given-names>Y.</given-names></name><name><surname>Thistlethwaite</surname><given-names>J.R.</given-names></name><name><surname>Montag</surname><given-names>A.</given-names></name><name><surname>Brady</surname><given-names>W.</given-names></name><name><surname>Gibson</surname><given-names>M.G.</given-names></name></person-group><article-title>Long-term survival of xenogeneic pancreatic islet grafts induced by CTLA4lg</article-title><source>Science</source><volume>257</volume><year>1992</year><fpage>789</fpage><lpage>792</lpage><pub-id pub-id-type="pmid">1323143</pub-id></element-citation></ref><ref id="bib0105"><label>21</label><element-citation publication-type="journal"><person-group person-group-type="author"><name><surname>Wekerle</surname><given-names>T.</given-names></name><name><surname>Sayegh</surname><given-names>M.H.</given-names></name><name><surname>Ito</surname><given-names>H.</given-names></name><name><surname>Hill</surname><given-names>J.</given-names></name><name><surname>Chandraker</surname><given-names>A.</given-names></name><name><surname>Pearson</surname><given-names>D.A.</given-names></name></person-group><article-title>Anti-CD154 or CTLA4Ig obviates the need for thymic irradiation in a non-myeloablative conditioning regimen for the induction of mixed hematopoietic chimerism and tolerance</article-title><source>Transplantation</source><volume>68</volume><year>1999</year><fpage>1348</fpage><lpage>1355</lpage><pub-id pub-id-type="pmid">10573075</pub-id></element-citation></ref><ref id="bib0110"><label>22</label><element-citation publication-type="journal"><person-group person-group-type="author"><name><surname>Larsen</surname><given-names>C.P.</given-names></name><name><surname>Elwood</surname><given-names>E.T.</given-names></name><name><surname>Alexander</surname><given-names>D.Z.</given-names></name><name><surname>Ritchie</surname><given-names>S.C.</given-names></name><name><surname>Hendrix</surname><given-names>R.</given-names></name><name><surname>Tucker-Burden</surname><given-names>C.</given-names></name></person-group><article-title>Long-term acceptance of skin and cardiac allografts after blocking CD40 and CD28 pathways</article-title><source>Nature</source><volume>381</volume><year>1996</year><fpage>434</fpage><lpage>438</lpage><pub-id pub-id-type="pmid">8632801</pub-id></element-citation></ref><ref id="bib0115"><label>23</label><element-citation publication-type="journal"><person-group person-group-type="author"><name><surname>Li</surname><given-names>Y.</given-names></name><name><surname>Zheng</surname><given-names>X.X.</given-names></name><name><surname>Li</surname><given-names>X.C.</given-names></name><name><surname>Zand</surname><given-names>M.S.</given-names></name><name><surname>Strom</surname><given-names>T.B.</given-names></name></person-group><article-title>Combined costimulation blockade plus rapamycin but not cyclosporine produces permanent engraftment</article-title><source>Transplantation</source><volume>66</volume><year>1998</year><fpage>1387</fpage><lpage>1388</lpage><pub-id pub-id-type="pmid">9846527</pub-id></element-citation></ref><ref id="bib0120"><label>24</label><element-citation publication-type="journal"><person-group person-group-type="author"><name><surname>Li</surname><given-names>Y.</given-names></name><name><surname>Li</surname><given-names>X.C.</given-names></name><name><surname>Zheng</surname><given-names>X.X.</given-names></name><name><surname>Wells</surname><given-names>A.D.</given-names></name><name><surname>Turka</surname><given-names>L.A.</given-names></name><name><surname>Strom</surname><given-names>T.B.</given-names></name></person-group><article-title>Blocking both signal 1 and signal 2 of T-cell activation prevents apoptosis of alloreactive T cells and induction of peripheral allograft tolerance</article-title><source>Nat Med</source><volume>5</volume><year>1999</year><fpage>1298</fpage><lpage>1302</lpage><pub-id pub-id-type="pmid">10545997</pub-id></element-citation></ref><ref id="bib0125"><label>25</label><element-citation publication-type="journal"><person-group person-group-type="author"><name><surname>Gao</surname><given-names>W.</given-names></name><name><surname>Lu</surname><given-names>Y.</given-names></name><name><surname>El Essawy</surname><given-names>B.</given-names></name><name><surname>Oukka</surname><given-names>M.</given-names></name><name><surname>Kuchroo</surname><given-names>V.K.</given-names></name><name><surname>Strom</surname><given-names>T.B.</given-names></name></person-group><article-title>Contrasting effects of cyclosporine and rapamycin in de novo generation of alloantigen-specific regulatory T cells</article-title><source>Am J Transplant</source><volume>7</volume><year>2007</year><fpage>1722</fpage><lpage>1732</lpage><pub-id pub-id-type="pmid">17511761</pub-id></element-citation></ref><ref id="bib0130"><label>26</label><element-citation publication-type="journal"><person-group person-group-type="author"><name><surname>Sho</surname><given-names>M.</given-names></name><name><surname>Sandner</surname><given-names>S.E.</given-names></name><name><surname>Najafian</surname><given-names>N.</given-names></name><name><surname>Salama</surname><given-names>A.D.</given-names></name><name><surname>Dong</surname><given-names>V.</given-names></name><name><surname>Yamada</surname><given-names>A.</given-names></name></person-group><article-title>New insights into the interactions between T-cell costimulatory blockade and conventional immunosuppressive drugs</article-title><source>Ann Surg</source><volume>236</volume><year>2002</year><fpage>667</fpage><lpage>675</lpage><pub-id pub-id-type="pmid">12409674</pub-id></element-citation></ref><ref id="bib0135"><label>27</label><element-citation publication-type="journal"><person-group person-group-type="author"><name><surname>Hale</surname><given-names>D.A.</given-names></name><name><surname>Gottschalk</surname><given-names>R.</given-names></name><name><surname>Maki</surname><given-names>T.</given-names></name><name><surname>Monaco</surname><given-names>A.P.</given-names></name></person-group><article-title>Use of CTLA4-Ig in combination with conventional immunosuppressive agents to prolong allograft survival</article-title><source>Transplantation</source><volume>64</volume><year>1997</year><fpage>897</fpage><lpage>900</lpage><pub-id pub-id-type="pmid">9326417</pub-id></element-citation></ref><ref id="bib0140"><label>28</label><element-citation publication-type="journal"><person-group person-group-type="author"><name><surname>Bolling</surname><given-names>S.F.</given-names></name><name><surname>Lin</surname><given-names>H.</given-names></name><name><surname>Wei</surname><given-names>R.Q.</given-names></name><name><surname>Linsley</surname><given-names>P.</given-names></name><name><surname>Turka</surname><given-names>L.A.</given-names></name></person-group><article-title>The effect of combination cyclosporine and CTLA4-Ig therapy on cardiac allograft survival</article-title><source>J Surg Res</source><volume>57</volume><year>1994</year><fpage>60</fpage><lpage>64</lpage><pub-id pub-id-type="pmid">8041150</pub-id></element-citation></ref><ref id="bib0145"><label>29</label><element-citation publication-type="journal"><person-group person-group-type="author"><name><surname>Levisetti</surname><given-names>M.G.</given-names></name><name><surname>Padrid</surname><given-names>P.A.</given-names></name><name><surname>Szot</surname><given-names>G.L.</given-names></name><name><surname>Mittal</surname><given-names>N.</given-names></name><name><surname>Meehan</surname><given-names>S.M.</given-names></name><name><surname>Wardrip</surname><given-names>C.L.</given-names></name></person-group><article-title>Immunosuppressive effects of human CTLA4Ig in a non-human primate model of allogeneic pancreatic islet transplantation</article-title><source>J Immunol</source><volume>159</volume><year>1997</year><fpage>5187</fpage><lpage>5191</lpage><pub-id pub-id-type="pmid">9548454</pub-id></element-citation></ref><ref id="bib0150"><label>30</label><element-citation publication-type="journal"><person-group person-group-type="author"><name><surname>Kirk</surname><given-names>A.D.</given-names></name><name><surname>Harlan</surname><given-names>D.M.</given-names></name><name><surname>Armstrong</surname><given-names>N.N.</given-names></name><name><surname>Davis</surname><given-names>T.A.</given-names></name><name><surname>Dong</surname><given-names>Y.</given-names></name><name><surname>Gray</surname><given-names>G.S.</given-names></name></person-group><article-title>CTLA4-Ig and anti-CD40 ligand prevent renal allograft rejection in primates</article-title><source>Proc Natl Acad Sci U S A</source><volume>94</volume><year>1997</year><fpage>8789</fpage><lpage>8794</lpage><pub-id pub-id-type="pmid">9238056</pub-id></element-citation></ref><ref id="bib0155"><label>31</label><element-citation publication-type="journal"><person-group person-group-type="author"><name><surname>Meuer</surname><given-names>S.C.</given-names></name><name><surname>Hussey</surname><given-names>R.E.</given-names></name><name><surname>Fabbi</surname><given-names>M.</given-names></name><name><surname>Fox</surname><given-names>D.</given-names></name><name><surname>Acuto</surname><given-names>O.</given-names></name><name><surname>Fitzgerald</surname><given-names>K.A.</given-names></name></person-group><article-title>An alternative pathway of T-cell activation: a functional role for the 50 kd T11 sheep erythrocyte receptor protein</article-title><source>Cell</source><volume>36</volume><year>1984</year><fpage>897</fpage><lpage>906</lpage><pub-id pub-id-type="pmid">6231105</pub-id></element-citation></ref><ref id="bib0160"><label>32</label><element-citation publication-type="journal"><person-group person-group-type="author"><name><surname>Moingeon</surname><given-names>P.</given-names></name><name><surname>Chang</surname><given-names>H.C.</given-names></name><name><surname>Sayre</surname><given-names>P.H.</given-names></name><name><surname>Clayton</surname><given-names>L.K.</given-names></name><name><surname>Alcover</surname><given-names>A.</given-names></name><name><surname>Gardner</surname><given-names>P.</given-names></name></person-group><article-title>The structural biology of CD2</article-title><source>Immunol Rev</source><volume>111</volume><year>1989</year><fpage>111</fpage><lpage>144</lpage><pub-id pub-id-type="pmid">2576417</pub-id></element-citation></ref><ref id="bib0165"><label>33</label><element-citation publication-type="journal"><person-group person-group-type="author"><name><surname>Liversidge</surname><given-names>J.</given-names></name><name><surname>Dawson</surname><given-names>R.</given-names></name><name><surname>Hoey</surname><given-names>S.</given-names></name><name><surname>McKay</surname><given-names>D.</given-names></name><name><surname>Grabowski</surname><given-names>P.</given-names></name><name><surname>Forrester</surname><given-names>J.V.</given-names></name></person-group><article-title>CD59 and CD48 expressed by rat retinal pigment epithelial cells are major ligands for the CD2-mediated alternative pathway of T cell activation</article-title><source>J Immunol</source><volume>156</volume><year>1996</year><fpage>3696</fpage><lpage>3703</lpage><pub-id pub-id-type="pmid">8621904</pub-id></element-citation></ref><ref id="bib0170"><label>34</label><element-citation publication-type="journal"><person-group person-group-type="author"><name><surname>DeBenedette</surname><given-names>M.A.</given-names></name><name><surname>Shahinian</surname><given-names>A.</given-names></name><name><surname>Mak</surname><given-names>T.W.</given-names></name><name><surname>Watts</surname><given-names>T.H.</given-names></name></person-group><article-title>Costimulation of CD28- T lymphocytes by 4-1BB ligand</article-title><source>J Immunol</source><volume>158</volume><year>1997</year><fpage>551</fpage><lpage>559</lpage><pub-id pub-id-type="pmid">8992967</pub-id></element-citation></ref></ref-list><bio><graphic xlink:href="fx1"/><p><bold>Judith Leitner</bold> received M.Sc. from the University of Vienna in 2006. Currently, doing PhD thesis about the role of alternative costimulatory pathways during the activation of human T cells, at the Institute of Immunology, Medical University of Vienna. Research interests: T cell costimulation, receptor-ligand interaction, DC, immunomodulatory drugs.</p></bio><bio><graphic xlink:href="fx2"/><p><bold>Karin Drobits</bold> joined the laboratory of Peter Steinberger to do her master degree in Biomedical Analytics. In her studies she has been focusing on the interplay between costimmulatory signals and immunosuppressive agents during the activation of human T cells.</p></bio><bio><graphic xlink:href="fx3"/><p><bold>Winfried F. Pickl</bold> is an M.D. (University of Vienna, Austria; supervisor: Walter Knapp) and board certified immunologist with 2 1/2 years of international research experience at the Department of Molecular Biology and Genetics, Harvard Medical School, Boston, MA; supervisor: Brian Seed). At present associate professor, principal investigator and head of the Division of Cellular Immunology and Immunohematology, Institute of Immunology, Medical University of Vienna. Professional skills in molecular and cellular immunology, hematology as well as blood group serology and tissue typing. His main research interest is centered around the topics lymphocyte activation and modulation, antigen presentation, immunohematology and allergy research.</p></bio><bio><graphic xlink:href="fx4"/><p><bold>Otto Majdic</bold> received his Ph.D. from the University of Vienna. Together with Johannes St&#x000f6;ckl he heads the Division of Immune regulation at the Institute of Immunology, Medical University of Vienna. He started his scientific career in the group of Prof. Walter Knapp where he has developed numerous widely used monoclonal antibodies against human leukocyte surface antigens. His research interest is on molecules involved in the APC-T cell interaction and in the development of antibodies with immunomodulatory capacity.</p></bio><bio><graphic xlink:href="fx5"/><p><bold>Gerhard Zlabinger</bold>, MD heads the Institute of Immunology at the Medical University of Vienna. He is board certified immunologist and full professor for Clinical and experimental Immunology. His research interests include humoral rejection of solid organ grafts, immunomodulation by bacteria and endogenous TLR-ligands.</p></bio><bio><graphic xlink:href="fx6"/><p><bold>Peter Steinberger</bold> did his Ph.D. under the supervision of Rudolf Valenta at the University of Vienna. Following postdoctoral studies with Carlos Barbas 3rd at The Scripps Research Institute in San Diego, California he joined the group of Walter Knapp at the Institute of Immunology, Medical University of Vienna. Since 2006 he is head of the Division of Immune Receptors and T cell activation at this institution. His research focuses on the role of accessory cell surface molecules during human T cell responses.</p></bio><sec id="sec0070" sec-type="supplementary-material"><label>Appendix A</label><title>Supplementary data</title><p><supplementary-material content-type="local-data" id="upi0005"><media xlink:href="mmc1.pdf" mimetype="application" mime-subtype="pdf"/></supplementary-material><supplementary-material content-type="local-data" id="upi0010"><media xlink:href="mmc2.pdf" mimetype="application" mime-subtype="pdf"/></supplementary-material><supplementary-material content-type="local-data" id="upi0015"><media xlink:href="mmc3.pdf" mimetype="application" mime-subtype="pdf"/></supplementary-material></p></sec><ack><title>Acknowledgement</title><p>We appreciate the excellent technical assistance of Christoph Klauser, Margarete Merio, Petra Cejka and Claus Wenhart. The authors thank Dr. Michael Weber, Department of Radiology, General Hospital Medical University of Vienna, for help with statistical analysis. This study was supported by a grant from the <funding-source id="gs0005">Austrian Science Fund</funding-source> (FWF P21964-B20) and a grant from the <funding-source id="gs0010">Austrian National Bank</funding-source> (12731). Judith Leitner is supported by a Doc fForte fellowship from the Austrian Academy of Science. The authors declare no conflict of interest.</p><p>K.D. and J.L. performed experiments and analyzed data. W.F.P., O.M. and G.Z. provided reagents and critically read the manuscript. J.L. and P.S. wrote the paper and designed research. All authors critically revised the manuscript and approved the final version.</p></ack></back><floats-group><fig id="fig0005"><label>Fig. 1</label><caption><p>Characterisation of the T cell stimulator cells used in this study. Characterisation of T cell stimulator cells expressing anti-CD3<sup>high</sup> in conjunction with CD80, CD58, 4-1BBL, ICOS-L, CD54 or no costimulatory molecule (control) by FACS. Left panel: expression of mb-anti-CD3 antibodies on stimulator cells; open histograms: parental Bw cells. Right panel: T cell stimulator cells expressing CD80, CD58, 4-1BBL, ICOS-L or CD54 were probed with antibodies specific for these molecules (filled histograms); open histograms: reactivity of the indicated antibodies with parental Bw cells.</p></caption><graphic xlink:href="gr1"/></fig><fig id="fig0010"><label>Fig. 2</label><caption><p>Proliferative response of T cells activated in presence of different costimulatory signals. Stimulator cells expressing high levels of membrane-bound anti-CD3 in conjunction with CD80, CD58, 4-1BBL, ICOS-L, CD54 or no human costimulatory molecules were co-cultured with human T cells. <sup>3</sup>[H]-thymidine uptake was assessed following 3 days of co-culture (cpm, counts per minute). Circles indicate outliers. Box plots show the results of 10 independent experiments with T cells from different healthy donors.</p></caption><graphic xlink:href="gr2"/></fig><fig id="fig0015"><label>Fig. 3</label><caption><p>The impact of CsA and Aza on the proliferation of human T cells receiving different costimulatory signals. Human T cells were stimulated with stimulator cells expressing high levels of anti-CD3 in conjunction with CD80, CD58, 4-1BBL, ICOS-L, CD54 or control stimulator cells. On the onset of co-culture (A) Cyclosporine A (CsA) (upper panel) or Azathioprine (Aza) (lower panel) were added at the indicated final concentrations. <sup>3</sup>[H]-thymidine uptake was assessed following 3 days of co-culture (cpm, counts per minute). (B) The IFN-&#x003b3; concentration in the culture supernatants was measured using a Luminex-based assay. Log IC<sub>50</sub> values (mg/ml) are indicated. Data show&#x000a0;&#x000b1;&#x000a0;SD of triplicates from one experiment. The experiment shown is representative for 10 independently performed.</p></caption><graphic xlink:href="gr3"/></fig><fig id="fig0020"><label>Fig. 4</label><caption><p>Dose inhibition curves for CsA (A) or Aza (B) for T cells stimulated in the presence of different costimulatory ligands and for T cells activated in absence of costimulatory signals (control). The calculated IC<sub>50</sub> values (half maximal inhibitory concentrations) are indicated. Each curve shown is representative for ten independently performed experiments.</p></caption><graphic xlink:href="gr4"/></fig><fig id="fig0025"><label>Fig. 5</label><caption><p>IC<sub>50</sub> values for T cell proliferation in the presence of different costimulatory signals. The cumulative results of the IC<sub>50</sub> values for (A) CsA or (B) Aza treated human T cells activated in the presence of different costimulatory ligands. Circles indicate outliers. Box plots represent data from ten experiments independently performed. Asterisks indicate significant differences (<italic>p</italic>&#x000a0;&#x02264;&#x000a0;0.05, <italic>n</italic>&#x000a0;=&#x000a0;10). Median values are indicated.</p></caption><graphic xlink:href="gr5"/></fig></floats-group></article>