<article xmlns:xlink="http://www.w3.org/1999/xlink" xmlns:mml="http://www.w3.org/1998/Math/MathML" article-type="research-article"><?properties open_access?><front><journal-meta><journal-id journal-id-type="nlm-ta">Immunol Lett</journal-id><journal-id journal-id-type="iso-abbrev">Immunol. Lett</journal-id><journal-title-group><journal-title>Immunology Letters</journal-title></journal-title-group><issn pub-type="ppub">0165-2478</issn><issn pub-type="epub">1879-0542</issn><publisher><publisher-name>Elsevier/North-Holland Biomedical Press</publisher-name></publisher></journal-meta><article-meta><article-id pub-id-type="pmid">19883688</article-id><article-id pub-id-type="pmc">2845813</article-id><article-id pub-id-type="publisher-id">IMLET4869</article-id><article-id pub-id-type="doi">10.1016/j.imlet.2009.10.010</article-id><article-categories><subj-group subj-group-type="heading"><subject>Article</subject></subj-group></article-categories><title-group><article-title>SKAP1 is dispensable for chemokine-induced migration of primary T-cells</article-title></title-group><contrib-group><contrib contrib-type="author"><name><surname>Wang</surname><given-names>Hongyan</given-names></name><xref rid="aff1" ref-type="aff">a</xref></contrib><contrib contrib-type="author"><name><surname>Lu</surname><given-names>Yuning</given-names></name><xref rid="aff2" ref-type="aff">b</xref></contrib><contrib contrib-type="author"><name><surname>Rudd</surname><given-names>Christopher E.</given-names></name><email>cer51@cam.ac.uk</email><xref rid="aff1" ref-type="aff">a</xref><xref rid="aff2" ref-type="aff">b</xref><xref rid="cor1" ref-type="corresp">&#x0204e;</xref></contrib></contrib-group><aff id="aff1"><label>a</label>Department of Pathology, University of Cambridge, Tennis Court Road, Cambridge CB2 1QP, UK</aff><aff id="aff2"><label>b</label>Cambridge Institute for Medical Research, Addenbrooke's Hospital, Hills Road, Cambridge CB2 0XY, UK</aff><author-notes><corresp id="cor1"><label>&#x0204e;</label>Corresponding author at: Department of Pathology, University of Cambridge, Tennis Court Road, Cambridge CB2 1QP, UK. Tel.: +44 1223765661; fax: +44 1223764733. <email>cer51@cam.ac.uk</email></corresp></author-notes><pub-date pub-type="pmc-release"><day>16</day><month>2</month><year>2010</year></pub-date><!-- PMC Release delay is 0 months and 0 days and was based on the
							<pub-date pub-type="ppub"/>. --><pub-date pub-type="ppub"><day>16</day><month>2</month><year>2010</year></pub-date><volume>128</volume><issue>2-3</issue><fpage>148</fpage><lpage>153</lpage><history><date date-type="received"><day>30</day><month>7</month><year>2009</year></date><date date-type="rev-recd"><day>19</day><month>10</month><year>2009</year></date><date date-type="accepted"><day>23</day><month>10</month><year>2009</year></date></history><permissions><copyright-statement>&#x000a9; 2010 Elsevier B.V.</copyright-statement><copyright-year>2009</copyright-year><copyright-holder>Elsevier B.V.</copyright-holder><license><license-p>This document may be redistributed and reused, subject to <ext-link ext-link-type="uri" xlink:href="http://www.elsevier.com/wps/find/authorsview.authors/supplementalterms1.0">certain conditions</ext-link>.</license-p></license></permissions><abstract><p>Immune adaptors SLP-76, ADAP and SKAP1 (SKAP-55) play central roles in anti-CD3 induced &#x02018;inside-out&#x02019; signalling for LFA-1 activation and ICAM-1 adhesion. However, it has been unclear whether SKAP1 is also required for chemokine-induced T-cell motility. In this study, we found that SDF-1 and CCL21 induced similar motility in SKAP1 deficient (<italic>SKAP1</italic>&#x02212;/&#x02212;) and wild type (SKAP1+/+) resting, primary T-cells. In addition, the speed (i.e. 13&#x000a0;&#x003bc;M/min), tracking distance (i.e. length) and displacement values (i.e. direct distance between the start and the end positions of cell movement) in response to SDF1 were similar for <italic>SKAP1</italic>&#x02212;/&#x02212; and SKAP1+/+ primary, activated T-cells. Relatively high strength anti-CD3 ligation also arrested the migration (i.e. stop-signal) of resting SKAP1+/+ and <italic>SKAP1</italic>&#x02212;/&#x02212; T-cells in the presence of SDF-1 and CCL21. These data demonstrate that contrary to its central role in anti-CD3 induced LFA-1 adhesion, the response of primary T-cells to SDF-1 and CCL21 is not profoundly dependent on SKAP1 expression.</p></abstract><kwd-group><title>Keywords</title><kwd>SKAP1</kwd><kwd>Chemokine</kwd><kwd>T-cell migration</kwd></kwd-group></article-meta></front><body><sec><label>1</label><title>Introduction</title><p>Chemokines are chemo-attractants of 7&#x02013;10&#x000a0;kDa that are named based on the number and spacing of cysteine residues in the amino-terminal region as C, CC, CXC or CX3C. They regulate multiple cellular functions, including cell adhesion, proliferation, lymphopoiesis and cell movement to the sites of infection and inflammation <xref rid="bib1" ref-type="bibr">[1]</xref>. Upon binding to chemokine receptors, chemokines generate signals that activate integrins, enabling T-cells to transmigrate through high endothelial venules (HEVs) lined in the blood vessel to sites of inflammation <xref rid="bib2 bib3 bib4" ref-type="bibr">[2&#x02013;4]</xref>.</p><p>Integrins are transmembrane adhesion molecules that mediate cell&#x02013;cell or cell&#x02013;extracellular matrix adhesion. T lymphocytes express mainly &#x003b2;1, &#x003b2;2 and &#x003b2;7 integrins, especially &#x003b1;L&#x003b2;2 (LFA-1: leukocyte function associated antigen-1) and &#x003b1;4&#x003b2;1 (VLA-4: very late antigen 4). In na&#x000ef;ve T-cells, integrins are kept in inactive state, while the T-cell receptor (TCR) can induce &#x02018;inside-out&#x02019; signals that activate integrins, partly due to increased LFA-1 clustering <xref rid="bib5 bib6 bib7" ref-type="bibr">[5&#x02013;7]</xref>. Chemokines can also generate intracellular signals that alter the affinity and avidity of LFA-1 function. Chemokines such as CCL2, CCL3, CCL4, CXCL10, CXCL9, CCL5, CXCL12 (also termed SDF-1, stromal cell-derived factor-1), CCL19, CCL21, CCL20, CCL17 and CCL22 are able to induce the activation of &#x003b2;1, &#x003b2;2 and &#x003b2;7 integrin-dependent adhesion <xref rid="bib1" ref-type="bibr">[1]</xref>. The arrest in the motility of na&#x000ef;ve T-cells in HEVs depends on integrins LFA1 and &#x003b1;<sub>4</sub>&#x003b2;<sub>7</sub> as well as chemokines CCL21 and CXCL12/SDF-1. Chemokine receptors are seven-transmembrane-domain G-protein-coupled receptors (GPCRs) that can be divided into different groups, such that CCR7 binds CCL21 and CXCR4 binds CXCL12/SDF-1 <xref rid="bib1" ref-type="bibr">[1]</xref>.</p><p>Several signalling proteins including PI 3K (phosphoinositide 3-kinase) <xref rid="bib8" ref-type="bibr">[8]</xref>, GTPases RhoA <xref rid="bib9" ref-type="bibr">[9]</xref>, protein kinase C <xref rid="bib9" ref-type="bibr">[9]</xref> and Rap1 <xref rid="bib10" ref-type="bibr">[10]</xref>, as well as the Rap1 ligand RapL (regulator of cell adhesion and polarisation enriched in lymphoid tissues) <xref rid="bib11" ref-type="bibr">[11]</xref> play roles in chemokine signalling for integrin activation and migration. Rap1 and RapL also participate in anti-CD3 induced &#x02018;inside-out&#x02019; signalling for integrin activation <xref rid="bib12 bib13" ref-type="bibr">[12,13]</xref>. Studies by ourselves and others have identified immune cell specific adaptor proteins ADAP (adhesion and degranulation-promoting adaptor protein) and SKAP1 (src kinase-associated phosphoprotein 1: HUGO official designation; also SKAP-55, src kinase-associated phosphoprotein-55) that positively regulate TcR induced &#x003b2;1 and &#x003b2;2 integrin activation <xref rid="bib14 bib15 bib16 bib17 bib18" ref-type="bibr">[14&#x02013;18]</xref>. T-cells from <italic>SKAP1</italic>&#x02212;/&#x02212; mice show defective anti-CD3 induced LFA-1 clustering despite the presence of intracellular ADAP <xref rid="bib17 bib18" ref-type="bibr">[17&#x02013;18]</xref>. ADAP binds SKAP1 <xref rid="bib19 bib20" ref-type="bibr">[19,20]</xref> and controls SKAP1 expression levels in T-cells <xref rid="bib21" ref-type="bibr">[21]</xref>. One model reported that the ADAP&#x02013;SKAP1 module controls Rap1&#x02013;GTP membrane localisation <xref rid="bib22" ref-type="bibr">[22]</xref>, while SKAP1 directly interacts with the Rap1&#x02013;GTP binding partners Riam <xref rid="bib23" ref-type="bibr">[23]</xref>. In another model, SKAP1 expression is needed for anti-CD3 induced RapL membrane association and Rap1&#x02013;RapL complex formation (unpublished data).</p><p>Although ADAP over-expression has been reported to increase CXCL12/SDF-1&#x003b1; induced cell migration in a Jurkat cell line <xref rid="bib24" ref-type="bibr">[24]</xref>, it is not known whether SKAP1 plays any role in chemokine-induced migration of primary T-cells. To address this question, we used resting primary T-cells from <italic>SKAP1</italic>&#x02212;/&#x02212; mice to assess motility in response to CXCL12 and CCL21 using dual chamber transwell assays. Surprisingly, neither speed nor direct movement to chemokine gradients was affected by the loss of SKAP1. Unlike in the case of anti-CD3 induced &#x02018;inside-out&#x02019; signalling, SKAP1 is dispensable for both CXCL12 and CCL21 induced T-cell migration.</p></sec><sec sec-type="materials|methods"><label>2</label><title>Material and methods</title><sec><label>2.1</label><title>Reagents</title><p>CXCL12/SDF-1&#x003b1; and CCL21 was purchased from R &#x00026; D System. Transwell plates were from Corning incorporated (Costar, Boston, MA, USA). Anti-mouse CXCR4 antibody conjugated to FITC and anti-mouse CD4 conjugated to APC were from BD. Flow-chamber plates were ordered from Ibidi (Munich, Germany).</p></sec><sec><label>2.2</label><title>Cell isolation and culture</title><p>Spleens were isolated from wild type or SKAP1 deficient mice meshed through cell strainers, followed by removal of red blood cells (RBC) with hypotonic buffer (0.15&#x000a0;M NH<sub>4</sub>Cl, 1&#x000a0;mM NaHCO<sub>3</sub>, 0.1&#x000a0;mM EDTA, PH 7.25). Splenocytes were supplemented with 10% foetal calf serum (FCS), 5% glutamine, 5% Pen-strep and 2-mercaptoethanol (2-ME) at 5&#x000a0;&#x000d7;&#x000a0;10<sup>&#x02212;5</sup>&#x000a0;M. CD4<sup>+</sup> T-cells were purified using mouse anti-CD4 coated Dynal beads (BD Biosciences, Oxford, UK). Alternatively, splenocytes were cultured with Con A (2&#x000a0;&#x003bc;g/ml) for 2 days, washed once with growth medium, and cultured with interleukin 2 (IL-2; 20&#x000a0;ng/ml) for 2&#x02013;3 days to generate T-cell blasts. After washing residual IL-2, T-cells were rested in growth medium for 2 days, and were then used for experiments.</p></sec><sec><label>2.3</label><title>Chemotaxis assay</title><p>Chemokine-induced cell migration was assessed using 5-&#x003bc;m pore size transwells. The membrane inserts were placed in the wells of a 24-well plate, containing 600&#x000a0;&#x003bc;l buffer (RPMI with 0.5% FCS) with or without chemokines SDF-1 and CCR27 (100&#x000a0;ng/ml). 0.2&#x000a0;&#x000d7;&#x000a0;10<sup>6</sup> freshly isolated T-cells or splenocytes in 100&#x000a0;&#x003bc;l buffer were loaded into each transwell filter. After incubation at 37&#x000a0;&#x000b0;C for various time courses, migrated cells to the bottom wells were collected and counted.</p><p>To measure TcR induced &#x02018;stop&#x02019; signal, the membrane inserts were pre-coated with anti-CD3 antibodies (5&#x000a0;&#x003bc;g/ml) with or without ICAM-1 (5&#x000a0;&#x003bc;g/ml) for 2&#x000a0;h, washed once with PBS, then used for chemotaxis assay. Alternatively, cells were incubated with soluble anti-CD3 (5&#x000a0;&#x003bc;g/ml) for 10&#x000a0;min at 37&#x000a0;&#x000b0;C then loaded to transwell filters. To measure directional cell migration, cells were loaded in one well in the flow-chamber plate and chemokines were added in another well. Time lapse was used to monitor cell migration in the middle area between the two wells. Images were recorded every 5&#x000a0;s for 120 cycles. Cell tracks were analysed by Velocity Software.</p></sec><sec><label>2.4</label><title>Surface CXCR4 expression levels by flow cytometry</title><p>10<sup>6</sup> resting or anti-CD3 stimulated WT or <italic>SKAP1</italic>&#x02212;/&#x02212; T-cells were incubated with 2&#x000a0;&#x003bc;l FITC-conjugated anti-mouse CXCR4 antibody or isotype control antibody in 200&#x000a0;&#x003bc;l PBS on ice for 40&#x000a0;min followed by washing once with PBS. The percentage or intensity of CXCR4 staining was analysed by BD FACSCalibur.</p></sec><sec><label>2.5</label><title>Statistical analysis</title><p>Results are given as the mean&#x000a0;&#x000b1;&#x000a0;standard deviation (S.D.). A <italic>P</italic> value was tested using unpaired student <italic>t</italic>-test using GraphPad Prism version 3.02 (GraphPad Software, San Diego, California, U.S.A.) and <italic>p</italic>&#x000a0;&#x0003c;&#x000a0;0.05 was considered as significant.</p></sec></sec><sec><label>3</label><title>Results and discussion</title><sec><label>3.1</label><title>SKAP1 is dispensable for SDF-1 induced resting T-cell migration</title><p>SKAP1 expression is needed for TcR induced &#x02018;inside-out&#x02019; signalling for integrin activation in T-cells <xref rid="bib16 bib17 bib18 bib22 bib23" ref-type="bibr">[16&#x02013;18,22,23]</xref>. It has not been clear whether SKAP1 expression is also needed for chemokine-induced motility. Previous studies have clearly implicated Rap1&#x02013;RapL in anti-CD3 and chemokine induced LFA-1 activation <xref rid="bib12 bib13" ref-type="bibr">[12,13]</xref>. To address this, we initially examined whether SKAP1 could regulate the chemotaxis of resting, primary T-cells to SDF-1 and CCL21. For this, freshly purified resting SKAP1+/+ or <italic>SKAP1</italic>&#x02212;/&#x02212; CD4<sup>+</sup> T-cells were seeded onto the upper well of a transwell plate, while SDF-1 was added to the lower well. After incubation for different times, cells that migrated to the lower well were counted. An increase in cell number in the lower chamber was observed over the time course. By 30&#x000a0;min, 5&#x02013;8% of SKAP1+/+ cells had migrated to the lower well that increased to 12&#x02013;15% by 1&#x000a0;h (<xref rid="fig1" ref-type="fig">Fig. 1</xref>A and B). After a 3&#x02013;4-h incubation, the level of migration reached a plateau of 40&#x02013;45% of cells (<xref rid="fig1" ref-type="fig">Fig. 1</xref>B). Surprisingly, a comparable number of wild type and <italic>SKAP1</italic>&#x02212;/&#x02212; cells migrated to the lower wells at all time points measured (<xref rid="fig1" ref-type="fig">Fig. 1</xref>A and B). To assess whether differences might become evident in the presence of different concentrations of SDF1, a titration was conducted with 1&#x02013;500&#x000a0;ng/ml of chemokine over an incubation period of 2&#x000a0;h. At each concentration, equal numbers of resting SKAP1+/+ and <italic>SKAP1</italic>&#x02212;/&#x02212; T-cells migrated to the lower chamber (<xref rid="fig1" ref-type="fig">Fig. 1</xref>C). Occasionally, <italic>SKAP1</italic>&#x02212;/&#x02212; T-cells showed a slightly lower level of migration; however, the difference was less than 10% relative to WT cells and was not reproducible. Assays were performed in the presence of 0.5% FCS, although the same results were obtained in the absence of FCS (data not shown). These data showed that SKAP1 was not needed for resting T-cell migration to SDF-1 as determined by a transwell assay.</p></sec><sec><label>3.2</label><title>SKAP1 is dispensable for SDF-1 induced directional movement of activated primary T-cells</title><p>Given this finding, we next assessed the movement of activated primary T-cells using transwell assays. However, this approach produced a high background migration of activated cells (data not shown). We therefore attempted to visualise SDF-1 induced directional T-cell migration on a horizontal interconnected flow chamber. One well containing T-cells was separated by a septum connected to another well with SDF-1. This allowed the establishment of a chemokine gradient between wells and the monitoring of directional cell migration every 5&#x000a0;s for 120 cycles using the time-lapse microscopy. Some 40% of SKAP1+/+ and <italic>SKAP1</italic>&#x02212;/&#x02212; T-cells migrated towards SDF-1 with representative images shown in <xref rid="fig2" ref-type="fig">Fig. 2</xref>A. Velocity software provided an objective measure of motility showing that both populations of T-cells migrated with an average speed of 13&#x02013;15&#x000a0;&#x003bc;M/min (<xref rid="fig2" ref-type="fig">Fig. 2</xref>B). The length (whole distance following cell tracks) and displacement (direct distance between the start and the end points of cell movement) was also measured using the same software (<xref rid="fig2" ref-type="fig">Fig. 2</xref>C). Both SKAP1+/+ and <italic>SKAP1</italic>&#x02212;/&#x02212; T-cells migrated a distance of 140&#x02013;145&#x000a0;&#x003bc;M over the time course and the two populations showed no significant difference in the displacement from the point of origin. These findings demonstrate that the absence of SKAP1 does not influence speed, or migration to SDF-1.</p></sec><sec><label>3.3</label><title>Anti-CD3 arrests the motility of <italic>SKAP1</italic>&#x02212;/&#x02212; T-cells in the presence of SDF1</title><p>Anti-CD3/TCR ligation induces &#x02018;stop-signal&#x02019; to arrest T-cell motility <xref rid="bib25" ref-type="bibr">[25]</xref>, while the co-receptor CTLA-4, that increases LFA1 adhesion, can reverse this event <xref rid="bib26" ref-type="bibr">[26]</xref>. Similarly, increased adhesion via phorbol ester treatment of cells reversed the stop-signal <xref rid="bib25" ref-type="bibr">[25]</xref>. By contrast, antibodies that increase LFA-1 affinity can arrest cell movement <xref rid="bib25" ref-type="bibr">[25]</xref>. The strengthening of adhesion can have opposite effects on motility depending on whether it is associated with a concurrent effect on the motility machinery in cells. Our previous studies showed that anti-CD3 can arrest the majority of <italic>SKAP1</italic>&#x02212;/&#x02212; T-cells in the absence of chemokine <xref rid="bib27" ref-type="bibr">[27]</xref>. Some 60% of the <italic>SKAP1</italic>&#x02212;/&#x02212; T-cells bound weakly to ICAM1 in the absence of SKAP1, while the remaining population operated in a SKAP1 independent fashion in binding to ICAM1 <xref rid="bib27" ref-type="bibr">[27]</xref>. We therefore assessed whether anti-CD3 could arrest the motility of <italic>SKAP1</italic>&#x02212;/&#x02212; T-cells in presence of SDF-1. SDF-1 can directly activate LFA-1 adhesion but has only a limited ability to reverse the TcR mediated &#x02018;stop-signal&#x02019; (i.e. recessive chemokine) <xref rid="bib25 bib28 bib29" ref-type="bibr">[25,28,29]</xref>. For this, anti-CD3 was used in plate bound or soluble form in the presence of ICAM-1. Primary resting T-cells were loaded on the upper transwell, while the bottom well was left untreated or contained SDF-1 (<xref rid="fig3" ref-type="fig">Fig. 3</xref>). While SDF1 caused a 5&#x02013;6-fold increase in the migration of SKAP1+/+ T-cells to the lower chamber, this response was markedly inhibited by anti-CD3 treatment in the presence of ICAM-1. Both SKAP1+/+ and <italic>SKAP1</italic>&#x02212;/&#x02212; populations were equally affected by anti-CD3, even in the presence of chemokine. Anti-CD3 titration from 0.5&#x000a0;&#x003bc;g/ml to 5.0&#x000a0;&#x003bc;g/ml arrested T-cell migration to SDF-1 in both populations (data not shown). The absence of SKAP1 did therefore not alter the ability of anti-CD3 to induce the &#x02018;stop-signal&#x02019; in the presence of SDF1.</p><p>As a control, SKAP1+/+ and <italic>SKAP1</italic>&#x02212;/&#x02212; T-cells were found to express the same level of CXCR4 on resting cell surface (<xref rid="fig3" ref-type="fig">Fig. 3</xref>B, upper FACS profiles). Anti-CD3 treatment reduced the expression levels of CXCR4 to 80% of the untreated control cells in both T-cell populations in terms of the median of fluorescence intensity (MFI) of CXCR4 surface staining (<xref rid="fig3" ref-type="fig">Fig. 3</xref>B, right histogram). There was no significant difference in the percentage of CXCR4 positive SKAP1+/+ and <italic>SKAP1</italic>&#x02212;/&#x02212; T-cells (<xref rid="fig3" ref-type="fig">Fig. 3</xref>B, lower profiles). Overall, these results indicate that anti-CD3 can arrest T-cell motility of both SKAP1+/+ and <italic>SKAP1</italic>&#x02212;/&#x02212; T-cells in the presence of SDF-1.</p></sec><sec><label>3.4</label><title>SKAP1 is also not needed for CCL21 induced cell migration of resting T-cells</title><p>CCL21 binding to CCR7 receptor also plays an important role in T-cell transmigration through blood vessels, migration in lymph nodes and in T-cell adherence to APCs <xref rid="bib1 bib2 bib3 bib4" ref-type="bibr">[1&#x02013;4]</xref>. To assess the role of SKAP1 in response to this chemokine, CCL21 was similarly added to lower wells of a transwell plate and assessed for an ability to attract SKAP1+/+ or <italic>SKAP1</italic>&#x02212;/&#x02212; T-cells (<xref rid="fig3" ref-type="fig">Fig. 3</xref>C). After a 4-h incubation, a comparable number of T-cells from both populations migrated to the bottom well. The same lack of an effect of SKAP1 deficiency was observed at earlier time points (data not shown). Further, anti-CD3 ligation blocked SKAP1+/+ or <italic>SKAP1</italic>&#x02212;/&#x02212; T-cell migration in the presence of a CCL21 gradient (<xref rid="fig3" ref-type="fig">Fig. 3</xref>C). These results indicate that SKAP1 is dispensable for CCL21 induced cell migration and cannot reverse anti-CD3 induced &#x02018;stop&#x02019; signal in response to CCL21 gradients.</p><p>Our findings have previously shown a defect in the &#x02018;inside-out&#x02019; pathway induced by the TCR in the activation of LFA-1 adhesion in <italic>SKAP1</italic>&#x02212;/&#x02212; T-cells <xref rid="bib17 bib18" ref-type="bibr">[17,18]</xref>. Similar results were obtained with T-cells from ADAP deficient mice that lack both ADAP and SKAP1 <xref rid="bib18 bib22 bib23" ref-type="bibr">[18,22,23]</xref>. The SLP-76-ADAP module also plays a central role in LFA-1 induced &#x02018;outside-in&#x02019; signalling leading to T-cell polarisation and motility <xref rid="bib27" ref-type="bibr">[27]</xref>. However, a question remained whether SKAP1 is needed for cell motility induced by chemokines. There are differences (i.e. adenylate cylases) and similarities (i.e. PI 3K) in the nature of the signalling pathways employed by the antigen-receptor and chemokines (SDF-1 and CCL21). Overall, our present findings showed that the motility of primary resting and activated T-cells to SDF1 and CCL21 was unaffected by the absence of SKAP1. This was observed using transwell plates and time-lapse microscopy. Migration in the transwell assay required initial adhesion, as well as the activation of motility to migrate to the lower chamber. The fact there was no difference in the number of cells to migrate to the lower well strongly suggested that sufficient adhesion had been induced in <italic>SKAP1</italic>&#x02212;/&#x02212; T-cells to enable subsequent migration in response to the chemokine signal. Similarly, tracings of individual cells confirmed that the velocity and displacement of activated T-cells were the same for SKAP1+/+ and <italic>SKAP1</italic>&#x02212;/&#x02212; T-cells. In some experiments, <italic>SKAP1</italic>&#x02212;/&#x02212; T-cells showed 5&#x02013;10% less migration compared to wild-type cells, however, this minor difference was not reproducible over the seven experiments that were conducted. Further, no difference was noted at earlier time points such as 30&#x000a0;min or longer periods of incubation (i.e. up to 6&#x000a0;h). We cannot formally exclude the possibility that there exists a minor difference in the overall affinity or avidly of binding to ICAM1 in <italic>SKAP1</italic>&#x02212;/&#x02212; vs. SKAP1+/+ T-cells. However, if a difference does exist; it has no functional consequence as measured by transwell assays and time-lapse microscopy. Similar numbers of T-cells migrated at all times and in response to different concentrations of SDF1. Therefore, within the limits of the conditions used in this study, no apparent difference was noted between the two populations of T-cells. This does not exclude the possible involvement of SKAP1 in different populations of activated T-cells, or under different conditions of adhesion or shear stress. Nevertheless, as an overall effect, it differs markedly from the key role played by SKAP1 in TcR induced LFA-1 adhesion in resting T-cells <xref rid="bib27" ref-type="bibr">[27]</xref>.</p><p>No difference was also noted in the ability of SKAP1+/+ and S<italic>KAP1</italic>&#x02212;/&#x02212; T-cells to stop in response to TCR ligation in the presence of chemokine. In this assay, a relatively potent signal was delivered to T-cells with soluble anti-CD3 or plate bound anti-CD3 prior to the addition of chemokines. One caveat in this assay is that the subset of primary cells (i.e. &#x0003e;50%) that require SKAP1 expression for TCR induced adherence to ICAM1 may not have been fully measured since they would have bound poorly to plates. Further, T-cells may behave differently in the presence of lower affinity peptide antigen in the presence of a lymph node environment. Nevertheless, using the plate assay, the remaining population of T-cells lacking <italic>SKAP1</italic>&#x02212;/&#x02212; failed to show a difference in their response to SDF1 or CCL21. Since chemokines can localise the intermediate affinity of LFA-1 at the leading edge of a migrating cell <xref rid="bib13" ref-type="bibr">[13]</xref>, and high affinity forms of LFA-1 are located at the bottom of cell body <xref rid="bib30" ref-type="bibr">[30]</xref>, one possibility is that while high-avidity clustering of LFA-1 requires SKAP1, the activation of intermediate affinity forms (i.e. induced by chemokines) might suffice to mediate migration to chemokines and to fail to reverse the TCR stop-signal. In the context of motility, another possibility is that chemokines directly activate downstream effectors such as Rap1-RapL without requiring a bridging step provided by SKAP1. Alternatively, it is also possible that the limited expression of related family member SKAP2 (SKAP-Hom or SKAP-related) in T-cells is sufficient to substitute for chemokine, but not TCR induced responses, or that ADAP can compensate for SKAP1 in response to chemokine-induced cell migration. The difference in requirement for the adaptor in responses to TCRs and chemokines could exist to allow for additional junctions of regulation in TCR signalling such as the regulation of the extracellular signal-regulated kinase (ERK) regulation <xref rid="bib31 bib32" ref-type="bibr">[31,32]</xref>. Further studies will be needed to examine whether <italic>SKAP1</italic>&#x02212;/&#x02212; T-cells migrate normally to the sites of inflammation/infection.</p></sec></sec></body><back><ref-list><title>References</title><ref id="bib1"><label>1</label><element-citation publication-type="journal"><person-group person-group-type="author"><name><surname>Laudanna</surname><given-names>C.</given-names></name><name><surname>Kim</surname><given-names>J.Y.</given-names></name><name><surname>Constantin</surname><given-names>G.</given-names></name><name><surname>Butcher</surname><given-names>E.</given-names></name></person-group><article-title>Rapid leukocyte integrin activation by chemokines</article-title><source>Immunol Rev</source><volume>186</volume><year>2002</year><fpage>37</fpage><lpage>46</lpage><pub-id pub-id-type="pmid">12234360</pub-id></element-citation></ref><ref id="bib2"><label>2</label><element-citation publication-type="journal"><person-group person-group-type="author"><name><surname>Bromley</surname><given-names>S.K.</given-names></name><name><surname>Burack</surname><given-names>W.R.</given-names></name><name><surname>Johnson</surname><given-names>K.G.</given-names></name><name><surname>Somersalo</surname><given-names>K.</given-names></name><name><surname>Sims</surname><given-names>T.N.</given-names></name><name><surname>Sumen</surname><given-names>C.</given-names></name></person-group><article-title>The immunological synapse</article-title><source>Annu Rev Immunol</source><volume>19</volume><year>2001</year><fpage>375</fpage><lpage>396</lpage><pub-id pub-id-type="pmid">11244041</pub-id></element-citation></ref><ref id="bib3"><label>3</label><element-citation publication-type="journal"><person-group person-group-type="author"><name><surname>Hogg</surname><given-names>N.</given-names></name><name><surname>Laschinger</surname><given-names>M.</given-names></name><name><surname>Giles</surname><given-names>K.</given-names></name><name><surname>McDowall</surname><given-names>A.</given-names></name></person-group><article-title>T-cell integrins: more than just sticking points</article-title><source>J Cell Sci</source><volume>116</volume><year>2003</year><fpage>4695</fpage><lpage>4705</lpage><pub-id pub-id-type="pmid">14600256</pub-id></element-citation></ref><ref id="bib4"><label>4</label><element-citation publication-type="journal"><person-group person-group-type="author"><name><surname>Grabovsky</surname><given-names>V.</given-names></name><name><surname>Feigelson</surname><given-names>S.</given-names></name><name><surname>Chen</surname><given-names>C.</given-names></name><name><surname>Bleijs</surname><given-names>D.A.</given-names></name><name><surname>Peled</surname><given-names>A.</given-names></name><name><surname>Cinamon</surname><given-names>G.</given-names></name></person-group><article-title>Subsecond induction of alpha4 integrin clustering by immobilized chemokines stimulates leukocyte tethering and rolling on endothelial vascular cell adhesion molecule 1 under flow conditions</article-title><source>J Exp Med</source><volume>192</volume><year>2002</year><fpage>495</fpage><lpage>506</lpage><pub-id pub-id-type="pmid">10952719</pub-id></element-citation></ref><ref id="bib5"><label>5</label><element-citation publication-type="journal"><person-group person-group-type="author"><name><surname>Chan</surname><given-names>J.R.</given-names></name><name><surname>Hyduk</surname><given-names>S.J.</given-names></name><name><surname>Cybulsky</surname><given-names>M.I.</given-names></name></person-group><article-title>Detecting rapid and transient upregulation of leukocyte integrin affinity induced by chemokines and chemoattractants</article-title><source>J Immunol Methods</source><volume>273</volume><year>2003</year><fpage>43</fpage><lpage>52</lpage><pub-id pub-id-type="pmid">12535796</pub-id></element-citation></ref><ref id="bib6"><label>6</label><element-citation publication-type="journal"><person-group person-group-type="author"><name><surname>Kinashi</surname><given-names>T.</given-names></name></person-group><article-title>Intracellular signalling controlling integrin activation in lymphocytes</article-title><source>Nat Rev Immunol</source><volume>5</volume><year>2005</year><fpage>546</fpage><lpage>559</lpage><pub-id pub-id-type="pmid">15965491</pub-id></element-citation></ref><ref id="bib7"><label>7</label><element-citation publication-type="journal"><person-group person-group-type="author"><name><surname>Luo</surname><given-names>B.H.</given-names></name><name><surname>Carman</surname><given-names>C.V.</given-names></name><name><surname>Springer</surname><given-names>T.A.</given-names></name></person-group><article-title>Structural basis of integrin regulation and signaling</article-title><source>Annu Rev Immunol</source><volume>25</volume><year>2007</year><fpage>619</fpage><lpage>647</lpage><pub-id pub-id-type="pmid">17201681</pub-id></element-citation></ref><ref id="bib8"><label>8</label><element-citation publication-type="journal"><person-group person-group-type="author"><name><surname>Sotsios</surname><given-names>Y.</given-names></name><name><surname>Ward</surname><given-names>S.G.</given-names></name></person-group><article-title>Phosphoinositide 3-kinase: a key biochemical signal for cell migration in response to chemokines</article-title><source>Immunol Rev</source><volume>177</volume><year>2000</year><fpage>217</fpage><lpage>235</lpage><pub-id pub-id-type="pmid">11138779</pub-id></element-citation></ref><ref id="bib9"><label>9</label><element-citation publication-type="journal"><person-group person-group-type="author"><name><surname>Giagulli</surname><given-names>C.</given-names></name><name><surname>Scarpini</surname><given-names>E.</given-names></name><name><surname>Ottoboni</surname><given-names>L.</given-names></name><name><surname>Narumiya</surname><given-names>S.</given-names></name><name><surname>Butcher</surname><given-names>E.C.</given-names></name><name><surname>Constantin</surname><given-names>G.</given-names></name></person-group><article-title>RhoA and zeta PKC control distinct modalities of LFA-1 activation by chemokines: critical role of LFA-1 affinity triggering in lymphocyte in vivo homing</article-title><source>Immunity</source><volume>20</volume><year>2004</year><fpage>25</fpage><lpage>35</lpage><pub-id pub-id-type="pmid">14738762</pub-id></element-citation></ref><ref id="bib10"><label>10</label><element-citation publication-type="journal"><person-group person-group-type="author"><name><surname>Shimonaka</surname><given-names>M.</given-names></name><name><surname>Katagiri</surname><given-names>K.</given-names></name><name><surname>Nakayama</surname><given-names>T.</given-names></name><name><surname>Fujita</surname><given-names>N.</given-names></name><name><surname>Tsuruo</surname><given-names>T.</given-names></name><name><surname>Yoshie</surname><given-names>O.</given-names></name></person-group><article-title>Rap1 translates chemokine signals to integrin activation, cell polarization, and motility across vascular endothelium under flow</article-title><source>J Cell Biol</source><volume>161</volume><year>2003</year><fpage>417</fpage><lpage>427</lpage><pub-id pub-id-type="pmid">12707305</pub-id></element-citation></ref><ref id="bib11"><label>11</label><element-citation publication-type="journal"><person-group person-group-type="author"><name><surname>Katagiri</surname><given-names>K.</given-names></name><name><surname>Ohnishi</surname><given-names>N.</given-names></name><name><surname>Kabashima</surname><given-names>K.</given-names></name><name><surname>Iyoda</surname><given-names>T.</given-names></name><name><surname>Takeda</surname><given-names>N.</given-names></name><name><surname>Shinkai</surname><given-names>Y.</given-names></name></person-group><article-title>Crucial functions of the Rap1 effector molecule RAPL in lymphocyte and dendritic cell trafficking</article-title><source>Nat Immunol</source><volume>5</volume><year>2004</year><fpage>1045</fpage><lpage>1051</lpage><pub-id pub-id-type="pmid">15361866</pub-id></element-citation></ref><ref id="bib12"><label>12</label><element-citation publication-type="journal"><person-group person-group-type="author"><name><surname>Sebzda</surname><given-names>E.</given-names></name><name><surname>Bracke</surname><given-names>M.</given-names></name><name><surname>Tugal</surname><given-names>T.</given-names></name><name><surname>Hogg</surname><given-names>N.</given-names></name><name><surname>Cantrell</surname><given-names>D.A.</given-names></name></person-group><article-title>Rap1A positively regulates T cells via integrin activation rather than inhibiting lymphocyte signaling</article-title><source>Nat Immunol</source><volume>3</volume><year>2002</year><fpage>251</fpage><lpage>258</lpage><pub-id pub-id-type="pmid">11836528</pub-id></element-citation></ref><ref id="bib13"><label>13</label><element-citation publication-type="journal"><person-group person-group-type="author"><name><surname>Katagiri</surname><given-names>K.</given-names></name><name><surname>Maeda</surname><given-names>A.</given-names></name><name><surname>Shimonaka</surname><given-names>M.</given-names></name><name><surname>Kinashi</surname><given-names>T.</given-names></name></person-group><article-title>RAPL, a Rap1-binding molecule that mediates Rap1-induced adhesion through spatial regulation of LFA-1</article-title><source>Nat Immunol</source><volume>4</volume><year>2003</year><fpage>741</fpage><lpage>748</lpage><pub-id pub-id-type="pmid">12845325</pub-id></element-citation></ref><ref id="bib14"><label>14</label><element-citation publication-type="journal"><person-group person-group-type="author"><name><surname>Griffiths</surname><given-names>E.K.</given-names></name><name><surname>Krawczyk</surname><given-names>C.</given-names></name><name><surname>Kong</surname><given-names>Y.Y.</given-names></name><name><surname>Raab</surname><given-names>M.</given-names></name><name><surname>Hyduk</surname><given-names>S.J.</given-names></name><name><surname>Bouchard</surname><given-names>D.</given-names></name></person-group><article-title>Positive regulation of T cell activation and integrin adhesion by the adapter Fyb/Slap</article-title><source>Science</source><volume>293</volume><year>2001</year><fpage>2260</fpage><lpage>2263</lpage><pub-id pub-id-type="pmid">11567140</pub-id></element-citation></ref><ref id="bib15"><label>15</label><element-citation publication-type="journal"><person-group person-group-type="author"><name><surname>Peterson</surname><given-names>E.J.</given-names></name><name><surname>Woods</surname><given-names>M.L.</given-names></name><name><surname>Dmowski</surname><given-names>S.A.</given-names></name><name><surname>Derimanov</surname><given-names>G.</given-names></name><name><surname>Jordan</surname><given-names>M.S.</given-names></name><name><surname>Wu</surname><given-names>J.N.</given-names></name></person-group><article-title>Coupling of the TCR to integrin activation by Slap-130/Fyb</article-title><source>Science</source><volume>293</volume><year>2001</year><fpage>2263</fpage><lpage>2265</lpage><pub-id pub-id-type="pmid">11567141</pub-id></element-citation></ref><ref id="bib16"><label>16</label><element-citation publication-type="journal"><person-group person-group-type="author"><name><surname>Wang</surname><given-names>H.</given-names></name><name><surname>Moon</surname><given-names>E.Y.</given-names></name><name><surname>Azouz</surname><given-names>A.</given-names></name><name><surname>Wu</surname><given-names>X.</given-names></name><name><surname>Smith</surname><given-names>A.</given-names></name><name><surname>Schneider</surname><given-names>H.</given-names></name></person-group><article-title>SKAP-55 regulates integrin adhesion and formation of T cell&#x02013;APC conjugates</article-title><source>Nat Immunol</source><volume>4</volume><year>2003</year><fpage>366</fpage><lpage>374</lpage><pub-id pub-id-type="pmid">12652296</pub-id></element-citation></ref><ref id="bib17"><label>17</label><element-citation publication-type="journal"><person-group person-group-type="author"><name><surname>Jo</surname><given-names>E.K.</given-names></name><name><surname>Wang</surname><given-names>H.</given-names></name><name><surname>Rudd</surname><given-names>C.E.</given-names></name></person-group><article-title>An essential role for SKAP-55 in LFA-1 clustering on T cells that cannot be substituted by SKAP-55R</article-title><source>J Exp Med</source><volume>201</volume><year>2005</year><fpage>1733</fpage><lpage>1739</lpage><pub-id pub-id-type="pmid">15939789</pub-id></element-citation></ref><ref id="bib18"><label>18</label><element-citation publication-type="journal"><person-group person-group-type="author"><name><surname>Wang</surname><given-names>H.</given-names></name><name><surname>Liu</surname><given-names>H.</given-names></name><name><surname>Lu</surname><given-names>Y.</given-names></name><name><surname>Lovatt</surname><given-names>M.</given-names></name><name><surname>Wei</surname><given-names>B.</given-names></name><name><surname>Rudd</surname><given-names>C.E.</given-names></name></person-group><article-title>Functional defects of SKAP-55 deficient T-cells identify a regulatory role for the adaptor in LFA-1 adhesion</article-title><source>Mol Cell Biol</source><volume>27</volume><year>2007</year><fpage>6863</fpage><lpage>6875</lpage><pub-id pub-id-type="pmid">17646386</pub-id></element-citation></ref><ref id="bib19"><label>19</label><element-citation publication-type="journal"><person-group person-group-type="author"><name><surname>Liu</surname><given-names>J.</given-names></name><name><surname>Kang</surname><given-names>H.</given-names></name><name><surname>Raab</surname><given-names>M.</given-names></name><name><surname>da Silva</surname><given-names>A.J.</given-names></name><name><surname>Kraeft</surname><given-names>S.K.</given-names></name><name><surname>Rudd</surname><given-names>C.E.</given-names></name></person-group><article-title>FYB (FYN binding protein) serves as a binding partner for lymphoid protein and FYN kinase substrate SKAP55 and a SKAP55-related protein in T cells</article-title><source>Proc Natl Acad Sci U S A</source><volume>95</volume><year>1998</year><fpage>8779</fpage><lpage>8784</lpage><pub-id pub-id-type="pmid">9671755</pub-id></element-citation></ref><ref id="bib20"><label>20</label><element-citation publication-type="journal"><person-group person-group-type="author"><name><surname>Marie-Cardine</surname><given-names>A.</given-names></name><name><surname>Hendricks-Taylor</surname><given-names>L.R.</given-names></name><name><surname>Boerth</surname><given-names>N.J.</given-names></name><name><surname>Zhao</surname><given-names>H.</given-names></name><name><surname>Schraven</surname><given-names>B.</given-names></name><name><surname>Koretzky</surname><given-names>G.A.</given-names></name></person-group><article-title>Molecular interaction between the Fyn-associated protein SKAP55 and the SLP-76-associated phosphoprotein SLAP-130</article-title><source>J Biol Chem</source><volume>273</volume><year>1998</year><fpage>25789</fpage><lpage>25795</lpage><pub-id pub-id-type="pmid">9748251</pub-id></element-citation></ref><ref id="bib21"><label>21</label><element-citation publication-type="journal"><person-group person-group-type="author"><name><surname>Huang</surname><given-names>Y.</given-names></name><name><surname>Norton</surname><given-names>D.D.</given-names></name><name><surname>Precht</surname><given-names>P.</given-names></name><name><surname>Martindale</surname><given-names>J.L.</given-names></name><name><surname>Burkhardt</surname><given-names>J.K.</given-names></name><name><surname>Wange</surname><given-names>R.L.</given-names></name></person-group><article-title>Deficiency of ADAP/Fyb/SLAP-130 destabilizes SKAP55 in Jurkat T cells</article-title><source>J Biol Chem</source><volume>280</volume><year>2005</year><fpage>23576</fpage><lpage>23583</lpage><pub-id pub-id-type="pmid">15849195</pub-id></element-citation></ref><ref id="bib22"><label>22</label><element-citation publication-type="journal"><person-group person-group-type="author"><name><surname>Kliche</surname><given-names>S.</given-names></name><name><surname>Breitling</surname><given-names>D.</given-names></name><name><surname>Togni</surname><given-names>M.</given-names></name><name><surname>Pusch</surname><given-names>R.</given-names></name><name><surname>Heuer</surname><given-names>K.</given-names></name><name><surname>Wang</surname><given-names>X.</given-names></name></person-group><article-title>The ADAP/SKAP55 signaling module regulates T-cell receptor-mediated integrin activation through plasma membrane targeting of Rap1</article-title><source>Mol Cell Biol</source><volume>26</volume><year>2006</year><fpage>7130</fpage><lpage>7144</lpage><pub-id pub-id-type="pmid">16980616</pub-id></element-citation></ref><ref id="bib23"><label>23</label><element-citation publication-type="journal"><person-group person-group-type="author"><name><surname>Menasche</surname><given-names>G.</given-names></name><name><surname>Kliche</surname><given-names>S.</given-names></name><name><surname>Chen</surname><given-names>E.J.</given-names></name><name><surname>Stradal</surname><given-names>T.E.</given-names></name><name><surname>Schraven</surname><given-names>B.</given-names></name><name><surname>Koretzky</surname><given-names>G.</given-names></name></person-group><article-title>RIAM Links the ADAP/SKAP-55 signaling module to Rap1 facilitating TCR-mediated integrin activation</article-title><source>Mol Cell Biol</source><volume>27</volume><year>2007</year><fpage>4070</fpage><lpage>4081</lpage><pub-id pub-id-type="pmid">17403904</pub-id></element-citation></ref><ref id="bib24"><label>24</label><element-citation publication-type="journal"><person-group person-group-type="author"><name><surname>Hunter</surname><given-names>A.J.</given-names></name><name><surname>Ottoson</surname><given-names>N.</given-names></name><name><surname>Boerth</surname><given-names>N.</given-names></name><name><surname>Koretzky</surname><given-names>G.A.</given-names></name><name><surname>Shimizu</surname><given-names>Y.</given-names></name></person-group><article-title>Cutting edge: a novel function for the SLAP-130/FYB adapter protein in beta 1 integrin signaling and T lymphocyte migration</article-title><source>J Immunol</source><volume>164</volume><year>2000</year><fpage>1143</fpage><lpage>1147</lpage><pub-id pub-id-type="pmid">10640723</pub-id></element-citation></ref><ref id="bib25"><label>25</label><element-citation publication-type="journal"><person-group person-group-type="author"><name><surname>Dustin</surname><given-names>M.L.</given-names></name><name><surname>Bromley</surname><given-names>S.K.</given-names></name><name><surname>Kan</surname><given-names>Z.</given-names></name><name><surname>Peterson</surname><given-names>D.A.</given-names></name><name><surname>Unanue</surname><given-names>D.R.</given-names></name></person-group><article-title>Antigen receptor engagement delivers a stop signal to migrating T lymphocytes</article-title><source>Proc Natl Acad Sci U S A</source><volume>94</volume><year>1997</year><fpage>3909</fpage><lpage>3913</lpage><pub-id pub-id-type="pmid">9108078</pub-id></element-citation></ref><ref id="bib26"><label>26</label><element-citation publication-type="journal"><person-group person-group-type="author"><name><surname>Schneider</surname><given-names>H.</given-names></name><name><surname>Downey</surname><given-names>J.</given-names></name><name><surname>Smith</surname><given-names>A.</given-names></name><name><surname>Zinselmeyer</surname><given-names>B.H.</given-names></name><name><surname>Rush</surname><given-names>C.</given-names></name><name><surname>Brewer</surname><given-names>J.M.</given-names></name></person-group><article-title>Reversal of the TCR stop signal by CTLA-4</article-title><source>Science</source><volume>313</volume><year>2006</year><fpage>1972</fpage><lpage>1975</lpage><pub-id pub-id-type="pmid">16931720</pub-id></element-citation></ref><ref id="bib27"><label>27</label><element-citation publication-type="journal"><person-group person-group-type="author"><name><surname>Wang</surname><given-names>H.</given-names></name><name><surname>Wei</surname><given-names>B.</given-names></name><name><surname>Rudd</surname><given-names>C.E.</given-names></name></person-group><article-title>SLP-76&#x02013;ADAP adaptor module regulates LFA-1 mediated co-stimulation and T-cell motility</article-title><source>Proc Natl Acad Sci U S A</source><volume>106</volume><issue>30</issue><year>2009</year><fpage>12436</fpage><lpage>12441</lpage><pub-id pub-id-type="pmid">19617540</pub-id></element-citation></ref><ref id="bib28"><label>28</label><element-citation publication-type="journal"><person-group person-group-type="author"><name><surname>Bromley</surname><given-names>S.K.</given-names></name><name><surname>Peterson</surname><given-names>D.A.</given-names></name><name><surname>Gunn</surname><given-names>M.D.</given-names></name><name><surname>Dustin</surname><given-names>M.L.</given-names></name></person-group><article-title>Cutting edge: hierarchy of chemokine receptor and TCR signals regulating T cell migration and proliferation</article-title><source>J Immunol</source><volume>165</volume><year>2000</year><fpage>15</fpage><lpage>19</lpage><pub-id pub-id-type="pmid">10861029</pub-id></element-citation></ref><ref id="bib29"><label>29</label><element-citation publication-type="journal"><person-group person-group-type="author"><name><surname>Peacock</surname><given-names>J.W.</given-names></name><name><surname>Jirik</surname><given-names>F.R.</given-names></name></person-group><article-title>TCR activation inhibits chemotaxis toward stromal cell-derived factor-1: evidence for reciprocal regulation between CXCR4 and the TCR</article-title><source>J Immunol</source><volume>162</volume><year>1999</year><fpage>215</fpage><lpage>223</lpage><pub-id pub-id-type="pmid">9886389</pub-id></element-citation></ref><ref id="bib30"><label>30</label><element-citation publication-type="journal"><person-group person-group-type="author"><name><surname>Stanley</surname><given-names>P.</given-names></name><name><surname>Smith</surname><given-names>A.</given-names></name><name><surname>McDowall</surname><given-names>A.</given-names></name><name><surname>Nicol</surname><given-names>A.</given-names></name><name><surname>Zicha</surname><given-names>D.</given-names></name><name><surname>Hogg</surname><given-names>N.</given-names></name></person-group><article-title>Intermediate-affinity LFA-1 binds alpha-actinin-1 to control migration at the leading edge of the T cell</article-title><source>EMBO J</source><volume>27</volume><year>2008</year><fpage>62</fpage><lpage>75</lpage><pub-id pub-id-type="pmid">18079697</pub-id></element-citation></ref><ref id="bib31"><label>31</label><element-citation publication-type="journal"><person-group person-group-type="author"><name><surname>Schneider</surname><given-names>H.</given-names></name><name><surname>Wang</surname><given-names>H.</given-names></name><name><surname>Raab</surname><given-names>M.</given-names></name><name><surname>Valk</surname><given-names>E.</given-names></name><name><surname>Smith</surname><given-names>X.</given-names></name><name><surname>Lovatt</surname><given-names>M.</given-names></name></person-group><article-title>Adaptor SKAP-55 binds p21 activating exchange factor RasGRP1 and negatively regulates the p21-ERK pathway in T-cells</article-title><source>PLoS One</source><volume>3</volume><year>2008</year><fpage>e1718</fpage><pub-id pub-id-type="pmid">18320039</pub-id></element-citation></ref><ref id="bib32"><label>32</label><element-citation publication-type="journal"><person-group person-group-type="author"><name><surname>Wang</surname><given-names>H.</given-names></name><name><surname>Rudd</surname><given-names>C.E.</given-names></name></person-group><article-title>SKAP-55, SKAP-55-related and ADAP adaptors modulate integrin-mediated immune-cell adhesion</article-title><source>Trends Cell Biol</source><volume>18</volume><year>2008</year><fpage>486</fpage><lpage>493</lpage><pub-id pub-id-type="pmid">18760924</pub-id></element-citation></ref></ref-list><ack><title>Acknowledgements</title><p>This work was supported by a grant from the <funding-source>Wellcome Trust</funding-source>, London, United Kingdom (C.E.R. is the recipient of a Principal Research Fellow Award).</p></ack></back><floats-group><fig id="fig1"><label>Fig. 1</label><caption><p><italic>SKAP1</italic>&#x02212;/&#x02212; T-cells show normal SDF-1 induced cell migration (A&#x02013;C). Panel A: Freshly isolated CD4<sup>+</sup> T-cells (0.2&#x000a0;&#x000d7;&#x000a0;10<sup>6</sup> in 100&#x000a0;&#x003bc;l RPMI with 0.5% FCS) from SKAP1+/+ and <italic>SKAP1</italic>&#x02212;/&#x02212; mice were added to the upper wells of the transwell plates and SDF-1 (100&#x000a0;ng/ml) was added to lower chambers containing 600&#x000a0;&#x003bc;l RPMI with 2% FCS. Cells were incubated at 37&#x000a0;&#x000b0;C for different time courses and the migrated cells to the lower chambers were harvested and counted. <italic>SKAP1</italic>&#x02212;/&#x02212; T-cells to WT cells, the <italic>P</italic> values in (A) are 0.47 (i.e. 30&#x000a0;min), 0.44 (1&#x000a0;h) and 0.71 (2&#x000a0;h). Panel B: Time course (0&#x02013;6&#x000a0;h) of movement of SKAP1+/+ and <italic>SKAP1</italic>&#x02212;/&#x02212; T-cells to SDF1 in transwell plates. Panel C: Response to T-cells to different concentrations of SDF1. Different concentrations of SDF-1 were added to the bottom wells and cells that migrated to the bottom wells were counted after incubation for 2&#x000a0;h (<italic>P</italic>&#x000a0;&#x0003e;&#x000a0;0.05, when compared SKAP1 KO samples with WT samples).</p></caption><graphic xlink:href="gr1"/></fig><fig id="fig2"><label>Fig. 2</label><caption><p>SKAP1+/+ and <italic>SKAP1</italic>&#x02212;/&#x02212; activated T-cells migrate at the same speed and distance in response to SDF1. T-cells were plates in one well in a flow-chamber plate and SDF-1 was added to another well. Time lapse was used to record cell movement every 5&#x000a0;s for 120 cycles. Representative images at the adjusted time points (A) and motility (B) and the distance of cell movement (C) were analysed by Velocity software.</p></caption><graphic xlink:href="gr2"/></fig><fig id="fig3"><label>Fig. 3</label><caption><p>Anti-CD3 stimulation induces &#x02018;stop-signal&#x02019; to inhibit SDF-1 or CCL21 induced cell migration in <italic>SKAP1</italic>&#x02212;/&#x02212; T-cells. Panel A: The transwell membrane was coated with anti-CD3 (5&#x000a0;&#x003bc;g/ml) in the presence or absence of ICAM-1 (5&#x000a0;&#x003bc;g/ml) for 2&#x000a0;h. After washing once with PBS, WT cells and <italic>SKAP1</italic>&#x02212;/&#x02212; T-cells were seeded to the upper wells and SDF-1 (100&#x000a0;ng/ml) was added to the bottom wells. The number of cells migrated over a 2&#x000a0;h period of exposure to medium alone, SDF-1 alone, or a combination of both SDF-1 and 2C11, were collected and counted. The <italic>P</italic> values are 0.0254 (Medium alone), 0.0877 (SDF-1), 0.1546 (SDF-1&#x000a0;+&#x000a0;anti-CD3). Panel B: Fresh or anti-CD3 stimulated WT or SKAP1 KO CD4<sup>+</sup> T-cells were stained with FITC-conjugated anti-CXCR4 and analyzed by FACS. The percentage of CXCR4 positive cells and the mean fluorescence intensity of CXCR4 staining were provided in the FACS profiles. The histogram shows the relative CXCR4 expression levels in anti-CD3 stimulated cells compared to those in resting cells. Panel C: SKAP1+/+ cells and <italic>SKAP1</italic>&#x02212;/&#x02212; T-cells were seeded in the upper wells and CCL21 (100&#x000a0;ng/ml) was added to the bottom wells. Some samples were stimulated with anti-CD3 as described in (A). The number of cells migrated over a 4-h period of exposure were collected and counted. <italic>P</italic>&#x000a0;<italic>&#x0003e;</italic>&#x000a0;0.05 when compared <italic>SKAP1</italic>&#x02212;/&#x02212; cells to SKAP1+/+ cells in response to CCL21.</p></caption><graphic xlink:href="gr3"/></fig></floats-group></article>