<article xmlns:xlink="http://www.w3.org/1999/xlink" xmlns:mml="http://www.w3.org/1998/Math/MathML" article-type="research-article"><?properties open_access?><front><journal-meta><journal-id journal-id-type="nlm-ta">Immunol Lett</journal-id><journal-title-group><journal-title>Immunology Letters</journal-title></journal-title-group><issn pub-type="ppub">0165-2478</issn><issn pub-type="epub">1879-0542</issn><publisher><publisher-name>Elsevier/North-Holland Biomedical Press</publisher-name></publisher></journal-meta><article-meta><article-id pub-id-type="pmid">19766674</article-id><article-id pub-id-type="pmc">2789245</article-id><article-id pub-id-type="publisher-id">IMLET4845</article-id><article-id pub-id-type="doi">10.1016/j.imlet.2009.09.001</article-id><article-categories><subj-group subj-group-type="heading"><subject>Article</subject></subj-group></article-categories><title-group><article-title>Dynamics of CD11c<sup>+</sup> dendritic cell subsets in lymph nodes draining the site of intestinal nematode infection</article-title></title-group><contrib-group><contrib contrib-type="author"><name><surname>Balic</surname><given-names>Adam</given-names></name><xref rid="fn1" ref-type="fn">1</xref><xref rid="fn2" ref-type="fn">2</xref></contrib><contrib contrib-type="author"><name><surname>Smith</surname><given-names>Katherine A.</given-names></name><xref rid="fn2" ref-type="fn">2</xref></contrib><contrib contrib-type="author"><name><surname>Harcus</surname><given-names>Yvonne</given-names></name></contrib><contrib contrib-type="author"><name><surname>Maizels</surname><given-names>Rick M.</given-names></name><email>rick.maizels@ed.ac.uk</email><xref rid="cor1" ref-type="corresp">&#x0204e;</xref></contrib></contrib-group><aff>Institute of Immunology and Infection Research, University of Edinburgh, West Mains Road, Edinburgh EH9 3JT, UK</aff><author-notes><corresp id="cor1"><label>&#x0204e;</label>Corresponding author. Tel.: +44 131 650 5511; fax: +44 131 650 5450. <email>rick.maizels@ed.ac.uk</email></corresp><fn id="fn1"><label>1</label><p>Current address: Surgical Research Laboratory, Murdoch Children's Research Institute, The Royal Children's Hospital, Parkville 3052, Australia.</p></fn><fn id="fn2"><label>2</label><p>Joint first authors.</p></fn></author-notes><pub-date pub-type="pmc-release"><day>02</day><month>12</month><year>2009</year></pub-date><!-- PMC Release delay is 0 months and 0 days and was based on the
							<pub-date pub-type="ppub"/>. --><pub-date pub-type="ppub"><day>02</day><month>12</month><year>2009</year></pub-date><volume>127</volume><issue>1</issue><fpage>68</fpage><lpage>75</lpage><history><date date-type="received"><day>23</day><month>2</month><year>2009</year></date><date date-type="rev-recd"><day>21</day><month>8</month><year>2009</year></date><date date-type="accepted"><day>8</day><month>9</month><year>2009</year></date></history><permissions><copyright-statement>&#x000a9; 2009 Elsevier B.V.</copyright-statement><copyright-year>2009</copyright-year><copyright-holder>Elsevier B.V.</copyright-holder><license><license-p>This document may be redistributed and reused, subject to <ext-link ext-link-type="uri" xlink:href="http://www.elsevier.com/wps/find/authorsview.authors/supplementalterms1.0">certain conditions</ext-link>.</license-p></license></permissions><abstract><p>Helminth parasites drive dominant Th2 responses through an as yet unidentified pathway. We have previously shown that the rodent gastrointestinal nematode <italic>Nippostrongylus brasiliensis</italic> secretes products which selectively activate <italic>in vitro</italic>-derived dendritic cells to induce Th2 responses on <italic>in vivo</italic> transfer. We now show that, during active infection with this parasite, the draining mesenteric lymph node dendritic cell population is altered significantly. Although there is substantial expansion of DC numbers during infection, the CD86<sup>hi</sup>-CD8&#x003b1;<sup>int</sup>-CD11b<sup>&#x02212;</sup> subset is markedly diminished, and expression levels of CD40, CD86 and CD103 are reduced. Notably, the reduced frequency of CD8&#x003b1;<sup>int</sup> DCs is evident only in those mesenteric lymph nodes draining the anterior site of infestation. In infections with the longer lived <italic>Heligmosomoides polygyrus</italic>, the proportion of CD8&#x003b1;<sup>int</sup> DCs in the MLNC falls to below 10% of total DC numbers by 35 days post-infection. Further, infection alters TLR responsiveness, as IL-12 production (as measured by <italic>ex vivo</italic> intracellular staining of CD11c<sup>+</sup> DCs) in response to LPS stimulation is reduced, while IL-6, TNF-&#x003b1; and in particular, IL-10 all increase following infection with either nematode parasite. These changes suggest the possibility that helminth parasites modulate gastrointestinal immunity both by inhibiting migration of CD8&#x003b1;<sup>int</sup> DCs to the draining lymph nodes, and modifying DC responsiveness in a manner which favours a Th2 outcome.</p></abstract><kwd-group><title>Keywords</title><kwd>Cytokines</kwd><kwd>Helminth infection</kwd><kwd>Migration</kwd><kwd>Mucosal immunity</kwd></kwd-group></article-meta></front><body><sec><label>1</label><title>Introduction</title><p>Intestinal nematode infections are extraordinarily prevalent in the global human population <xref rid="bib1 bib2" ref-type="bibr">[1,2]</xref> and are, like other helminth parasitisms, closely associated with Th2-dominated immune responses <xref rid="bib3 bib4 bib5 bib6 bib7" ref-type="bibr">[3&#x02013;7]</xref>. While Th2-mediated mechanisms can often cause expulsion of intestinal helminths, the precise pathways differ from one species to another, presumably because each parasite has evolved a unique evasion strategy which is optimally adapted to a particular niche within the host <xref rid="bib8" ref-type="bibr">[8]</xref>. In mice, for example, <italic>Nippostrongylus brasiliensis</italic> is a potent stimulator of Th2-skewed immunity <xref rid="bib9 bib10 bib11" ref-type="bibr">[9&#x02013;11]</xref>, and mice are able to expel this parasite through an IL-4/IL-13, STAT-6-dependent pathway involving intestinal goblet cell proliferation and mucus production <xref rid="bib12" ref-type="bibr">[12]</xref>. In contrast, <italic>Heligmosomoides polygyrus</italic> elicits a combination of Th2 and Treg responses <xref rid="bib7 bib13 bib14 bib15" ref-type="bibr">[7,13&#x02013;15]</xref> which result in chronic infection, and only after drug-induced clearance is immunity to re-infection apparent, mediated by IL-4R-dependent alternatively activated macrophages <xref rid="bib8 bib16" ref-type="bibr">[8,16]</xref>.</p><p>Immune responsiveness to parasite infection is critically influenced by dendritic cell (DC) recognition and activation following encounter with invading organisms <xref rid="bib17" ref-type="bibr">[17]</xref>. For example, DC-derived IL-12 is an essential initiating factor for the protective Th1 response in <italic>Toxoplasma gondii</italic> protozoal infections <xref rid="bib18" ref-type="bibr">[18]</xref>. However, there is relatively little information on the profile of dendritic cells <italic>in vivo</italic> following exposure to nematode parasites. We have previously demonstrated that DCs exposed <italic>in vitro</italic> to antigens from <italic>N. brasiliensis</italic> show suppressed IL-12p70 responsiveness and elicit, on transfer to a na&#x000ef;ve host, a dominant Th2 response <xref rid="bib19" ref-type="bibr">[19]</xref>. Similar experiments with products from other helminths show that IL-12p70 down-regulation may be a common feature of the host immune response to metazoan parasites <xref rid="bib20 bib21 bib22" ref-type="bibr">[20&#x02013;22]</xref>. Hence, Th2 responsiveness may represent a programmed reaction of DCs to helminth pathogen-associated molecular patterns, in order to promote potentially protective Th2-associated immune mechanisms. However, it is not yet known whether the DC populations <italic>in situ</italic> during a helminth infection are indeed actively promoting Th2 responsiveness or if (for example) granulocyte or other populations are acting in a decisive way <xref rid="bib23" ref-type="bibr">[23]</xref>.</p><p>The gastrointestinal tract is the most extensive mucosal interface in the mammalian body, and is richly endowed with specialised DC populations <xref rid="bib24 bib25 bib26" ref-type="bibr">[24&#x02013;26]</xref>. CD11c<sup>+</sup> DCs are widely distributed across the lamina propria (LP, underlying the epithelial layer in the intestine), Peyer's Patches (PP, lymphoid tissue directly attached to the gut) and a longitudinal series of mesenteric lymph nodes (MLN, which drain the intestinal tissues), with each locale comprising distinctive profiles of DC populations. LP DC comprises two phenotypes (myeloid-like CD11b<sup>hi</sup>CD8&#x003b1;<sup>&#x02212;</sup> and lymphoid-like CD11b<sup>lo</sup>CD8&#x003b1;<sup>int</sup>); the latter reported to be an LP-specific subset <xref rid="bib27 bib28" ref-type="bibr">[27,28]</xref> which migrate to the MLN in a CCR7-dependent manner <xref rid="bib28" ref-type="bibr">[28]</xref>. The PP also include myeloid and lymphoid DCs, although the latter are CD8&#x003b1;<sup>hi</sup>, as well as double-negative (DN) CD11c<sup>+</sup> DCs lacking both CD11b or CD8&#x003b1; <xref rid="bib27 bib29 bib30" ref-type="bibr">[27,29,30]</xref>. Within the MLN, each of these populations can be found in a steady-state <xref rid="bib31" ref-type="bibr">[31]</xref>; however, the influx of CD8&#x003b1;<sup>int</sup> DCs from the LP is greatly expanded following generic adjuvant-aided stimulation, for example with cholera toxin <xref rid="bib32" ref-type="bibr">[32]</xref>. Most recently, attention has been drawn to the CD103-expressing subset of mucosal DCs, which induce T cells to express trafficking receptors for entry into gut tissues <xref rid="bib33" ref-type="bibr">[33]</xref>, produce retinoic acid which favours regulatory T cell induction <xref rid="bib34" ref-type="bibr">[34]</xref> and, in contrast to CD103<sup>&#x02212;</sup> DCs, are able to take up orally delivered antigens for presentation to both CD4<sup>+</sup> and CD8<sup>+</sup> T cells <xref rid="bib35" ref-type="bibr">[35]</xref>.</p><p>It is known that the mesenteric lymph node is a critical locale for DC&#x02013;T cell interactions <xref rid="bib36 bib37" ref-type="bibr">[36,37]</xref>, so that DC populations found in this tissue are likely to be of paramount importance to the outcome of intestinal nematode infections. We therefore investigated changes to MLN DCs following infection with <italic>N. brasiliensis</italic> and <italic>H. polygyrus</italic>, with respect to both the phenotypic subsets present over time, and the functional capacity of these DCs to produce cytokines known to be important in determining the Th1/Th2 balance of the immune response.</p></sec><sec sec-type="materials|methods"><label>2</label><title>Materials and methods</title><sec><label>2.1</label><title>Mice and parasites</title><p>BALB/c and C57BL/6 mice, 6&#x02013;8 weeks of age, were bred in-house and maintained according to Home Office guidelines. <italic>N. brasiliensis</italic> parasites were maintained as previously described <xref rid="bib9 bib38" ref-type="bibr">[9,38]</xref>. Infections were performed with 300 L3 s.c. and lymph nodes and spleens recovered 7 days later. <italic>H. polygyrus</italic> parasites were maintained as previously described <xref rid="bib13" ref-type="bibr">[13]</xref>; mice were infected with 200 L3 by oral gavage, and lymph nodes and spleens recovered 1&#x02013;5 weeks later.</p></sec><sec><label>2.2</label><title>DC purification</title><p>Mesenteric LNs, popliteal LNs, spleen and Peyer's Patches were recovered and placed in 5&#x000a0;ml of RPMI1640 (Gibco) and mechanically disrupted with scalpel blades in the presence of 0.1&#x000a0;mg/ml DNase I (Sigma). This preparation was then passed through a cell strainer to make single cell suspensions. Enrichment for DC populations was then performed by positive selection on Miltentyi Biotec CD11c-MACS beads. For experiments testing cytokine responsiveness to TLR ligation, spleens and lymph nodes were treated with liberase CI for 25&#x000a0;min and EDTA for 5&#x000a0;min before homogenisation and positive selection on CD11c MACS beads. Typically magnetic sorting produced a population at least 80% CD11c<sup>+</sup>.</p></sec><sec><label>2.3</label><title>Analysis of DC surface markers and intracellular cytokines</title><p>Expression of DC surface markers after purification was determined by flow cytometry using FITC-conjugated anti-CD11c, PE-conjugated anti-CD8&#x003b1;, anti-CD40, anti-CD80, anti-CD86, anti-MHC-II or biotin-conjugated anti-CD8&#x003b1;, anti-CD11b, anti-CD103, anti-CD295 (DEC205), anti-B220 mAbs, followed by APC-strepavidin staining. All mAb were purchased from BD PharMingen. Samples were analyzed using a FACSCalibur flow cytometer and FlowJo software package (Tree Star). Intracellular cytokines were detected by stimulating DC with 1&#x000a0;&#x003bc;g/ml LPS as described previously <xref rid="bib19" ref-type="bibr">[19]</xref> for 6&#x000a0;h in the presence of 20&#x000a0;&#x003bc;g/ml Brefeldin A (Sigma, UK). After 6&#x000a0;h the cells were stained for surface CD11c as described above, fixed using a Cytofix/Cytoperm PlusTM kit (PharMingen) and intracellular IL-6, IL-12 or TNF-&#x003b1; detected using PE-conjugated mAb and the PharMingen Cytofix/Cytoperm kit as per manufacturer's instructions. After staining cells were analysed by flow cytometry using a FACSCalibur flow cytometer and FlowJo software. DCs were identified as CD11c<sup>+</sup>, viable cells.</p></sec><sec><label>2.4</label><title>ELISA</title><p>Cytokines released into culture supernatants were measured by ELISA using capture/detection combinations specific for IL-6, IL-10 and TNF-&#x003b1; as previously described <xref rid="bib19" ref-type="bibr">[19]</xref>. Cytokine concentrations were determined by reference to a standard curve of these mediators.</p></sec></sec><sec><label>3</label><title>Results</title><sec><label>3.1</label><title>DC subsets in the mesenteric lymph nodes</title><p>Subpopulations of DCs in the mesenteric lymph nodes (MLNs) of mice are known to share many properties with, and show some differences from, DCs in other immunological tissues <xref rid="bib27 bib28 bib31" ref-type="bibr">[27,28,31]</xref>. We first established the profile of MLN DCs within our colony of BALB/c mice, in comparison to spleen, popliteal lymph node, and Peyer's Patches, enriching for CD11c<sup>+</sup> populations by magnetic bead sorting. As shown in <xref rid="fig1" ref-type="fig">Fig. 1</xref>A, the lymph nodes are relatively rich in cells expressing high levels of CD40, which are infrequent in spleen and PP. Moreover, within the CD11c<sup>+</sup>CD40<sup>+</sup> population from each lymphoid organ (circled in <xref rid="fig1" ref-type="fig">Fig. 1</xref>A), a major CD8&#x003b1;<sup>int</sup>CD40<sup>hi</sup> subset is present only in the lymph nodes (<xref rid="fig1" ref-type="fig">Fig. 1</xref>B). Further analysis within the MLN population, gating by CD40 expression (<xref rid="fig1" ref-type="fig">Fig. 1</xref>C), confirms that the CD40<sup>hi</sup> subset are largely lymphoid in type, being CD8&#x003b1;<sup>int</sup> and CD11b<sup>&#x02212;</sup>; this subset is also B220<sup>&#x02212;</sup> (data not shown). Myeloid DCs, expressing CD11b, are mostly found in the CD40-intermediate gate. In contrast the CD40<sup>&#x02212;</sup> population show a B220<sup>+</sup> plasmacytoid phenotype.</p><p>MLN DCs were also analysed according to their levels of CD86 expression (<xref rid="fig2" ref-type="fig">Fig. 2</xref>A). The CD86<sup>hi</sup> population predominantly displayed a CD8&#x003b1;<sup>int</sup> phenotype, and this population was largely CD11b<sup>&#x02212;</sup> (<xref rid="fig2" ref-type="fig">Fig. 2</xref>B). The CD86<sup>int</sup> population, which were CD11c<sup>hi</sup>, comprised a mixture of CD8&#x003b1;<sup>hi</sup> and CD8&#x003b1;<sup>&#x02212;</sup> (<xref rid="fig2" ref-type="fig">Fig. 2</xref>C). In contrast, the CD86 low/negative cell subset were plasmacytoid in character, being B220<sup>hi</sup> (<xref rid="fig2" ref-type="fig">Fig. 2</xref>D) and CD11b<sup>&#x02212;</sup> (<xref rid="fig2" ref-type="fig">Fig. 2</xref>E). This latter subset divides evenly into CD8&#x003b1;<sup>&#x02212;</sup> and CD8<sup>hi</sup> expressing cells.</p></sec><sec><label>3.2</label><title>Response to <italic>N. brasiliensis</italic> infection</title><p><italic>N. brasiliensis</italic> causes a short-lived infection of the anterior small intestine, commencing 48&#x000a0;h after entry of skin-penetrating larvae into rodents, and concluding with the immune-mediated expulsion of adult worms 5&#x02013;7 days following infection. During this time, we noted that the MLN expands 2&#x02013;3-fold in cell numbers, within which a constant proportion of DCs is maintained (<xref rid="fig3" ref-type="fig">Fig. 3</xref>A). Although CD80 and MHCII remained unaltered, there was a clear diminution in CD40 and CD86 expression levels within the CD11c<sup>+</sup> DC population with fewer high-expressing CD40 and CD86 cells (<xref rid="fig3" ref-type="fig">Fig. 3</xref>B). This loss was reflected in significant reductions in intensity of surface staining for these two markers on DCs from infected mice (<xref rid="fig3" ref-type="fig">Fig. 3</xref>C). Interestingly, the reduction in CD86 could be accounted for by a paucity of CD86<sup>hi</sup>CD8&#x003b1;<sup>int</sup> cells, which are relatively diminished following infection (<xref rid="fig3" ref-type="fig">Fig. 3</xref>D). In the case of CD40, a downshift in expression was detectable on CD8&#x003b1;<sup>lo</sup> and CD8&#x003b1;<sup>hi</sup> populations (<xref rid="fig3" ref-type="fig">Fig. 3</xref>E), which in combination with their higher frequency following infection (<xref rid="fig3" ref-type="fig">Fig. 3</xref>D) and their lower consitutive levels of CD40 (<xref rid="fig1" ref-type="fig">Fig. 1</xref>), reduces the overall intensity of this marker within the MLN DC population. As MLNs expand at least twofold within 7 days of infection, the diminution of CD8&#x003b1;<sup>int</sup> DCs could reflect either outgrowth by other cell types, or poor recruitment of this subset from the lamina propria.</p></sec><sec><label>3.3</label><title>Changes to DC populations are related to the site of infection</title><p>Because <italic>N. brasiliensis</italic> infests the anterior part of the small intestine, we compared the changes in DC subsets in the anterior and posterior lymph nodes, as defined in <xref rid="fig4" ref-type="fig">Fig. 4</xref>A. It is important to note that the longitudinal organisation of the gut lymphoid tissue involves a series of mesenteric lymph nodes which each drain successive sections of the gastrointestinal tract. We isolated DCs from the anterior and mid-sections of the MLNs, draining the site of infection, and compared them to the posterior LNs, which are also exposed to a higher level of bacterial colonisation (<xref rid="fig4" ref-type="fig">Fig. 4</xref>B). Expression of CD11b was broadly similar in anterior and posterior LNs, and was not greatly altered by infection (<xref rid="fig4" ref-type="fig">Fig. 4</xref>C, E). However, CD8&#x003b1;<sup>int</sup> DCs were more prominent in anterior MLNs, and this phenotypic subset showed the greatest difference between na&#x000ef;ve and infected mice. Hence, the reduction in CD8&#x003b1;<sup>int</sup> cells was observed only in the nodes directly draining the site of infection, and not in the more posterior sites.</p></sec><sec><label>3.4</label><title>Reductions in CD103 and CD205 accompany loss of CD8&#x003b1;<sup>int</sup> DCs</title><p>The diminished presence of CD8&#x003b1;<sup>int</sup> DCs in infection had further consequences for the expression of a range of important surface molecules among mucosal DCs. In na&#x000ef;ve MLN, CD8&#x003b1;<sup>int</sup> cells express the highest levels of CD103, and overall levels are reduced within 7 days of <italic>N. brasiliensis</italic> infection (<xref rid="fig5" ref-type="fig">Fig. 5</xref>A). Similar reductions are seen in CD205 (DEC-205, <xref rid="fig5" ref-type="fig">Fig. 5</xref>B) as well as L-selectin (data not shown).</p><p>To investigate whether the relative loss of CD8&#x003b1;<sup>int</sup> cells over 7 days would accentuate in a longer term nematode infection, we also studied mice carrying chronic <italic>H. polygyrus</italic> infection. At 5 weeks post-infection, when the duodenum is chronically infected with this parasite, the MLN show an almost complete absence of CD8&#x003b1;<sup>int</sup> (<xref rid="fig5" ref-type="fig">Fig. 5</xref>B), effectively removing the highest CD86-expressing cells from the MLN (data not shown). The loss of lymphoid CD8&#x003b1;<sup>int</sup> DCs was also found to be equally profound in BALB/c and C57BL/6 strains of mice (<xref rid="fig5" ref-type="fig">Fig. 5</xref>C).</p></sec><sec><label>3.5</label><title>Altered cytokine responses to TLR stimulation in infection</title><p>To assess the functional properties of MLN DCs from uninfected and infected mice, MACS-enriched CD11c<sup>+</sup> DCs were challenged <italic>in vitro</italic> with the TLR4 ligand LPS, and subsequently stained for intracellular expression of IL-6, IL-12 and TNF-&#x003b1; (<xref rid="fig6" ref-type="fig">Fig. 6</xref>). IL-12 responses were reduced in DCs from mice infected with either <italic>N. brasiliensis</italic> or <italic>H. polygyrus</italic>. In the case of DCs from <italic>H. polygyrus</italic>-infected mice, there was a marked enhancement of IL-6 and TNF-&#x003b1; responsiveness (<xref rid="fig6" ref-type="fig">Fig. 6</xref>).</p><p>In further experiments, cytokines released into the culture supernatants were measured. DCs from mice infected with either nematode parasite secreted significantly more IL-6, IL-10 and TNF-&#x003b1; into the medium, with the largest relative increase observed for secretion of IL-10 (<xref rid="fig7" ref-type="fig">Fig. 7</xref>). Similar trends were seen in both MLN and spleen (data not shown), but the magnitude of the effect was larger and reached higher levels of significance in the MLN samples. Interestingly, inhibition of DC IL-12 production and enhancement of IL-6 responses has previously been reported for stimulation of bone marrow-derived murine DCs by the secreted protein fraction of <italic>N. brasiliensis</italic>
<xref rid="bib19" ref-type="bibr">[19]</xref>, while <italic>H. polygyrus</italic> secretions have also been shown to inhibit TLR-dependent IL-12 responses of murine DCs <xref rid="bib21" ref-type="bibr">[21]</xref>.</p></sec></sec><sec><label>4</label><title>Discussion</title><p>The intestinal environment is remarkable for its ability to maintain homeostasis in the face of abundant foreign antigenic material in the form of food proteins and commensal bacteria, via the induction of oral tolerance. At the same time, the immune system must remain alert to the entry of pathogens, and sentinel DCs in the intestine retain the capacity to stimulate strong immune responses when this may be appropriate <xref rid="bib24 bib39" ref-type="bibr">[24,39]</xref>. The ingress of parasitic helminths represents an interesting, and unexplored, challenge to the discriminatory powers of the immune system. We report here that the MLN DC population responds quickly to helminth infection, with marked changes in subset distribution and capacity to produce cytokines in response to stimulation.</p><p>A central and fascinating question in mucosal immunology revolves around the function and interrelationship of DC subpopulations in the gastrointestinal tract <xref rid="bib25 bib26 bib40" ref-type="bibr">[25,26,40]</xref>. While most DCs conform to stereotypical myeloid (CD11b<sup>+</sup>CD8&#x003b1;<sup>&#x02212;</sup>), lymphoid (CD11b<sup>&#x02212;</sup>CD8&#x003b1;<sup>+</sup>) or plasmacytoid (B220<sup>+</sup>) subsets <xref rid="bib41 bib42" ref-type="bibr">[41,42]</xref>, the mesenteric lymph nodes contain a lamina propria-derived migratory DC population described as CD8&#x003b1;<sup>int</sup>
<xref rid="bib27 bib28 bib32 bib43" ref-type="bibr">[27,28,32,43]</xref>. In contrast, the CD8&#x003b1;<sup>&#x02212;</sup> and CD8&#x003b1;<sup>hi</sup> DC subpopulations in the MLN may represent DC recruited from the blood <xref rid="bib32 bib43" ref-type="bibr">[32,43]</xref> or PP <xref rid="bib28" ref-type="bibr">[28]</xref>, or may arise by local proliferation in the LN <xref rid="bib35" ref-type="bibr">[35]</xref>.</p><p>Recently oral tolerance to soluble antigens has been shown to be due to the migration of LP DC to the MLN via the afferent lymphatics not due to contributions from the PP or other gut associated secondary lymphoid tissue <xref rid="bib37" ref-type="bibr">[37]</xref>. CCR7 deficient mice have normal numbers of DC in the LP, but dramatically reduced numbers of all DC subpopulations in the MLN <xref rid="bib37" ref-type="bibr">[37]</xref>. Therefore, our finding that the CD8&#x003b1;<sup>int</sup> type is, in relative terms, depleted in nematode infection is of particular interest: firstly, it implies that parasites may interfere specifically with the migratory potential of lamina propria DCs; and secondly, these data indicate that the CD8&#x003b1;<sup>int</sup> phenotype is a distinct population rather than a low-expressing variant of the conventional lymphoid subset.</p><p>The possibility that CD8&#x003b1;<sup>int</sup> DCs convert into another phenotype over time, or according to their tissue environment, is not supported by experimental data. Experiments that have tracked peripheral antigen uptake to the local draining lymph node have demonstrated that the antigen containing DC are CD8&#x003b1;<sup>int</sup>, with no labelling of the CD8&#x003b1;<sup>hi</sup> subpopulation <xref rid="bib43" ref-type="bibr">[43]</xref>, suggesting that CD8&#x003b1;<sup>int</sup> cells do not convert to a CD8&#x003b1;<sup>hi</sup> phenotype, at least while ingested antigen is detectable. Moreover, administration of oral adjuvant which causes a large increase in CD8&#x003b1;<sup>int</sup> DC emigration from the gut to the MLN does not result in a subsequent increase in CD8&#x003b1;<sup>hi</sup> DC <xref rid="bib32" ref-type="bibr">[32]</xref>, again suggesting that the CD8&#x003b1;<sup>int</sup> subpopulation is not converting into the CD8&#x003b1;<sup>hi</sup> population. Conversely, infection with mouse mammary tumour virus which blocks migration of DC from the skin, results in a massive increase in the absolute number of blood-borne CD8&#x003b1;<sup>&#x02212;</sup> and CD8&#x003b1;<sup>hi</sup> DC in the local draining lymph node with no effect on CD8&#x003b1;<sup>int</sup> numbers <xref rid="bib43" ref-type="bibr">[43]</xref>. Taken together, these data suggest that during steady state and infection, CD8&#x003b1;<sup>int</sup> and CD8&#x003b1;<sup>hi</sup> DC subpopulations are independent.</p><p>Tissue-derived migratory DCs have also been characterised by expression of surfaces markers such as CD103 <xref rid="bib35" ref-type="bibr">[35]</xref> and CD205 <xref rid="bib44" ref-type="bibr">[44]</xref>. In the intestinal setting, CD103<sup>+</sup> DCs migrate from the lamina propria (LP) to the MLNs in a CCR7-dependent manner <xref rid="bib28" ref-type="bibr">[28]</xref>; this DC subset produces retinoic acid and promotes the generation of Foxp3<sup>+</sup> regulatory T cells <xref rid="bib34" ref-type="bibr">[34]</xref>. Because in both <italic>N. brasiliensis</italic> and <italic>H. polygyrus</italic> infections, there is relative decline of the CD8&#x003b1;<sup>int</sup> subpopulation which express the highest levels of CD103 and CD205, it appears that the DC response in the MLN to gastrointestinal nematode parasites is dominated by an increase in resident lymphoid DC subpopulations, and not by increased recruitment of DC from the site of infection.</p><p>More generally, we have shown that MLN DCs from infected mice are functionally shifted away from Th1-type cytokine production (in terms of IL-12) and towards a Th2/regulatory profile with enhanced IL-10 release <italic>in vitro</italic>. In similar experiments, it has been reported that DCs from <italic>H. polygyrus</italic>-infected mice (taken as a pool of spleen and MLNC) were able to inhibit the Th1 response to bacterial infection on adoptive transfer <xref rid="bib45" ref-type="bibr">[45]</xref>. Although these authors did not describe the CD8 expression profile, their cells correspond closely to those we show here that lack the CD8&#x003b1;<sup>int</sup> population (<xref rid="fig5" ref-type="fig">Fig. 5</xref>C).</p><p>The inflammatory response in the gut during <italic>N. brasiliensis</italic> has been reported to be localised to the site of infection <xref rid="bib46" ref-type="bibr">[46]</xref>. In the present study a reduction in tissue-derived migratory CD8&#x003b1;<sup>int</sup> was confined to the anterior MLN, which drain the anterior duodenal site of infestation. Thus, changes in DC migration from the small intestine were localised in a linear fashion even within the small intestine. This in turn suggests either that parasite antigens do not reach the posterior small intestine, or that the change in DC population dynamics we report are a consequence both of antigens secreted by the parasite, and of the inflammatory response associated with parasite feeding on the mucosa.</p><p>Importantly, in different helminth contexts, the suppression of IL-12 production appears to be a common theme <xref rid="bib19 bib20 bib21 bib22" ref-type="bibr">[19&#x02013;22]</xref> which may be particularly significant in terms of mitigating inflammation caused by bacterial exposure in invaded gut tissue. Because commensal bacteria are sparse in the stomach, duodenum and jejunum, and progressively more abundant through the distal ileum and colon, there may be contrasting microbiological influences on different nodes, and this may well underlie the regionalisation of both steady-state DC populations, and their response to infection, as noted above.</p><p>Tissue-derived migratory DCs have a central function in antigen presentation of orally delivered soluble antigen and the maintenance of immunological tolerance. Interestingly, this requires migration from the LP to the MLN, while the failure of CD8&#x003b1;<sup>int</sup> DCs to expand in number implies that this trafficking is inhibited in gastrointestinal nematode infection. Since delivery of commensal antigen to MLN is considered to be essential for oral tolerance <xref rid="bib37" ref-type="bibr">[37]</xref>, it is possible that infection interrupts oral tolerance thereby explaining a long-standing observation in <italic>N. brasiliensis</italic>
<xref rid="bib47" ref-type="bibr">[47]</xref>. Possibly, the changes in DC dynamics favour the evolution of a Th2 response in the gut, which in the case of <italic>N. brasiliensis</italic> can expel the parasite within 5&#x02013;7 days of infection. However, an unanswered question is whether the DC populations present after a longer period of chronic infection (28 days in the case of <italic>H. polygyrus</italic>) are involved in the generation of regulatory T cells, which in this infection are known to be expanded in number and in functional capacity <xref rid="bib13 bib14 bib15" ref-type="bibr">[13&#x02013;15]</xref>. As oral tolerance to soluble antigen requires the migration of LP DC to the MLN and conversely chronic <italic>H. polygyrus</italic> infection may block migration of LP DC to the MLN, it implies that the mechanism(s) by which regulatory T cells are induced during chronic nematode infection have different requirements than the induction of oral tolerance. In future work, a broader set of potential APC populations will need to be assessed for regulatory T cell induction, including plasmacytoid DCs <xref rid="bib48" ref-type="bibr">[48]</xref>, B cells and alternatively activated macrophages <xref rid="bib49" ref-type="bibr">[49]</xref>. These studies are now under way in our laboratory.</p></sec></body><back><ref-list><title>References</title><ref id="bib1"><label>1</label><element-citation publication-type="journal"><person-group person-group-type="author"><name><surname>de Silva</surname><given-names>N.R.</given-names></name><name><surname>Brooker</surname><given-names>S.</given-names></name><name><surname>Hotez</surname><given-names>P.J.</given-names></name><name><surname>Montresor</surname><given-names>A.</given-names></name><name><surname>Engels</surname><given-names>D.</given-names></name><name><surname>Savioli</surname><given-names>L.</given-names></name></person-group><article-title>Soil-transmitted helminth infections: updating the global picture</article-title><source>Trends Parasitol</source><volume>19</volume><year>2003</year><fpage>547</fpage><lpage>551</lpage><pub-id pub-id-type="pmid">14642761</pub-id></element-citation></ref><ref id="bib2"><label>2</label><element-citation publication-type="journal"><person-group person-group-type="author"><name><surname>Hotez</surname><given-names>P.J.</given-names></name><name><surname>Brindley</surname><given-names>P.J.</given-names></name><name><surname>Bethony</surname><given-names>J.M.</given-names></name><name><surname>King</surname><given-names>C.H.</given-names></name><name><surname>Pearce</surname><given-names>E.J.</given-names></name><name><surname>Jacobson</surname><given-names>J.</given-names></name></person-group><article-title>Helminth infections: the great neglected tropical diseases</article-title><source>J Clin Invest</source><volume>118</volume><year>2008</year><fpage>1311</fpage><lpage>1321</lpage><pub-id pub-id-type="pmid">18382743</pub-id></element-citation></ref><ref id="bib3"><label>3</label><element-citation publication-type="journal"><person-group person-group-type="author"><name><surname>Else</surname><given-names>K.J.</given-names></name><name><surname>Finkelman</surname><given-names>F.D.</given-names></name><name><surname>Maliszewski</surname><given-names>C.R.</given-names></name><name><surname>Grencis</surname><given-names>R.K.</given-names></name></person-group><article-title>Cytokine-mediated regulation of chronic intestinal helminth infection</article-title><source>J Exp Med</source><volume>179</volume><year>1994</year><fpage>347</fpage><lpage>351</lpage><pub-id pub-id-type="pmid">8270879</pub-id></element-citation></ref><ref id="bib4"><label>4</label><element-citation publication-type="journal"><person-group person-group-type="author"><name><surname>Maizels</surname><given-names>R.M.</given-names></name><name><surname>Yazdanbakhsh</surname><given-names>M.</given-names></name></person-group><article-title>Regulation of the immune response by helminth parasites: cellular and molecular mechanisms</article-title><source>Nat Rev Immunol</source><volume>3</volume><year>2003</year><fpage>733</fpage><lpage>743</lpage><pub-id pub-id-type="pmid">12949497</pub-id></element-citation></ref><ref id="bib5"><label>5</label><element-citation publication-type="journal"><person-group person-group-type="author"><name><surname>Turner</surname><given-names>J.</given-names></name><name><surname>Faulkner</surname><given-names>H.</given-names></name><name><surname>Kamgno</surname><given-names>J.</given-names></name><name><surname>Cormont</surname><given-names>F.</given-names></name><name><surname>Van Snick</surname><given-names>J.</given-names></name><name><surname>Else</surname><given-names>K.</given-names></name></person-group><article-title>Th2 cytokines are associated with reduced worm burdens in a human intestinal helminth infection</article-title><source>J Infect Dis</source><volume>188</volume><year>2003</year><fpage>1768</fpage><lpage>1775</lpage><pub-id pub-id-type="pmid">14639550</pub-id></element-citation></ref><ref id="bib6"><label>6</label><element-citation publication-type="journal"><person-group person-group-type="author"><name><surname>Quinnell</surname><given-names>R.J.</given-names></name><name><surname>Bethony</surname><given-names>J.</given-names></name><name><surname>Pritchard</surname><given-names>D.I.</given-names></name></person-group><article-title>The immunoepidemiology of human hookworm infection</article-title><source>Parasite Immunol</source><volume>26</volume><year>2004</year><fpage>443</fpage><lpage>454</lpage><pub-id pub-id-type="pmid">15771680</pub-id></element-citation></ref><ref id="bib7"><label>7</label><element-citation publication-type="journal"><person-group person-group-type="author"><name><surname>Mohrs</surname><given-names>K.</given-names></name><name><surname>Harris</surname><given-names>D.P.</given-names></name><name><surname>Lund</surname><given-names>F.E.</given-names></name><name><surname>Mohrs</surname><given-names>M.</given-names></name></person-group><article-title>Systemic dissemination and persistence of Th2 and type 2 cells in response to infection with a strictly enteric nematode parasite</article-title><source>J Immunol</source><volume>175</volume><year>2005</year><fpage>5306</fpage><lpage>5313</lpage><pub-id pub-id-type="pmid">16210636</pub-id></element-citation></ref><ref id="bib8"><label>8</label><element-citation publication-type="journal"><person-group person-group-type="author"><name><surname>Patel</surname><given-names>N.</given-names></name><name><surname>Kreider</surname><given-names>T.</given-names></name><name><surname>Urban</surname><given-names>J.F.</given-names><suffix>Jr.</suffix></name><name><surname>Gause</surname><given-names>W.C.</given-names></name></person-group><article-title>Characterisation of effector mechanisms at the host:parasite interface during the immune response to tissue-dwelling intestinal nematode parasites</article-title><source>Int J Parasitol</source><volume>39</volume><year>2009</year><fpage>13</fpage><lpage>21</lpage><pub-id pub-id-type="pmid">18804113</pub-id></element-citation></ref><ref id="bib9"><label>9</label><element-citation publication-type="journal"><person-group person-group-type="author"><name><surname>Lawrence</surname><given-names>R.A.</given-names></name><name><surname>Gray</surname><given-names>C.</given-names></name><name><surname>Osborne</surname><given-names>J.</given-names></name><name><surname>Maizels</surname><given-names>R.M.</given-names></name></person-group><article-title><italic>Nippostrongylus brasiliensis:</italic> cytokine responses and nematode expulsion in normal and IL4-deficient mice</article-title><source>Exp Parasitol</source><volume>84</volume><year>1996</year><fpage>65</fpage><lpage>73</lpage><pub-id pub-id-type="pmid">8888733</pub-id></element-citation></ref><ref id="bib10"><label>10</label><element-citation publication-type="journal"><person-group person-group-type="author"><name><surname>Holland</surname><given-names>M.J.</given-names></name><name><surname>Harcus</surname><given-names>Y.M.</given-names></name><name><surname>Riches</surname><given-names>P.L.</given-names></name><name><surname>Maizels</surname><given-names>R.M.</given-names></name></person-group><article-title>Proteins secreted by the parasitic nematode <italic>Nippostrongylus brasiliensis</italic> act as adjuvants for Th2 responses</article-title><source>Eur J Immunol</source><volume>30</volume><year>2000</year><fpage>1977</fpage><lpage>1987</lpage><pub-id pub-id-type="pmid">10940887</pub-id></element-citation></ref><ref id="bib11"><label>11</label><element-citation publication-type="journal"><person-group person-group-type="author"><name><surname>Voehringer</surname><given-names>D.</given-names></name><name><surname>Shinkai</surname><given-names>K.</given-names></name><name><surname>Locksley</surname><given-names>R.M.</given-names></name></person-group><article-title>Type 2 immunity reflects orchestrated recruitment of cells committed to IL-4 production</article-title><source>Immunity</source><volume>20</volume><year>2004</year><fpage>267</fpage><lpage>277</lpage><pub-id pub-id-type="pmid">15030771</pub-id></element-citation></ref><ref id="bib12"><label>12</label><element-citation publication-type="journal"><person-group person-group-type="author"><name><surname>Urban</surname><given-names>J.F.</given-names><suffix>Jr.</suffix></name><name><surname>Noben-Trauth</surname><given-names>N.</given-names></name><name><surname>Donaldson</surname><given-names>D.D.</given-names></name><name><surname>Madden</surname><given-names>K.B.</given-names></name><name><surname>Morris</surname><given-names>S.C.</given-names></name><name><surname>Collins</surname><given-names>M.</given-names></name></person-group><article-title>IL-13, IL-4R&#x003b1; and Stat6 are required for the expulsion of the gastrointestinal nematode parasite <italic>Nippostrongylus brasiliensis</italic></article-title><source>Immunity</source><volume>8</volume><year>1998</year><fpage>255</fpage><lpage>264</lpage><pub-id pub-id-type="pmid">9492006</pub-id></element-citation></ref><ref id="bib13"><label>13</label><element-citation publication-type="journal"><person-group person-group-type="author"><name><surname>Wilson</surname><given-names>M.S.</given-names></name><name><surname>Taylor</surname><given-names>M.</given-names></name><name><surname>Balic</surname><given-names>A.</given-names></name><name><surname>Finney</surname><given-names>C.A.M.</given-names></name><name><surname>Lamb</surname><given-names>J.R.</given-names></name><name><surname>Maizels</surname><given-names>R.M.</given-names></name></person-group><article-title>Suppression of allergic airway inflammation by helminth-induced regulatory T cells</article-title><source>J Exp Med</source><volume>202</volume><year>2005</year><fpage>1199</fpage><lpage>1212</lpage><pub-id pub-id-type="pmid">16275759</pub-id></element-citation></ref><ref id="bib14"><label>14</label><element-citation publication-type="journal"><person-group person-group-type="author"><name><surname>Finney</surname><given-names>C.A.</given-names></name><name><surname>Taylor</surname><given-names>M.D.</given-names></name><name><surname>Wilson</surname><given-names>M.S.</given-names></name><name><surname>Maizels</surname><given-names>R.M.</given-names></name></person-group><article-title>Expansion and activation of CD4<sup>+</sup>CD25<sup>+</sup> regulatory T cells in <italic>Heligmosomoides polygyrus</italic> infection</article-title><source>Eur J Immunol</source><volume>37</volume><year>2007</year><fpage>1874</fpage><lpage>1886</lpage><pub-id pub-id-type="pmid">17563918</pub-id></element-citation></ref><ref id="bib15"><label>15</label><element-citation publication-type="journal"><person-group person-group-type="author"><name><surname>Rausch</surname><given-names>S.</given-names></name><name><surname>Huehn</surname><given-names>J.</given-names></name><name><surname>Kirchhoff</surname><given-names>D.</given-names></name><name><surname>Rzepecka</surname><given-names>J.</given-names></name><name><surname>Schnoeller</surname><given-names>C.</given-names></name><name><surname>Pillai</surname><given-names>S.</given-names></name></person-group><article-title>Functional analysis of effector and regulatory T cells in a parasitic nematode infection</article-title><source>Infect Immun</source><volume>76</volume><year>2008</year><fpage>1908</fpage><lpage>1919</lpage><pub-id pub-id-type="pmid">18316386</pub-id></element-citation></ref><ref id="bib16"><label>16</label><element-citation publication-type="journal"><person-group person-group-type="author"><name><surname>Anthony</surname><given-names>R.M.</given-names></name><name><surname>Rutitzky</surname><given-names>L.I.</given-names></name><name><surname>Urban</surname><given-names>J.F.</given-names><suffix>Jr.</suffix></name><name><surname>Stadecker</surname><given-names>M.J.</given-names></name><name><surname>Gause</surname><given-names>W.C.</given-names></name></person-group><article-title>Protective immune mechanisms in helminth infection</article-title><source>Nat Rev Immunol</source><volume>7</volume><year>2007</year><fpage>975</fpage><lpage>987</lpage><pub-id pub-id-type="pmid">18007680</pub-id></element-citation></ref><ref id="bib17"><label>17</label><element-citation publication-type="journal"><person-group person-group-type="author"><name><surname>Reis e Sousa</surname><given-names>C.</given-names></name></person-group><article-title>Dendritic cells as sensors of infection</article-title><source>Immunity</source><volume>14</volume><year>2001</year><fpage>495</fpage><lpage>498</lpage><pub-id pub-id-type="pmid">11371351</pub-id></element-citation></ref><ref id="bib18"><label>18</label><element-citation publication-type="journal"><person-group person-group-type="author"><name><surname>Aliberti</surname><given-names>J.</given-names></name><name><surname>Jankovic</surname><given-names>D.</given-names></name><name><surname>Sher</surname><given-names>A.</given-names></name></person-group><article-title>Turning it on and off: regulation of dendritic cell function in <italic>Toxoplasma gondii</italic> infection</article-title><source>Immunol Rev</source><volume>201</volume><year>2004</year><fpage>26</fpage><lpage>34</lpage><pub-id pub-id-type="pmid">15361230</pub-id></element-citation></ref><ref id="bib19"><label>19</label><element-citation publication-type="journal"><person-group person-group-type="author"><name><surname>Balic</surname><given-names>A.</given-names></name><name><surname>Harcus</surname><given-names>Y.</given-names></name><name><surname>Holland</surname><given-names>M.J.</given-names></name><name><surname>Maizels</surname><given-names>R.M.</given-names></name></person-group><article-title>Selective maturation of dendritic cells by <italic>Nippostrongylus brasiliensis</italic> secreted proteins drives T helper type 2 immune responses</article-title><source>Eur J Immunol</source><volume>34</volume><year>2004</year><fpage>3047</fpage><lpage>3059</lpage><pub-id pub-id-type="pmid">15468056</pub-id></element-citation></ref><ref id="bib20"><label>20</label><element-citation publication-type="journal"><person-group person-group-type="author"><name><surname>Cervi</surname><given-names>L.</given-names></name><name><surname>MacDonald</surname><given-names>A.S.</given-names></name><name><surname>Kane</surname><given-names>C.</given-names></name><name><surname>Dzierszinski</surname><given-names>F.</given-names></name><name><surname>Pearce</surname><given-names>E.J.</given-names></name></person-group><article-title>Dendritic cells copulsed with microbial and helminth antigens undergo modified maturation, segregate the antigens to distinct intracellular compartments, and concurrently induce microbe-specific Th1 and helminth-specific Th2 responses</article-title><source>J Immunol</source><volume>172</volume><year>2004</year><fpage>2016</fpage><lpage>2020</lpage><pub-id pub-id-type="pmid">14764665</pub-id></element-citation></ref><ref id="bib21"><label>21</label><element-citation publication-type="journal"><person-group person-group-type="author"><name><surname>Segura</surname><given-names>M.</given-names></name><name><surname>Su</surname><given-names>Z.</given-names></name><name><surname>Piccirillo</surname><given-names>C.</given-names></name><name><surname>Stevenson</surname><given-names>M.M.</given-names></name></person-group><article-title>Impairment of dendritic cell function by excretory-secretory products: a potential mechanism for nematode-induced immunosuppression</article-title><source>Eur J Immunol</source><volume>37</volume><year>2007</year><fpage>1887</fpage><lpage>1904</lpage><pub-id pub-id-type="pmid">17563917</pub-id></element-citation></ref><ref id="bib22"><label>22</label><element-citation publication-type="journal"><person-group person-group-type="author"><name><surname>MacDonald</surname><given-names>A.S.</given-names></name><name><surname>Maizels</surname><given-names>R.M.</given-names></name></person-group><article-title>Alarming dendritic cells for Th2 induction</article-title><source>J Exp Med</source><volume>205</volume><year>2008</year><fpage>13</fpage><lpage>17</lpage><pub-id pub-id-type="pmid">18195077</pub-id></element-citation></ref><ref id="bib23"><label>23</label><element-citation publication-type="journal"><person-group person-group-type="author"><name><surname>Voehringer</surname><given-names>D.</given-names></name><name><surname>Reese</surname><given-names>T.A.</given-names></name><name><surname>Huang</surname><given-names>X.</given-names></name><name><surname>Shinkai</surname><given-names>K.</given-names></name><name><surname>Locksley</surname><given-names>R.M.</given-names></name></person-group><article-title>Type 2 immunity is controlled by IL-4/IL-13 expression in hematopoietic non-eosinophil cells of the innate immune system</article-title><source>J Exp Med</source><volume>203</volume><year>2006</year><fpage>1435</fpage><lpage>1446</lpage><pub-id pub-id-type="pmid">16702603</pub-id></element-citation></ref><ref id="bib24"><label>24</label><element-citation publication-type="journal"><person-group person-group-type="author"><name><surname>Mowat</surname><given-names>A.M.</given-names></name></person-group><article-title>Anatomical basis of tolerance and immunity to intestinal antigens</article-title><source>Nat Rev Immunol</source><volume>3</volume><year>2003</year><fpage>331</fpage><lpage>341</lpage><pub-id pub-id-type="pmid">12669023</pub-id></element-citation></ref><ref id="bib25"><label>25</label><element-citation publication-type="journal"><person-group person-group-type="author"><name><surname>Iwasaki</surname><given-names>A.</given-names></name></person-group><article-title>Mucosal dendritic cells</article-title><source>Annu Rev Immunol</source><volume>25</volume><year>2007</year><fpage>381</fpage><lpage>418</lpage><pub-id pub-id-type="pmid">17378762</pub-id></element-citation></ref><ref id="bib26"><label>26</label><element-citation publication-type="journal"><person-group person-group-type="author"><name><surname>Coombes</surname><given-names>J.L.</given-names></name><name><surname>Powrie</surname><given-names>F.</given-names></name></person-group><article-title>Dendritic cells in intestinal immune regulation</article-title><source>Nat Rev Immunol</source><volume>8</volume><year>2008</year><fpage>435</fpage><lpage>446</lpage><pub-id pub-id-type="pmid">18500229</pub-id></element-citation></ref><ref id="bib27"><label>27</label><element-citation publication-type="journal"><person-group person-group-type="author"><name><surname>Anju&#x000e8;re</surname><given-names>F.</given-names></name><name><surname>Martin</surname><given-names>P.</given-names></name><name><surname>Ferrero</surname><given-names>I.</given-names></name><name><surname>Fraga</surname><given-names>M.L.</given-names></name><name><surname>del Hoyo</surname><given-names>G.M.</given-names></name><name><surname>Wright</surname><given-names>N.</given-names></name></person-group><article-title>Definition of dendritic cell subpopulations present in the spleen, Peyer's Patches, lymph nodes, and skin of the mouse</article-title><source>Blood</source><volume>93</volume><year>1999</year><fpage>590</fpage><lpage>598</lpage><pub-id pub-id-type="pmid">9885220</pub-id></element-citation></ref><ref id="bib28"><label>28</label><element-citation publication-type="journal"><person-group person-group-type="author"><name><surname>Jang</surname><given-names>M.H.</given-names></name><name><surname>Sougawa</surname><given-names>N.</given-names></name><name><surname>Tanaka</surname><given-names>T.</given-names></name><name><surname>Hirata</surname><given-names>T.</given-names></name><name><surname>Hiroi</surname><given-names>T.</given-names></name><name><surname>Tohya</surname><given-names>K.</given-names></name></person-group><article-title>CCR7 is critically important for migration of dendritic cells in intestinal lamina propria to mesenteric lymph nodes</article-title><source>J Immunol</source><volume>176</volume><year>2006</year><fpage>803</fpage><lpage>810</lpage><pub-id pub-id-type="pmid">16393963</pub-id></element-citation></ref><ref id="bib29"><label>29</label><element-citation publication-type="journal"><person-group person-group-type="author"><name><surname>Iwasaki</surname><given-names>A.</given-names></name><name><surname>Kelsall</surname><given-names>B.L.</given-names></name></person-group><article-title>Localization of distinct Peyer's Patch dendritic cell subsets and their recruitment by chemokines macrophage inflammatory protein (MIP)-3alpha, MIP-3beta, and secondary lymphoid organ chemokine</article-title><source>J Exp Med</source><volume>191</volume><year>2000</year><fpage>1381</fpage><lpage>1394</lpage><pub-id pub-id-type="pmid">10770804</pub-id></element-citation></ref><ref id="bib30"><label>30</label><element-citation publication-type="journal"><person-group person-group-type="author"><name><surname>Iwasaki</surname><given-names>A.</given-names></name><name><surname>Kelsall</surname><given-names>B.L.</given-names></name></person-group><article-title>Unique functions of CD11b<sup>+</sup>, CD8&#x003b1;<sup>+</sup>, and double-negative Peyer's Patch dendritic cells</article-title><source>J Immunol</source><volume>166</volume><year>2001</year><fpage>4884</fpage><lpage>4890</lpage><pub-id pub-id-type="pmid">11290765</pub-id></element-citation></ref><ref id="bib31"><label>31</label><element-citation publication-type="journal"><person-group person-group-type="author"><name><surname>Henri</surname><given-names>S.</given-names></name><name><surname>Vremec</surname><given-names>D.</given-names></name><name><surname>Kamath</surname><given-names>A.</given-names></name><name><surname>Waithman</surname><given-names>J.</given-names></name><name><surname>Williams</surname><given-names>S.</given-names></name><name><surname>Benoist</surname><given-names>C.</given-names></name></person-group><article-title>The dendritic cell populations of mouse lymph nodes</article-title><source>J Immunol</source><volume>167</volume><year>2001</year><fpage>741</fpage><lpage>748</lpage><pub-id pub-id-type="pmid">11441078</pub-id></element-citation></ref><ref id="bib32"><label>32</label><element-citation publication-type="journal"><person-group person-group-type="author"><name><surname>Anju&#x000e8;re</surname><given-names>F.</given-names></name><name><surname>Luci</surname><given-names>C.</given-names></name><name><surname>Lebens</surname><given-names>M.</given-names></name><name><surname>Rousseau</surname><given-names>D.</given-names></name><name><surname>Hervouet</surname><given-names>C.</given-names></name><name><surname>Milon</surname><given-names>G.</given-names></name></person-group><article-title>In vivo adjuvant-induced mobilization and maturation of gut dendritic cells after oral administration of cholera toxin</article-title><source>J Immunol</source><volume>173</volume><year>2004</year><fpage>5103</fpage><lpage>5111</lpage><pub-id pub-id-type="pmid">15470054</pub-id></element-citation></ref><ref id="bib33"><label>33</label><element-citation publication-type="journal"><person-group person-group-type="author"><name><surname>Annacker</surname><given-names>O.</given-names></name><name><surname>Coombes</surname><given-names>J.L.</given-names></name><name><surname>Malmstrom</surname><given-names>V.</given-names></name><name><surname>Uhlig</surname><given-names>H.H.</given-names></name><name><surname>Bourne</surname><given-names>T.</given-names></name><name><surname>Johansson-Lindbom</surname><given-names>B.</given-names></name></person-group><article-title>Essential role for CD103 in the T cell-mediated regulation of experimental colitis</article-title><source>J Exp Med</source><volume>202</volume><year>2005</year><fpage>1051</fpage><lpage>1061</lpage><pub-id pub-id-type="pmid">16216886</pub-id></element-citation></ref><ref id="bib34"><label>34</label><element-citation publication-type="journal"><person-group person-group-type="author"><name><surname>Coombes</surname><given-names>J.L.</given-names></name><name><surname>Siddiqui</surname><given-names>K.R.</given-names></name><name><surname>Arancibia-Carcamo</surname><given-names>C.V.</given-names></name><name><surname>Hall</surname><given-names>J.</given-names></name><name><surname>Sun</surname><given-names>C.M.</given-names></name><name><surname>Belkaid</surname><given-names>Y.</given-names></name></person-group><article-title>A functionally specialized population of mucosal CD103<sup>+</sup> DCs induces Foxp3<sup>+</sup> regulatory T cells via a TGF-beta and retinoic acid-dependent mechanism</article-title><source>J Exp Med</source><volume>204</volume><year>2007</year><fpage>1757</fpage><lpage>1764</lpage><pub-id pub-id-type="pmid">17620361</pub-id></element-citation></ref><ref id="bib35"><label>35</label><element-citation publication-type="journal"><person-group person-group-type="author"><name><surname>Jaensson</surname><given-names>E.</given-names></name><name><surname>Uronen-Hansson</surname><given-names>H.</given-names></name><name><surname>Pabst</surname><given-names>O.</given-names></name><name><surname>Eksteen</surname><given-names>B.</given-names></name><name><surname>Tian</surname><given-names>J.</given-names></name><name><surname>Coombes</surname><given-names>J.L.</given-names></name></person-group><article-title>Small intestinal CD103<sup>+</sup> dendritic cells display unique functional properties that are conserved between mice and humans</article-title><source>J Exp Med</source><volume>205</volume><year>2008</year><fpage>2139</fpage><lpage>2149</lpage><pub-id pub-id-type="pmid">18710932</pub-id></element-citation></ref><ref id="bib36"><label>36</label><element-citation publication-type="journal"><person-group person-group-type="author"><name><surname>Macpherson</surname><given-names>A.J.</given-names></name><name><surname>Smith</surname><given-names>K.</given-names></name></person-group><article-title>Mesenteric lymph nodes at the center of immune anatomy</article-title><source>J Exp Med</source><volume>203</volume><year>2006</year><fpage>497</fpage><lpage>500</lpage><pub-id pub-id-type="pmid">16533891</pub-id></element-citation></ref><ref id="bib37"><label>37</label><element-citation publication-type="journal"><person-group person-group-type="author"><name><surname>Worbs</surname><given-names>T.</given-names></name><name><surname>Bode</surname><given-names>U.</given-names></name><name><surname>Yan</surname><given-names>S.</given-names></name><name><surname>Hoffmann</surname><given-names>M.W.</given-names></name><name><surname>Hintzen</surname><given-names>G.</given-names></name><name><surname>Bernhardt</surname><given-names>G.</given-names></name></person-group><article-title>Oral tolerance originates in the intestinal immune system and relies on antigen carriage by dendritic cells</article-title><source>J Exp Med</source><volume>203</volume><year>2006</year><fpage>519</fpage><lpage>527</lpage><pub-id pub-id-type="pmid">16533884</pub-id></element-citation></ref><ref id="bib38"><label>38</label><element-citation publication-type="book"><person-group person-group-type="author"><name><surname>Camberis</surname><given-names>M.</given-names></name><name><surname>Le Gros</surname><given-names>G.</given-names></name><name><surname>Urban</surname><given-names>J.</given-names><suffix>Jr.</suffix></name></person-group><chapter-title>Animal model of <italic>Nippostrongylus brasiliensis</italic> and <italic>Heligmosomoides polygyrus</italic></chapter-title><person-group person-group-type="editor"><name><surname>Coico</surname><given-names>R.</given-names></name></person-group><source>Current protocols in immunology</source><year>2003</year><publisher-name>John Wiley and Sons Inc.</publisher-name><fpage>191211</fpage><lpage>191227</lpage></element-citation></ref><ref id="bib39"><label>39</label><element-citation publication-type="journal"><person-group person-group-type="author"><name><surname>Smith</surname><given-names>D.W.</given-names></name><name><surname>Nagler-Anderson</surname><given-names>C.</given-names></name></person-group><article-title>Preventing intolerance: the induction of nonresponsiveness to dietary and microbial antigens in the intestinal mucosa</article-title><source>J Immunol</source><volume>174</volume><year>2005</year><fpage>3851</fpage><lpage>3857</lpage><pub-id pub-id-type="pmid">15778338</pub-id></element-citation></ref><ref id="bib40"><label>40</label><element-citation publication-type="journal"><person-group person-group-type="author"><name><surname>Johansson</surname><given-names>C.</given-names></name><name><surname>Kelsall</surname><given-names>B.L.</given-names></name></person-group><article-title>Phenotype and function of intestinal dendritic cells</article-title><source>Semin Immunol</source><volume>17</volume><year>2005</year><fpage>284</fpage><lpage>294</lpage><pub-id pub-id-type="pmid">15978836</pub-id></element-citation></ref><ref id="bib41"><label>41</label><element-citation publication-type="journal"><person-group person-group-type="author"><name><surname>Shortman</surname><given-names>K.</given-names></name><name><surname>Liu</surname><given-names>Y.J.</given-names></name></person-group><article-title>Mouse and human dendritic cell subtypes</article-title><source>Nat Rev Immunol</source><volume>2</volume><year>2002</year><fpage>151</fpage><lpage>161</lpage><pub-id pub-id-type="pmid">11913066</pub-id></element-citation></ref><ref id="bib42"><label>42</label><element-citation publication-type="journal"><person-group person-group-type="author"><name><surname>Ardav&#x000ed;n</surname><given-names>C.</given-names></name></person-group><article-title>Origin, precursors and differentiation of mouse dendritic cells</article-title><source>Nat Rev Immunol</source><volume>3</volume><year>2003</year><fpage>582</fpage><lpage>590</lpage><pub-id pub-id-type="pmid">12876560</pub-id></element-citation></ref><ref id="bib43"><label>43</label><element-citation publication-type="journal"><person-group person-group-type="author"><name><surname>Martin</surname><given-names>P.</given-names></name><name><surname>Ruiz</surname><given-names>S.R.</given-names></name><name><surname>del Hoyo</surname><given-names>G.M.</given-names></name><name><surname>Anju&#x000e8;re</surname><given-names>F.</given-names></name><name><surname>Vargas</surname><given-names>H.H.</given-names></name><name><surname>Lopez-Bravo</surname><given-names>M.</given-names></name></person-group><article-title>Dramatic increase in lymph node dendritic cell number during infection by the mouse mammary tumor virus occurs by a CD62L-dependent blood-borne DC recruitment</article-title><source>Blood</source><volume>99</volume><year>2002</year><fpage>1282</fpage><lpage>1288</lpage><pub-id pub-id-type="pmid">11830477</pub-id></element-citation></ref><ref id="bib44"><label>44</label><element-citation publication-type="journal"><person-group person-group-type="author"><name><surname>Allan</surname><given-names>R.S.</given-names></name><name><surname>Waithman</surname><given-names>J.</given-names></name><name><surname>Bedoui</surname><given-names>S.</given-names></name><name><surname>Jones</surname><given-names>C.M.</given-names></name><name><surname>Villadangos</surname><given-names>J.A.</given-names></name><name><surname>Zhan</surname><given-names>Y.</given-names></name></person-group><article-title>Migratory dendritic cells transfer antigen to a lymph node-resident dendritic cell population for efficient CTL priming</article-title><source>Immunity</source><volume>25</volume><year>2006</year><fpage>153</fpage><lpage>162</lpage><pub-id pub-id-type="pmid">16860764</pub-id></element-citation></ref><ref id="bib45"><label>45</label><element-citation publication-type="journal"><person-group person-group-type="author"><name><surname>Chen</surname><given-names>C.C.</given-names></name><name><surname>Louie</surname><given-names>S.</given-names></name><name><surname>McCormick</surname><given-names>B.</given-names></name><name><surname>Walker</surname><given-names>W.A.</given-names></name><name><surname>Shi</surname><given-names>H.N.</given-names></name></person-group><article-title>Concurrent infection with an intestinal helminth parasite impairs host resistance to enteric <italic>Citrobacter rodentium</italic> and enhances <italic>Citrobacter</italic>-induced colitis in mice</article-title><source>Infect Immun</source><volume>73</volume><year>2005</year><fpage>5468</fpage><lpage>5481</lpage><pub-id pub-id-type="pmid">16113263</pub-id></element-citation></ref><ref id="bib46"><label>46</label><element-citation publication-type="journal"><person-group person-group-type="author"><name><surname>Ramage</surname><given-names>J.K.</given-names></name><name><surname>Hunt</surname><given-names>R.H.</given-names></name><name><surname>Perdue</surname><given-names>M.H.</given-names></name></person-group><article-title>Changes in intestinal permeability and epithelial differentiation during inflammation in the rat</article-title><source>Gut</source><volume>29</volume><year>1988</year><fpage>57</fpage><lpage>61</lpage><pub-id pub-id-type="pmid">3343014</pub-id></element-citation></ref><ref id="bib47"><label>47</label><element-citation publication-type="journal"><person-group person-group-type="author"><name><surname>R&#x000f6;cken</surname><given-names>M.</given-names></name><name><surname>Urban</surname><given-names>J.F.</given-names></name><name><surname>Shevach</surname><given-names>E.M.</given-names></name></person-group><article-title>Infection breaks T-cell tolerance</article-title><source>Nature</source><volume>359</volume><year>1992</year><fpage>79</fpage><lpage>82</lpage><pub-id pub-id-type="pmid">1355854</pub-id></element-citation></ref><ref id="bib48"><label>48</label><element-citation publication-type="journal"><person-group person-group-type="author"><name><surname>Goubier</surname><given-names>A.</given-names></name><name><surname>Dubois</surname><given-names>B.</given-names></name><name><surname>Gheit</surname><given-names>H.</given-names></name><name><surname>Joubert</surname><given-names>G.</given-names></name><name><surname>Villard-Truc</surname><given-names>F.</given-names></name><name><surname>Asselin-Paturel</surname><given-names>C.</given-names></name></person-group><article-title>Plasmacytoid dendritic cells mediate oral tolerance</article-title><source>Immunity</source><volume>29</volume><year>2008</year><fpage>464</fpage><lpage>475</lpage><pub-id pub-id-type="pmid">18789731</pub-id></element-citation></ref><ref id="bib49"><label>49</label><element-citation publication-type="journal"><person-group person-group-type="author"><name><surname>Anthony</surname><given-names>R.M.</given-names></name><name><surname>Urban</surname><given-names>J.F.</given-names><suffix>Jr.</suffix></name><name><surname>Alem</surname><given-names>F.</given-names></name><name><surname>Hamed</surname><given-names>H.A.</given-names></name><name><surname>Rozo</surname><given-names>C.T.</given-names></name><name><surname>Boucher</surname><given-names>J.L.</given-names></name></person-group><article-title>Memory T<sub>H</sub>2 cells induce alternatively activated macrophages to mediate protection against nematode parasites</article-title><source>Nat Med</source><volume>12</volume><year>2006</year><fpage>955</fpage><lpage>960</lpage><pub-id pub-id-type="pmid">16892038</pub-id></element-citation></ref></ref-list></back><floats-group><fig id="fig1"><label>Fig. 1</label><caption><p>DC subsets in the mesenteric lymph node and other lymphoid tissues. (A) CD11c<sup>+</sup> MACS column-enriched DC populations from na&#x000ef;ve mesenteric lymph node (MLN), Peyer's Patches, spleen and popliteal lymph node (PLN) were stained with anti-CD40 and anti-CD11c. Red ovals delineate lymphoid/myeloid DC populations analyzed in (B) below. (B) CD11c<sup>+</sup> DC subpopulations analyzed for CD8a and CD40 from the same tissues. Note the presence of CD8&#x003b1; intermediate (CD8&#x003b1;<sup>int</sup>) CD40 high (CD40<sup>hi</sup>) populations only in the lymph nodes. (C) Subpopulations of MLN CD11c<sup>+</sup> DCs, as shown in (A) above, gated as shown in left panel, representing predominantly lymphoid DCs (blue), myeloid DCs (red) and plasmacytoid DCs (green). Gated populations were analysed for CD8&#x003b1; and CD11b (blue and red gates), and for B220 (green gate).</p></caption><graphic xlink:href="gr1"/></fig><fig id="fig2"><label>Fig. 2</label><caption><p>DCs expressing high levels of CD86 are primarily CD8&#x003b1;<sup>int</sup> lymphoid DCs. (A) CD11c<sup>+</sup> MACS column-enriched DCs were stained with anti-CD86 and CD11c, and gated according to high (blue oval), intermediate (red oval) or low (green oval) CD86 expression. (B) Co-staining with anti-CD8&#x003b1;, CD11b shows that the CD86<sup>hi</sup> subset are largely CD8&#x003b1;<sup>int</sup>CD11b<sup>&#x02212;</sup> lymphoid DCs. (C) Co-staining with anti-CD8&#x003b1;, CD11b shows that the CD86<sup>int</sup> population combines myeloid (CD11b<sup>+</sup>) and CD8&#x003b1;<sup>hi</sup> lymphoid cells; both populations are B220<sup>&#x02212;</sup> (not shown). (D) CD86<sup>&#x02212;</sup> cells are uniformly B220<sup>+</sup>. (E) CD86<sup>&#x02212;</sup> cells are CD11b<sup>&#x02212;</sup>, but are heterogeneous with respect to CD8a expression.</p></caption><graphic xlink:href="gr2"/></fig><fig id="fig3"><label>Fig. 3</label><caption><p>MLN DCs following 7 days of <italic>Nippostrongylus brasiliensis</italic> infection. (A) Expansion of lymph node cell numbers during infection; left panel shows total CD11c<sup>+</sup> numbers in MLNs from na&#x000ef;ve mice and from mice taken 7 days following <italic>N. brasiliensis</italic> infection. Right panel shows percentage of CD11c<sup>+</sup> cells within total MLN populations in each group of mice. (B) CD11c<sup>+</sup> DCs following <italic>N. brasiliensis</italic> infection (grey fill) show diminished CD40 and CD86 expression, but unaltered CD80 or MHC class II expression. (C) Differences in geometric mean fluorescence intensity for CD40 and CD86 staining between MLN CD11c<sup>+</sup> DCs from na&#x000ef;ve mice and from mice taken 7 days following <italic>N. brasiliensis</italic> infection. (D) Frequency of CD8<sup>int</sup>CD86<sup>hi</sup> cells is reduced following <italic>N. brasiliensis</italic> infection. (E) Within the CD8 subpopulations, <italic>N. brasiliensis</italic> infection (grey fill), has a differential effect on peak CD40 expression.</p></caption><graphic xlink:href="gr3"/></fig><fig id="fig4"><label>Fig. 4</label><caption><p>Reduction in CD8&#x003b1;<sup>int</sup> frequency is localised to nodes draining the site of infection. (A) Gut of BALB/c na&#x000ef;ve mouse. Blue polygon&#x000a0;=&#x000a0;anterior nodes, Green oval&#x000a0;=&#x000a0;posterior nodes, S&#x000a0;=&#x000a0;stomach, L&#x000a0;=&#x000a0;liver, D&#x000a0;=&#x000a0;duodenum, J&#x000a0;=&#x000a0;jejuenum, I&#x000a0;=&#x000a0;ileum, C&#x000a0;=&#x000a0;caecum. (B) Lymph nodes dissected out from the same specimen. (C&#x02013;F) Na&#x000ef;ve (red) and <italic>N. brasiliensis</italic>-infected (blue) MLN DC were recovered separately from anterior and posterior nodes. Note decrease in CD8&#x003b1;<sup>int</sup> DC only in the anterior nodes, which drain the site of infestation. Grey line shows isotype control.</p></caption><graphic xlink:href="gr4"/></fig><fig id="fig5"><label>Fig. 5</label><caption><p>Effect of infections on the distribution of DC subpopulations. (A) CD103 and CD205 (DEC205) expression in CD11c<sup>+</sup> DCs, plotted against CD8&#x003b1; expression Numbers represent percentage of total cells within the indicated gates. (B) Comparative effect of <italic>N. brasiliensis</italic> and <italic>Heligmosomoides polygyrus</italic> infection on CD11c<sup>+</sup> DC CD8&#x003b1;, CD86 expression. MLN DCs were analysed at 7 and 35 days of infection, respectively. (C) Strain-independence of loss of CD8&#x003b1;<sup>int</sup> in chronic <italic>H. polygyrus</italic> infection.</p></caption><graphic xlink:href="gr5"/></fig><fig id="fig6"><label>Fig. 6</label><caption><p>Intracellular cytokine responses of DC populations to TLR ligation. MLN from C57BL/6 mice were taken 7 days following infection with <italic>N. brasiliensis</italic> (Nb) or <italic>H. polygyrus</italic> (Hp). Organs were harvested, treated with liberase CI for 25&#x000a0;min and EDTA for 5&#x000a0;min, then homogenised and labelled with CD11c microbeads (Miltenyi) before selecting on a LS column. Following selection, CD11c<sup>+</sup> cells were counted, plated at 10<sup>5</sup>/well with 1&#x000a0;&#x003bc;g/ml LPS and 20&#x000a0;&#x003bc;g/ml brefeldin A for 6&#x000a0;h. Cells were then harvested and stained intracellularly with PE-conjugated IL-6, TNF-&#x003b1;, IL-12p40/70, or an isotype control (IgG1). Left hand panels show representative flow cytometry plots of intracellular staining against autofluorescence measured in the FITC channel, for LPS-stimulated DCs; right hand panels show data from individual mice, and include unstimulated control cells cultured in the absence of LPS. <sup>*</sup><italic>p</italic>&#x000a0;&#x0003c;&#x000a0;0.05, <sup>**</sup><italic>p</italic>&#x000a0;&#x0003c;&#x000a0;0.01, <sup>***</sup><italic>p</italic>&#x000a0;&#x0003c;&#x000a0;0.001. Data presented are representative of two experiments with similar results.</p></caption><graphic xlink:href="gr6"/></fig><fig id="fig7"><label>Fig. 7</label><caption><p>Cytokine release by DCs from na&#x000ef;ve and infected MLNs. Spleens and MLN from C57BL/6 mice were taken 7 days following infection with <italic>N. brasiliensis</italic> (Nb) or <italic>H. polygyrus</italic> (Hp), and CD11c<sup>+</sup> DCs isolated as described in the legend to <xref rid="fig6" ref-type="fig">Fig. 6</xref>. CD11c<sup>+</sup> cells, pooled from 4 to 6 mice per group, were plated in triplicate at 10<sup>4</sup>/well with or without 1&#x000a0;&#x003bc;g/ml LPS and supernatants harvested 72&#x000a0;h later before analysing by ELISA. Similar results, but lower magnitude responses, were obtained from parallel cultures of splenic DCs (data not shown). Data presented are representative of two experiments with similar results. <sup>**</sup><italic>p</italic>&#x000a0;&#x0003c;&#x000a0;0.01; <sup>***</sup><italic>p</italic>&#x000a0;&#x0003c;&#x000a0;0.001.</p></caption><graphic xlink:href="gr7"/></fig></floats-group></article>