<article xmlns:xlink="http://www.w3.org/1999/xlink" xmlns:mml="http://www.w3.org/1998/Math/MathML" article-type="research-article"><?properties open_access?><front><journal-meta><journal-id journal-id-type="nlm-ta">Immunol Lett</journal-id><journal-id journal-id-type="iso-abbrev">Immunol. Lett</journal-id><journal-title-group><journal-title>Immunology Letters</journal-title></journal-title-group><issn pub-type="ppub">0165-2478</issn><issn pub-type="epub">1879-0542</issn><publisher><publisher-name>Elsevier/North-Holland Biomedical Press</publisher-name></publisher></journal-meta><article-meta><article-id pub-id-type="pmid">20433868</article-id><article-id pub-id-type="pmc">2937209</article-id><article-id pub-id-type="publisher-id">IMLET4947</article-id><article-id pub-id-type="doi">10.1016/j.imlet.2010.04.008</article-id><article-categories><subj-group subj-group-type="heading"><subject>Article</subject></subj-group></article-categories><title-group><article-title>PKC&#x003b8; is necessary for efficient activation of NF&#x003ba;B, NFAT, and AP-1 during positive selection of thymocytes</article-title></title-group><contrib-group><contrib contrib-type="author"><name><surname>Gruber</surname><given-names>Thomas</given-names></name><email>thomas.gruber@i-med.ac.at</email><xref rid="cor1" ref-type="corresp">&#x0204e;</xref></contrib><contrib contrib-type="author"><name><surname>Pfeifhofer-Obermair</surname><given-names>Christa</given-names></name></contrib><contrib contrib-type="author"><name><surname>Baier</surname><given-names>Gottfried</given-names></name></contrib></contrib-group><aff>Department of Medical Genetics, Clinical and Molecular Pharmacology, Medical University of Innsbruck, Sch&#x000f6;pfstra&#x000df;e 41, A-6020 Innsbruck, Austria</aff><author-notes><corresp id="cor1"><label>&#x0204e;</label>Corresponding author. Tel.: +43 0512 9003 70517; fax: +43 0512 9003 73510. <email>thomas.gruber@i-med.ac.at</email></corresp></author-notes><pub-date pub-type="pmc-release"><day>16</day><month>8</month><year>2010</year></pub-date><!-- PMC Release delay is 0 months and 0 days and was based on the
							<pub-date pub-type="ppub"/>. --><pub-date pub-type="ppub"><day>16</day><month>8</month><year>2010</year></pub-date><volume>132</volume><issue>1-2</issue><fpage>6</fpage><lpage>11</lpage><history><date date-type="received"><day>19</day><month>1</month><year>2010</year></date><date date-type="rev-recd"><day>6</day><month>4</month><year>2010</year></date><date date-type="accepted"><day>20</day><month>4</month><year>2010</year></date></history><permissions><copyright-statement>&#x000a9; 2010 Elsevier B.V.</copyright-statement><copyright-year>2010</copyright-year><copyright-holder>Elsevier B.V.</copyright-holder><license><license-p>This document may be redistributed and reused, subject to <ext-link ext-link-type="uri" xlink:href="http://www.elsevier.com/wps/find/authorsview.authors/supplementalterms1.0">certain conditions</ext-link>.</license-p></license></permissions><abstract><p>While it has been shown in several publications that the serine-threonine kinase PKC&#x003b8; is required for efficient activation of mature T lymphocytes, the role of PKC&#x003b8; in T cell development in the thymus is somewhat controversial. In this study, using knockout mice, we show that PKC&#x003b8; is important in positive selection. The thymus of PKC&#x003b8;<sup>&#x02212;/&#x02212;</sup> animals contains significantly less mature single positive T cells compared to wild-type controls. Biochemically, PKC&#x003b8; deficient thymocytes show defective activation of the transcription factors AP-1, NFAT and NF&#x003ba;B as well as impaired phosphorylation of the MAP kinase ERK after T cell receptor stimulation <italic>in vitro</italic>. Together, these results reveal a crucial role of PKC&#x003b8; in positive selection of thymocytes in a pathway leading to the activation of ERK, AP-1, NFAT, and NF&#x003ba;B.</p></abstract><kwd-group><title>Keywords</title><kwd>Positive selection</kwd><kwd>PKC&#x003b8;</kwd><kwd>NF&#x003ba;B</kwd><kwd>NFAT</kwd><kwd>AP-1</kwd></kwd-group></article-meta></front><body><sec><label>1</label><title>Introduction</title><p>T cells represent a major component of the adaptive immune system that allows the organism to fight various pathogens. Activation and subsequent differentiation of T lymphocytes crucially depend on the interaction of the T cell receptor (TCR) with a cognate antigen-MHC-complex which is provided on the surface of antigen presenting cells (APCs). This dependence upon self-MHC molecules is known as &#x0201c;MHC restriction&#x0201d;.</p><p>The formation of a TCR during T cell maturation is the consequence of random rearrangements of the TCR loci giving rise to a great diversity of T lymphocytes with distinct antigen specificities. In a current model of T cell development, thymocytes undergo a twofold selection process <xref rid="bib1" ref-type="bibr">[1]</xref>: in the thymic cortex, CD4<sup>+</sup> CD8<sup>+</sup> double positive (DP) thymocytes interact with epithelial cells expressing MHC class I and MHC class II on their surface. DP cells bearing TCRs with low to moderate affinity to MHC/antigen complexes receive a survival signal in a process called positive selection. However, the great majority (around 90%) of DP thymocytes without proper TCRs die by neglect. Positively selected DP cells then migrate towards the corticomedullary junction, where negative selection occurs: high-affinity interaction of TCRs with self-MHC/self-peptide complexes destines the thymocytes for apoptosis. Subsequently, selected thymocytes downregulate either CD4 or CD8 and go through several rounds of division in the medulla before they leave the thymus as fully matured pheripheral T cells.</p><p>Since signaling through the TCR can have completely different outcomes (positive vs. negative selection), the biochemical events following TCR engagement on thymocytes are of special interest. A number of effector molecules that drive T cell maturation have been defined so far. It was shown that sustained signaling through the MAP kinase ERK is required for positive selection, whereas strong but transient ERK activation promotes negative selection <xref rid="bib2 bib3" ref-type="bibr">[2,3]</xref>. Negative selection is also regulated by Bim, a proapoptotic member of the BH3-only Bcl-2 family <xref rid="bib4" ref-type="bibr">[4]</xref>. Interestingly, it was demonstrated that ERK can mediate the phosphorylation of Bim <xref rid="bib5" ref-type="bibr">[5]</xref> which leads to its ubiquitination and proteasomal degradation <xref rid="bib6 bib7" ref-type="bibr">[6,7]</xref>. In several studies, the calcium-dependent phosphatase calcineurin has been shown to be important for positive selection of thymocytes <xref rid="bib8 bib9 bib10 bib11" ref-type="bibr">[8&#x02013;11]</xref>. This result suggests that the downstream transcriptional effector of calcineurin, i.e. NFAT (nuclear factor of activated T cells) may be involved in the transcriptional program required for positive selection. Indeed, loss of function of <italic>nfatc3</italic> leads to a defect in thymocyte selection which resembles the phenotype of <italic>calcineurinA&#x003b2;</italic> knockout mice <xref rid="bib8 bib12" ref-type="bibr">[8,12]</xref>. Most recently, PKC&#x003b8; has been linked to the maturation of thymocytes during positive selection <xref rid="bib13" ref-type="bibr">[13]</xref>. This serine-threonine kinase was shown to be crucial for productive NFAT activation in peripheral T cells <xref rid="bib14 bib15 bib16 bib17" ref-type="bibr">[14&#x02013;17]</xref>. In the present study we provide evidence that PKC&#x003b8; indeed plays an important role in the signaling events leading to positive selection of thymocytes. The numbers of mature single positive T cells in the thymus were reduced in PKC&#x003b8;<sup>&#x02212;/&#x02212;</sup> mice. Biochemically, phosphorylation of the MAP kinase ERK1/2 was impaired in thymocytes of PKC&#x003b8; knockout animals compared to wild-type controls. PKC&#x003b8; deficient thymocytes also showed a severe activation defect, reflected in decreased proliferation and IL-2 secretion. Most importantly, the present work for the first time demonstrates that PKC&#x003b8; is crucial for the activation of the transcription factors NFAT, AP-1 and NF&#x003ba;B in immature thymocytes.</p></sec><sec sec-type="materials|methods"><label>2</label><title>Materials and methods</title><sec><label>2.1</label><title>Mice and reagents</title><p><italic>PKC&#x003b8;</italic> knockout mice were described elsewhere <xref rid="bib15" ref-type="bibr">[15]</xref>. &#x003b3;<sup>32</sup>P-ATP was purchased from Amersham. The antibodies used for T cell stimulation were anti-CD28 monoclonal antibody (mAb) (clone 28.2) and the CD3-specific mAb 2C11 (mouse). The anti-hamster immunoglobulin G1 antibody (clone HIG-632) was used for crosslinking the CD3 antibodies during short-term stimulation.</p></sec><sec><label>2.2</label><title>Analysis of proliferative responses and cytokine release</title><p>For anti-CD3-mediated stimulation, 5&#x000a0;&#x000d7;&#x000a0;10<sup>5</sup> thymocytes in 200&#x000a0;&#x003bc;l of proliferation medium [RPMI supplemented with 10% fetal calf serum (FCS), 2&#x000a0;mM l-glutamine, and 50&#x000a0;units/ml penicillin/streptomycin] were added in duplicates to 96-well plates precoated with 10&#x000a0;&#x003bc;g/ml anti-CD3 antibody. Soluble anti-CD28 antibody (1&#x000a0;&#x003bc;g/ml) was also added where indicated. Cells were harvested at 64&#x000a0;h after a 16&#x000a0;h pulse with 1&#x000a0;&#x003bc;Ci [<sup>3</sup>H]-thymidine per well; [<sup>3</sup>H]-thymidine incorporation was measured with a Matrix 96 direct &#x003b2; counter system. IL-2 produced from the cultures was measured via the IL-2-dependent indicator cell line CTLL-2. Supernatants of cultures were added to CTLL-2 cells (10<sup>4</sup>/well) and cultured for additional 48&#x000a0;h and pulsed for 6&#x000a0;h with 1&#x000a0;&#x003bc;Ci [<sup>3</sup>H]-thymidine per well. A standard curve was established by using recombinant IL-2.</p></sec><sec><label>2.3</label><title>Gel mobility shift assays</title><p>Thymocytes were either co-stimulated with 10&#x000a0;&#x003bc;g/ml anti-CD3 and 1&#x000a0;&#x003bc;g/ml anti-CD28 antibodies for 20&#x000a0;h or with 10&#x000a0;&#x003bc;g/ml anti-CD3 or 10&#x000a0;ng/ml phorbol 12,13-dibutyrate (PdBu) alone for 8&#x000a0;h.</p><p>Nuclear extracts were harvested from 2&#x000a0;&#x000d7;&#x000a0;10<sup>7</sup> cells according to standard protocols. Briefly, thymocytes were washed in PBS, and resuspended in 10&#x000a0;mM Hepes, pH 7.9, 10&#x000a0;mM KCl, 0.1&#x000a0;mM EDTA, 0.1&#x000a0;mM EGTA, 1&#x000a0;mM DTT, and protease inhibitors. Cells were incubated on ice for 15&#x000a0;min. NP-40 was then added to a final concentration of 0.6%, the cells were vigorously mixed, and the mixture was centrifuged for 5&#x000a0;min at 2300&#x000a0;&#x000d7;&#x000a0;<italic>g</italic>. The nuclear pellets were washed twice and resuspended in 20&#x000a0;mM Hepes, pH 7.9, 0.4&#x000a0;M NaCl, 1&#x000a0;mM EDTA, 1&#x000a0;mM EGTA, 1&#x000a0;mM DTT, and protease inhibitors, and the tubes were rocked for 30&#x000a0;min at 4&#x000a0;&#x000b0;C. After centrifugation for 10&#x000a0;min at 15,000&#x000a0;&#x000d7;&#x000a0;<italic>g</italic>, the supernatants were collected. 2&#x000a0;&#x003bc;g extract proteins were incubated in binding buffer with end-labeled, double-stranded oligonucleotide probes (NF-&#x003ba;B: 5&#x02032;-CTG GGG ACT TTC CGC T-3&#x02032;; NFAT: 5&#x02032;-GCC CAA AGA GGA AAA TTT GTT TCA TAC AG-3&#x02032;). 3&#x000a0;&#x000d7;&#x000a0;10<sup>5</sup>&#x000a0;cpm of labeled probe was used in each reaction and band shifts were resolved on 4% and 5% polyacrylamide gels. Where indicated, 0.5&#x000a0;&#x003bc;g of supershift antibody was added. All experiments were performed at least three times with similar outcomes.</p></sec><sec><label>2.4</label><title>Flow cytometry</title><p>Single-cell suspensions were prepared and incubated for 30&#x000a0;min on ice in staining buffer (PBS containing 2% FCS) with the appropriate fluoresceinisothiocyanate-, phycoerythrin-, or allophycocyanin-conjugated antibodies. The presence of surface markers was analyzed with a FACS Calibur&#x02122; cytometer (BD Biosciences) and CellQuest&#x02122; software according to standard protocols. Antibodies against murine CD4 and CD8 were obtained from Caltag Laboratories. Antibodies against CD5 and CD69 were obtained from BD Pharmingen.</p></sec><sec><label>2.5</label><title>Western blotting analysis of ERK activation</title><p>Thymocytes were stimulated with 1&#x000a0;&#x003bc;g/ml of hamster anti-CD3 antibody and 1&#x000a0;&#x003bc;g/ml of hamster anti-CD28 antibody together with 2&#x000a0;&#x003bc;g/ml of anti-hamster crosslinking antibody at 37&#x000a0;&#x000b0;C for indicated time periods. Cells were lysed in ice-cold lysis buffer (5&#x000a0;mM NaPP, 5&#x000a0;mM NaF, 1&#x000a0;mM Na<sub>3</sub>VO<sub>4</sub>, 5&#x000a0;mM EDTA, 50&#x000a0;mM NaCl, 50&#x000a0;mM Tris, pH 7.3, 1% NP-40, 50&#x000a0;&#x003bc;g/ml each of aprotinin and leupeptin) and centrifuged at 15,000&#x000a0;&#x000d7;&#x000a0;<italic>g</italic> for 15&#x000a0;min at 4&#x000a0;&#x000b0;C. Protein lysates were subjected to Western blotting analysis with antibodies against phospho-ERK1/2 (Thr202/Tyr204) and ERK1/2 (Cell Signaling Technology).</p></sec></sec><sec><label>3</label><title>Results</title><sec><label>3.1</label><title>PKC&#x003b8;<sup>&#x02212;/&#x02212;</sup> thymocytes show diminished positive selection</title><p>To examine whether PKC&#x003b8; is of importance in the maturation of thymocytes, we compared the numbers of single positive T cells in the thymi of wild-type and PKC&#x003b8; deficient mice. The loss of PKC&#x003b8; led to a strong reduction of CD4 single positive T cells in the thymus (4.9% vs. 11.1%) (<xref rid="fig1" ref-type="fig">Fig. 1</xref>A). The number of CD8 positive T cells was also reduced, albeit less pronounced (1.2% vs. 1.9%) (<xref rid="fig1" ref-type="fig">Fig. 1</xref>B). Consequently, the double positive fraction was enhanced from 79% to 85%, whereas total thymocyte numbers were comparable between wild-type and PKC&#x003b8;<sup>&#x02212;/&#x02212;</sup> mice (not shown). The numbers of mature T lymphocytes in lymph nodes and spleens were also not altered between genotypes (not shown), indicating that migration of T cells from the thymus into the periphery is not influenced by the loss of PKC&#x003b8;. To investigate whether the reduction of mature T cells in the thymi of PKC&#x003b8;<sup>&#x02212;/&#x02212;</sup> mice was due to a suboptimal positive selection, we analyzed the expression of CD69 and CD5. The upregulation of these surface proteins at the double positive stage has been associated with positive selection of developing thymocytes and can therefore serve as marker molecules <xref rid="bib18 bib19" ref-type="bibr">[18,19]</xref>. Interestingly, CD69<sup>+</sup> double positive thymocytes were diminished by 50% in the PKC&#x003b8; knockout mice (7.9% vs. 16.4%) (<xref rid="fig1" ref-type="fig">Fig. 1</xref>C), and CD5 expression was reduced by one third (23.7% vs. 36.8%) (<xref rid="fig1" ref-type="fig">Fig. 1</xref>D). These results strongly indicate that PKC&#x003b8; is important for efficient positive selection of thymocytes that occurs during the transition from CD4<sup>+</sup>CD8<sup>+</sup> double positive to either CD4<sup>+</sup> or CD8<sup>+</sup> single positive T cells.</p></sec><sec><label>3.2</label><title>H-Y TCR transgenic PKC&#x003b8;<sup>&#x02212;/&#x02212;</sup> thymocytes show diminished positive selection</title><p>As the CD8<sup>+</sup> single positive subset comprises only about 2% of whole thymocytes, a defect in the maturation of this lineage is difficult to detect. In order to investigate whether PKC&#x003b8; is important in the positive selection of the CD4<sup>&#x02212;</sup>CD8<sup>+</sup> subset, we introduced the H-Y T cell receptor transgene into mice deficient in PKC&#x003b8;. Consistent with the results obtained with TCR non-transgenic mice, PKC&#x003b8; deficient H-Y TCR transgenic mice showed a clear defect in the maturation of CD8<sup>+</sup> single positive thymocytes (11.7% vs. 18.6%) (<xref rid="fig1" ref-type="fig">Fig. 1</xref>E). This developmental defect is most probably due to a suboptimal positive selection as the number of CD69<sup>+</sup> double positive thymocytes was decreased by 70% in PKC&#x003b8; deficient compared to wild-type mice (9.6% vs. 32%) (<xref rid="fig1" ref-type="fig">Fig. 1</xref>F). Total thymocyte numbers were not altered between genotypes, and male H-Y TCR mice deficient in PKC&#x003b8; exhibited the same subset distribution as their wild-type counterparts (not shown), indicating that negative selection was not affected by the loss of PKC&#x003b8;.</p></sec><sec><label>3.3</label><title>PKC&#x003b8; deficient thymocytes lack significant ERK signaling</title><p>Since ERK activation was suggested to be required for positive selection <xref rid="bib3 bib20" ref-type="bibr">[3,20]</xref>, we investigated whether PKC&#x003b8; deficiency influenced ERK activation, quantified as phosphorylation of ERK1/2 on Thr202 and Tyr204. After CD3/CD28 stimulation of wild-type thymocytes, ERK phosphorylation was readily detected and prolonged over at least 40&#x000a0;min. By contrast, in PKC&#x003b8;<sup>&#x02212;/&#x02212;</sup> thymocytes virtually no ERK phosphorylation was detectable over a time period of 60&#x000a0;min (<xref rid="fig2" ref-type="fig">Fig. 2</xref>).</p></sec><sec><label>3.4</label><title>PKC&#x003b8;<sup>&#x02212;/&#x02212;</sup> thymocytes exhibit diminished proliferation and IL-2 responses</title><p>It was shown previously that proliferation and IL-2 secretion of mature T cells crucially depend on PKC&#x003b8; <xref rid="bib14 bib15 bib21" ref-type="bibr">[14,15,21]</xref>. To assess whether this holds also true for immature T cells, we stimulated thymocytes with anti-CD3 and anti-CD28 antibodies and measured proliferative and IL-2 responses. PKC&#x003b8; deficient thymocytes showed profound defects in proliferation as well as IL-2 secretion (<xref rid="fig3" ref-type="fig">Fig. 3</xref>A and B) which suggests that PKC&#x003b8; is not only important for TCR signaling in mature but also immature T cells.</p></sec><sec><label>3.5</label><title>PKC&#x003b8;<sup>&#x02212;/&#x02212;</sup> thymocytes show defective activation of the transcription factors NFAT, AP-1, and NF&#x003ba;B</title><p>IL-2 expression after TCR/CD28 engagement is contingent on a number of gene regulatory proteins, the most prominent being NFAT, AP-1, and NF&#x003ba;B <xref rid="bib22 bib23" ref-type="bibr">[22,23]</xref>. The activation of these transcription factors in mature peripheral T cells is crucially dependent on PKC&#x003b8; <xref rid="bib14 bib15 bib21" ref-type="bibr">[14,15,21]</xref>. In light of these findings and considering the IL-2 secretion defect of PKC&#x003b8; deficient thymocytes, we examined whether the activation of these transcription factors is also PKC&#x003b8;-dependent in developing immature T cells. Wild-type and PKC&#x003b8;<sup>&#x02212;/&#x02212;</sup> thymocytes were stimulated with anti-CD3 and anti-CD28 antibodies and nuclear extracts were analyzed in band shift assays. The activation of NFAT and AP-1 was strongly diminished in PKC&#x003b8; deficient thymocytes (<xref rid="fig3" ref-type="fig">Fig. 3</xref>C). Interestingly and in contrast to previous reports <xref rid="bib13 bib21" ref-type="bibr">[13,21]</xref>, NF&#x003ba;B activation was also severely impaired in PKC&#x003b8;<sup>&#x02212;/&#x02212;</sup> thymocytes (<xref rid="fig3" ref-type="fig">Fig. 3</xref>C). This defect in NF&#x003ba;B activation was reproducibly observed and confirmed by analyzing the nuclear translocation of p50, a NF&#x003ba;B subunit (<xref rid="fig3" ref-type="fig">Fig. 3</xref>D). To exclude that this differing result was simply due to different stimulation conditions, we treated thymocytes in accordance with Sun et al. either with anti-CD3 alone or with phorbol 12,13-dibutyrate (PdBu) alone for 8&#x000a0;h. Still, PKC&#x003b8; deficient thymocytes showed a severe defect in NF&#x003ba;B activation (<xref rid="fig3" ref-type="fig">Fig. 3</xref>E).</p></sec></sec><sec><label>4</label><title>Discussion</title><p>It has been shown in several publications that PKC&#x003b8; is required for efficient activation of mature T lymphocytes <xref rid="bib14 bib15 bib16 bib17 bib21" ref-type="bibr">[14&#x02013;17,21]</xref>. Particularly, PKC&#x003b8; is a positive regulator of pathways that activate the transcription factors NFAT, AP-1, and NF&#x003ba;B and ultimately converge at the induction of IL-2 expression in peripheral T cells. PKC&#x003b8; also mediates LFA-1/ICAM-1 adhesion and stabilizes the immunological synapse <xref rid="bib24" ref-type="bibr">[24]</xref>. We could demonstrate recently that activation of PKC&#x003b8; leads to the degradation of the negative regulator Cbl-b, thereby contributing to full T cell activation <xref rid="bib14" ref-type="bibr">[14]</xref>. While the significance of PKC&#x003b8; in the activation of mature peripheral T lymphocytes is well established <xref rid="bib25" ref-type="bibr">[25]</xref>, the role of PKC&#x003b8; in T cell development in the thymus is somewhat controversial <xref rid="bib13 bib15 bib21" ref-type="bibr">[13,15,21]</xref>. Our study now confirms a previous one in which PKC&#x003b8; was shown to be required for efficient positive selection <xref rid="bib13" ref-type="bibr">[13]</xref>. Albeit inconsistent with an earlier publication by our laboratory which concentrated on mature peripheral T cells <xref rid="bib15" ref-type="bibr">[15]</xref>, a more thorough investigation now revealed clearly that the loss of PKC&#x003b8; led to a strong reduction of mature T cells in the thymus and a concomitant decrease of markers for positive selection, i.e. CD5 and CD69 (<xref rid="fig1" ref-type="fig">Fig. 1</xref>). However, while Morley et al. used CD4-restricted TCR transgenic mice, we employed the CD8-restricted HY specific TCR, thereby complementing previous data (<xref rid="fig1" ref-type="fig">Fig. 1</xref>E and F). The H-Y specific and MHC class I restricted TCR recognizes a peptide from the male H-Y antigen presented on H-2D<sup>b</sup>. As a consequence, thymocytes expressing the H-Y TCR are positively selected in female H-2<sup>b</sup> mice and negatively selected in male H-2<sup>b</sup> mice <xref rid="bib26" ref-type="bibr">[26]</xref>. Therefore, in female mice, the thymocyte development is shifted towards the CD8<sup>+</sup> lineage.</p><p>Several studies reported that ERK signaling was required for efficient positive selection <xref rid="bib3 bib20" ref-type="bibr">[3,20]</xref>. We here show that activation of ERK1/2 was strongly impaired in PKC&#x003b8; deficient thymocytes (<xref rid="fig2" ref-type="fig">Fig. 2</xref>). Thus, as opposed to the situation in mature T cells <xref rid="bib15" ref-type="bibr">[15]</xref>, ERK activation in thymocytes is strictly dependent on PKC&#x003b8;, and impaired ERK activity could contribute to the defective positive selection of PKC&#x003b8;<sup>&#x02212;/&#x02212;</sup> thymocytes. Moreover, PKC&#x003b8; deficient thymocytes showed profound defects in proliferation as well as IL-2 secretion (<xref rid="fig3" ref-type="fig">Fig. 3</xref>A and B) which confirms that PKC&#x003b8; is not only important for TCR signaling in mature but also immature T cells.</p><p>NFAT was previously implicated in positive selection of thymocytes: The calcineurin inhibitors cyclosporin A and FK506 inhibit positive selection <italic>in vivo</italic>
<xref rid="bib27 bib28 bib29" ref-type="bibr">[27&#x02013;29]</xref>. Mice deficient in the predominant calcineurin catalytic isoform in T cells, i.e. calcineurin A&#x003b2; <xref rid="bib30" ref-type="bibr">[30]</xref>, show defective T cell development, reflected in fewer total CD3 cells and reduced CD4 and CD8 single positive cells <xref rid="bib8" ref-type="bibr">[8]</xref>. Moreover, it was shown that the calcineurin regulatory subunit, CnB1, is essential for positive selection during thymocyte development <xref rid="bib10" ref-type="bibr">[10]</xref>. In addition, it was reported that AP-1 is also involved in thymocyte maturation <xref rid="bib31" ref-type="bibr">[31]</xref>, and Ras activation, which is upstream of AP-1, is necessary for positive selection <xref rid="bib32 bib33" ref-type="bibr">[32,33]</xref>. As we now demonstrate that PKC&#x003b8; is necessary for efficient activation of NFAT as well as AP-1 in thymocytes (<xref rid="fig3" ref-type="fig">Fig. 3</xref>C), it is likely that the defective positive selection of PKC&#x003b8; deficient thymocytes is at least in part due to impaired NFAT and/or AP-1 activation.</p><p>Surprisingly, since in striking contrast to previous reports <xref rid="bib13 bib21" ref-type="bibr">[13,21]</xref>, NF&#x003ba;B activation was also reproducibly affected by the loss of PKC&#x003b8; (<xref rid="fig3" ref-type="fig">Fig. 3</xref>C&#x02013;E). The reasons for these conflicting results are not known, but the different mouse strains used in the studies are one possible explanation for the varying outcomes. Whether our observed NF&#x003ba;B activation defect contributes to impaired positive selection is not known so far. At least one publication stated that NF&#x003ba;B was dispensable for positive selection <xref rid="bib34" ref-type="bibr">[34]</xref>, whereas two groups reported that it plays a role in apoptosis of double positive thymocytes <xref rid="bib35 bib36" ref-type="bibr">[35,36]</xref>.</p><p>Collectively, we could demonstrate that in our system PKC&#x003b8; is required for full activation of NFAT, AP-1, and NF&#x003ba;B in thymocytes. In our hands, PKC&#x003b8; proved to be upstream of key transcription factors not only in mature <xref rid="bib15" ref-type="bibr">[15]</xref> but also in immature T cells.</p><p>Despite the fundamental role PKC&#x003b8; obviously plays in positive selection, no complete block in thymocyte maturation was observed. To examine whether other PKC isoforms partially compensate for the loss of PKC&#x003b8;, we generated mice that were additionally deficient in either PKCalpha, beta or epsilon (PCK&#x003b8;<sup>&#x02212;/&#x02212;</sup>/alpha<sup>&#x02212;/&#x02212;</sup>, PKC&#x003b8;<sup>&#x02212;/&#x02212;</sup>/beta<sup>&#x02212;/&#x02212;</sup>, PKC&#x003b8;<sup>&#x02212;/&#x02212;</sup>/epsilon<sup>&#x02212;/&#x02212;</sup>). None of these double-deficient mouse lines exhibited a more severe positive selection defect than did the PKC&#x003b8;-deficient alone (not shown). This indicates that there is no functional redundancy between these PKC isoforms during the maturation of thymocytes.</p></sec><sec><title>Conflict of interest</title><p>The authors have no financial conflict of interest.</p></sec></body><back><ref-list><title>References</title><ref id="bib1"><label>1</label><element-citation publication-type="journal"><person-group person-group-type="author"><name><surname>Ashton-Rickardt</surname><given-names>P.G.</given-names></name><name><surname>Bandeira</surname><given-names>A.</given-names></name><name><surname>Delaney</surname><given-names>J.R.</given-names></name><name><surname>Van Kaer</surname><given-names>L.</given-names></name><name><surname>Pircher</surname><given-names>H.P.</given-names></name><name><surname>Zinkernagel</surname><given-names>R.M.</given-names></name></person-group><article-title>Evidence for a differential avidity model of T cell selection in the thymus</article-title><source>Cell</source><volume>76</volume><year>1994</year><fpage>651</fpage><lpage>663</lpage><pub-id pub-id-type="pmid">8124708</pub-id></element-citation></ref><ref id="bib2"><label>2</label><element-citation publication-type="journal"><person-group person-group-type="author"><name><surname>Mariathasan</surname><given-names>S.</given-names></name><name><surname>Zakarian</surname><given-names>A.</given-names></name><name><surname>Bouchard</surname><given-names>D.</given-names></name><name><surname>Michie</surname><given-names>A.M.</given-names></name><name><surname>Zuniga-Pflucker</surname><given-names>J.C.</given-names></name><name><surname>Ohashi</surname><given-names>P.S.</given-names></name></person-group><article-title>Duration and strength of extracellular signal-regulated kinase signals are altered during positive versus negative thymocyte selection</article-title><source>J Immunol</source><volume>167</volume><year>2001</year><fpage>4966</fpage><lpage>4973</lpage><pub-id pub-id-type="pmid">11673503</pub-id></element-citation></ref><ref id="bib3"><label>3</label><element-citation publication-type="journal"><person-group person-group-type="author"><name><surname>McNeil</surname><given-names>L.K.</given-names></name><name><surname>Starr</surname><given-names>T.K.</given-names></name><name><surname>Hogquist</surname><given-names>K.A.</given-names></name></person-group><article-title>A requirement for sustained ERK signaling during thymocyte positive selection in vivo</article-title><source>Proc Natl Acad Sci USA</source><volume>102</volume><year>2005</year><fpage>13574</fpage><lpage>13579</lpage><pub-id pub-id-type="pmid">16174747</pub-id></element-citation></ref><ref id="bib4"><label>4</label><element-citation publication-type="journal"><person-group person-group-type="author"><name><surname>Bouillet</surname><given-names>P.</given-names></name><name><surname>Purton</surname><given-names>J.F.</given-names></name><name><surname>Godfrey</surname><given-names>D.I.</given-names></name><name><surname>Zhang</surname><given-names>L.C.</given-names></name><name><surname>Coultas</surname><given-names>L.</given-names></name><name><surname>Puthalakath</surname><given-names>H.</given-names></name></person-group><article-title>BH3-only Bcl-2 family member Bim is required for apoptosis of autoreactive thymocytes</article-title><source>Nature</source><volume>415</volume><year>2002</year><fpage>922</fpage><lpage>926</lpage><pub-id pub-id-type="pmid">11859372</pub-id></element-citation></ref><ref id="bib5"><label>5</label><element-citation publication-type="journal"><person-group person-group-type="author"><name><surname>Harada</surname><given-names>H.</given-names></name><name><surname>Quearry</surname><given-names>B.</given-names></name><name><surname>Ruiz-Vela</surname><given-names>A.</given-names></name><name><surname>Korsmeyer</surname><given-names>S.J.</given-names></name></person-group><article-title>Survival factor-induced extracellular signal-regulated kinase phosphorylates BIM, inhibiting its association with BAX and proapoptotic activity</article-title><source>Proc Natl Acad Sci USA</source><volume>101</volume><year>2004</year><fpage>15313</fpage><lpage>15317</lpage><pub-id pub-id-type="pmid">15486085</pub-id></element-citation></ref><ref id="bib6"><label>6</label><element-citation publication-type="journal"><person-group person-group-type="author"><name><surname>Ley</surname><given-names>R.</given-names></name><name><surname>Balmanno</surname><given-names>K.</given-names></name><name><surname>Hadfield</surname><given-names>K.</given-names></name><name><surname>Weston</surname><given-names>C.</given-names></name><name><surname>Cook</surname><given-names>S.J.</given-names></name></person-group><article-title>Activation of the ERK1/2 signaling pathway promotes phosphorylation and proteasome-dependent degradation of the BH3-only protein, Bim</article-title><source>J Biol Chem</source><volume>278</volume><year>2003</year><fpage>18811</fpage><lpage>18816</lpage><pub-id pub-id-type="pmid">12646560</pub-id></element-citation></ref><ref id="bib7"><label>7</label><element-citation publication-type="journal"><person-group person-group-type="author"><name><surname>Luciano</surname><given-names>F.</given-names></name><name><surname>Jacquel</surname><given-names>A.</given-names></name><name><surname>Colosetti</surname><given-names>P.</given-names></name><name><surname>Herrant</surname><given-names>M.</given-names></name><name><surname>Cagnol</surname><given-names>S.</given-names></name><name><surname>Pages</surname><given-names>G.</given-names></name></person-group><article-title>Phosphorylation of Bim-EL by Erk1/2 on serine 69 promotes its degradation via the proteasome pathway and regulates its proapoptotic function</article-title><source>Oncogene</source><volume>22</volume><year>2003</year><fpage>6785</fpage><lpage>6793</lpage><pub-id pub-id-type="pmid">14555991</pub-id></element-citation></ref><ref id="bib8"><label>8</label><element-citation publication-type="journal"><person-group person-group-type="author"><name><surname>Bueno</surname><given-names>O.F.</given-names></name><name><surname>Brandt</surname><given-names>E.B.</given-names></name><name><surname>Rothenberg</surname><given-names>M.E.</given-names></name><name><surname>Molkentin</surname><given-names>J.D.</given-names></name></person-group><article-title>Defective T cell development and function in calcineurin A beta-deficient mice</article-title><source>Proc Natl Acad Sci USA</source><volume>99</volume><year>2002</year><fpage>9398</fpage><lpage>9403</lpage><pub-id pub-id-type="pmid">12091710</pub-id></element-citation></ref><ref id="bib9"><label>9</label><element-citation publication-type="journal"><person-group person-group-type="author"><name><surname>Gallo</surname><given-names>E.M.</given-names></name><name><surname>Winslow</surname><given-names>M.M.</given-names></name><name><surname>Cante-Barrett</surname><given-names>K.</given-names></name><name><surname>Radermacher</surname><given-names>A.N.</given-names></name><name><surname>Ho</surname><given-names>L.</given-names></name><name><surname>McGinnis</surname><given-names>L.</given-names></name></person-group><article-title>Calcineurin sets the bandwidth for discrimination of signals during thymocyte development</article-title><source>Nature</source><volume>450</volume><year>2007</year><fpage>731</fpage><lpage>735</lpage><pub-id pub-id-type="pmid">18046413</pub-id></element-citation></ref><ref id="bib10"><label>10</label><element-citation publication-type="journal"><person-group person-group-type="author"><name><surname>Neilson</surname><given-names>J.R.</given-names></name><name><surname>Winslow</surname><given-names>M.M.</given-names></name><name><surname>Hur</surname><given-names>E.M.</given-names></name><name><surname>Crabtree</surname><given-names>G.R.</given-names></name></person-group><article-title>Calcineurin B1 is essential for positive but not negative selection during thymocyte development</article-title><source>Immunity</source><volume>20</volume><year>2004</year><fpage>255</fpage><lpage>266</lpage><pub-id pub-id-type="pmid">15030770</pub-id></element-citation></ref><ref id="bib11"><label>11</label><element-citation publication-type="journal"><person-group person-group-type="author"><name><surname>Wang</surname><given-names>C.R.</given-names></name><name><surname>Hashimoto</surname><given-names>K.</given-names></name><name><surname>Kubo</surname><given-names>S.</given-names></name><name><surname>Yokochi</surname><given-names>T.</given-names></name><name><surname>Kubo</surname><given-names>M.</given-names></name><name><surname>Suzuki</surname><given-names>M.</given-names></name></person-group><article-title>T cell receptor-mediated signaling events in CD4+CD8+ thymocytes undergoing thymic selection: requirement of calcineurin activation for thymic positive selection but not negative selection</article-title><source>J Exp Med</source><volume>181</volume><year>1995</year><fpage>927</fpage><lpage>941</lpage><pub-id pub-id-type="pmid">7532685</pub-id></element-citation></ref><ref id="bib12"><label>12</label><element-citation publication-type="journal"><person-group person-group-type="author"><name><surname>Oukka</surname><given-names>M.</given-names></name><name><surname>Ho</surname><given-names>I.C.</given-names></name><name><surname>de la Brousse</surname><given-names>F.C.</given-names></name><name><surname>Hoey</surname><given-names>T.</given-names></name><name><surname>Grusby</surname><given-names>M.J.</given-names></name><name><surname>Glimcher</surname><given-names>L.H.</given-names></name></person-group><article-title>The transcription factor NFAT4 is involved in the generation and survival of T cells</article-title><source>Immunity</source><volume>9</volume><year>1998</year><fpage>295</fpage><lpage>304</lpage><pub-id pub-id-type="pmid">9768749</pub-id></element-citation></ref><ref id="bib13"><label>13</label><element-citation publication-type="journal"><person-group person-group-type="author"><name><surname>Morley</surname><given-names>S.C.</given-names></name><name><surname>Weber</surname><given-names>K.S.</given-names></name><name><surname>Kao</surname><given-names>H.</given-names></name><name><surname>Allen</surname><given-names>P.M.</given-names></name></person-group><article-title>Protein kinase C-theta is required for efficient positive selection</article-title><source>J Immunol</source><volume>181</volume><year>2008</year><fpage>4696</fpage><lpage>4708</lpage><pub-id pub-id-type="pmid">18802072</pub-id></element-citation></ref><ref id="bib14"><label>14</label><element-citation publication-type="journal"><person-group person-group-type="author"><name><surname>Gruber</surname><given-names>T.</given-names></name><name><surname>Hermann-Kleiter</surname><given-names>N.</given-names></name><name><surname>Hinterleitner</surname><given-names>R.</given-names></name><name><surname>Fresser</surname><given-names>F.</given-names></name><name><surname>Schneider</surname><given-names>R.</given-names></name><name><surname>Gastl</surname><given-names>G.</given-names></name></person-group><article-title>PKC-theta modulates the strength of T cell responses by targeting Cbl-b for ubiquitination and degradation</article-title><source>Sci Signal</source><volume>2</volume><year>2009</year><fpage>ra30</fpage><pub-id pub-id-type="pmid">19549985</pub-id></element-citation></ref><ref id="bib15"><label>15</label><element-citation publication-type="journal"><person-group person-group-type="author"><name><surname>Pfeifhofer</surname><given-names>C.</given-names></name><name><surname>Kofler</surname><given-names>K.</given-names></name><name><surname>Gruber</surname><given-names>T.</given-names></name><name><surname>Tabrizi</surname><given-names>N.G.</given-names></name><name><surname>Lutz</surname><given-names>C.</given-names></name><name><surname>Maly</surname><given-names>K.</given-names></name></person-group><article-title>Protein kinase C theta affects Ca2+ mobilization and NFAT cell activation in primary mouse T cells</article-title><source>J Exp Med</source><volume>197</volume><year>2003</year><fpage>1525</fpage><lpage>1535</lpage><pub-id pub-id-type="pmid">12782715</pub-id></element-citation></ref><ref id="bib16"><label>16</label><element-citation publication-type="journal"><person-group person-group-type="author"><name><surname>Altman</surname><given-names>A.</given-names></name><name><surname>Kaminski</surname><given-names>S.</given-names></name><name><surname>Busuttil</surname><given-names>V.</given-names></name><name><surname>Droin</surname><given-names>N.</given-names></name><name><surname>Hu</surname><given-names>J.</given-names></name><name><surname>Tadevosyan</surname><given-names>Y.</given-names></name></person-group><article-title>Positive feedback regulation of PLCgamma1/Ca(2+) signaling by PKCtheta in restimulated T cells via a Tec kinase-dependent pathway</article-title><source>Eur J Immunol</source><volume>34</volume><year>2004</year><fpage>2001</fpage><lpage>2011</lpage><pub-id pub-id-type="pmid">15214048</pub-id></element-citation></ref><ref id="bib17"><label>17</label><element-citation publication-type="journal"><person-group person-group-type="author"><name><surname>Manicassamy</surname><given-names>S.</given-names></name><name><surname>Sadim</surname><given-names>M.</given-names></name><name><surname>Ye</surname><given-names>R.D.</given-names></name><name><surname>Sun</surname><given-names>Z.</given-names></name></person-group><article-title>Differential roles of PKC-theta in the regulation of intracellular calcium concentration in primary T cells</article-title><source>J Mol Biol</source><volume>355</volume><year>2006</year><fpage>347</fpage><lpage>359</lpage><pub-id pub-id-type="pmid">16309697</pub-id></element-citation></ref><ref id="bib18"><label>18</label><element-citation publication-type="journal"><person-group person-group-type="author"><name><surname>Brandle</surname><given-names>D.</given-names></name><name><surname>Muller</surname><given-names>S.</given-names></name><name><surname>Muller</surname><given-names>C.</given-names></name><name><surname>Hengartner</surname><given-names>H.</given-names></name><name><surname>Pircher</surname><given-names>H.</given-names></name></person-group><article-title>Regulation of RAG-1 and CD69 expression in the thymus during positive and negative selection</article-title><source>Eur J Immunol</source><volume>24</volume><year>1994</year><fpage>145</fpage><lpage>151</lpage><pub-id pub-id-type="pmid">8020549</pub-id></element-citation></ref><ref id="bib19"><label>19</label><element-citation publication-type="journal"><person-group person-group-type="author"><name><surname>Dutz</surname><given-names>J.P.</given-names></name><name><surname>Ong</surname><given-names>C.J.</given-names></name><name><surname>Marth</surname><given-names>J.</given-names></name><name><surname>Teh</surname><given-names>H.S.</given-names></name></person-group><article-title>Distinct differentiative stages of CD4+CD8+ thymocyte development defined by the lack of coreceptor binding in positive selection</article-title><source>J Immunol</source><volume>154</volume><year>1995</year><fpage>2588</fpage><lpage>2599</lpage><pub-id pub-id-type="pmid">7533178</pub-id></element-citation></ref><ref id="bib20"><label>20</label><element-citation publication-type="journal"><person-group person-group-type="author"><name><surname>Fischer</surname><given-names>A.M.</given-names></name><name><surname>Katayama</surname><given-names>C.D.</given-names></name><name><surname>Pages</surname><given-names>G.</given-names></name><name><surname>Pouyssegur</surname><given-names>J.</given-names></name><name><surname>Hedrick</surname><given-names>S.M.</given-names></name></person-group><article-title>The role of erk1 and erk2 in multiple stages of T cell development</article-title><source>Immunity</source><volume>23</volume><year>2005</year><fpage>431</fpage><lpage>443</lpage><pub-id pub-id-type="pmid">16226508</pub-id></element-citation></ref><ref id="bib21"><label>21</label><element-citation publication-type="journal"><person-group person-group-type="author"><name><surname>Sun</surname><given-names>Z.</given-names></name><name><surname>Arendt</surname><given-names>C.W.</given-names></name><name><surname>Ellmeier</surname><given-names>W.</given-names></name><name><surname>Schaeffer</surname><given-names>E.M.</given-names></name><name><surname>Sunshine</surname><given-names>M.J.</given-names></name><name><surname>Gandhi</surname><given-names>L.</given-names></name></person-group><article-title>PKC-theta is required for TCR-induced NF-kappaB activation in mature but not immature T lymphocytes</article-title><source>Nature</source><volume>404</volume><year>2000</year><fpage>402</fpage><lpage>407</lpage><pub-id pub-id-type="pmid">10746729</pub-id></element-citation></ref><ref id="bib22"><label>22</label><element-citation publication-type="journal"><person-group person-group-type="author"><name><surname>Northrop</surname><given-names>J.P.</given-names></name><name><surname>Ho</surname><given-names>S.N.</given-names></name><name><surname>Chen</surname><given-names>L.</given-names></name><name><surname>Thomas</surname><given-names>D.J.</given-names></name><name><surname>Timmerman</surname><given-names>L.A.</given-names></name><name><surname>Nolan</surname><given-names>G.P.</given-names></name></person-group><article-title>NF-AT components define a family of transcription factors targeted in T-cell activation</article-title><source>Nature</source><volume>369</volume><year>1994</year><fpage>497</fpage><lpage>502</lpage><pub-id pub-id-type="pmid">8202141</pub-id></element-citation></ref><ref id="bib23"><label>23</label><element-citation publication-type="journal"><person-group person-group-type="author"><name><surname>Shapiro</surname><given-names>V.S.</given-names></name><name><surname>Truitt</surname><given-names>K.E.</given-names></name><name><surname>Imboden</surname><given-names>J.B.</given-names></name><name><surname>Weiss</surname><given-names>A.</given-names></name></person-group><article-title>CD28 mediates transcriptional upregulation of the interleukin-2 (IL-2) promoter through a composite element containing the CD28RE and NF-IL-2B AP-1 sites</article-title><source>Mol Cell Biol</source><volume>17</volume><year>1997</year><fpage>4051</fpage><lpage>4058</lpage><pub-id pub-id-type="pmid">9199340</pub-id></element-citation></ref><ref id="bib24"><label>24</label><element-citation publication-type="journal"><person-group person-group-type="author"><name><surname>Letschka</surname><given-names>T.</given-names></name><name><surname>Kollmann</surname><given-names>V.</given-names></name><name><surname>Pfeifhofer-Obermair</surname><given-names>C.</given-names></name><name><surname>Lutz-Nicoladoni</surname><given-names>C.</given-names></name><name><surname>Obermair</surname><given-names>G.J.</given-names></name><name><surname>Fresser</surname><given-names>F.</given-names></name></person-group><article-title>PKC-theta selectively controls the adhesion-stimulating molecule Rap1</article-title><source>Blood</source><volume>112</volume><year>2008</year><fpage>4617</fpage><lpage>4627</lpage><pub-id pub-id-type="pmid">18796635</pub-id></element-citation></ref><ref id="bib25"><label>25</label><element-citation publication-type="journal"><person-group person-group-type="author"><name><surname>Hayashi</surname><given-names>K.</given-names></name><name><surname>Altman</surname><given-names>A.</given-names></name></person-group><article-title>Protein kinase C theta (PKCtheta): a key player in T cell life and death</article-title><source>Pharmacol Res</source><volume>55</volume><year>2007</year><fpage>537</fpage><lpage>544</lpage><pub-id pub-id-type="pmid">17544292</pub-id></element-citation></ref><ref id="bib26"><label>26</label><element-citation publication-type="journal"><person-group person-group-type="author"><name><surname>von Boehmer</surname><given-names>H.</given-names></name></person-group><article-title>Developmental biology of T cells in T cell-receptor transgenic mice</article-title><source>Annu Rev Immunol</source><volume>8</volume><year>1990</year><fpage>531</fpage><lpage>556</lpage><pub-id pub-id-type="pmid">2188673</pub-id></element-citation></ref><ref id="bib27"><label>27</label><element-citation publication-type="journal"><person-group person-group-type="author"><name><surname>Gao</surname><given-names>E.K.</given-names></name><name><surname>Lo</surname><given-names>D.</given-names></name><name><surname>Cheney</surname><given-names>R.</given-names></name><name><surname>Kanagawa</surname><given-names>O.</given-names></name><name><surname>Sprent</surname><given-names>J.</given-names></name></person-group><article-title>Abnormal differentiation of thymocytes in mice treated with cyclosporin A</article-title><source>Nature</source><volume>336</volume><year>1988</year><fpage>176</fpage><lpage>179</lpage><pub-id pub-id-type="pmid">2972933</pub-id></element-citation></ref><ref id="bib28"><label>28</label><element-citation publication-type="journal"><person-group person-group-type="author"><name><surname>Hollander</surname><given-names>G.A.</given-names></name><name><surname>Fruman</surname><given-names>D.A.</given-names></name><name><surname>Bierer</surname><given-names>B.E.</given-names></name><name><surname>Burakoff</surname><given-names>S.J.</given-names></name></person-group><article-title>Disruption of T cell development and repertoire selection by calcineurin inhibition in vivo</article-title><source>Transplantation</source><volume>58</volume><year>1994</year><fpage>1037</fpage><lpage>1043</lpage><pub-id pub-id-type="pmid">7526495</pub-id></element-citation></ref><ref id="bib29"><label>29</label><element-citation publication-type="journal"><person-group person-group-type="author"><name><surname>Urdahl</surname><given-names>K.B.</given-names></name><name><surname>Pardoll</surname><given-names>D.M.</given-names></name><name><surname>Jenkins</surname><given-names>M.K.</given-names></name></person-group><article-title>Cyclosporin A inhibits positive selection and delays negative selection in alpha beta TCR transgenic mice</article-title><source>J Immunol</source><volume>152</volume><year>1994</year><fpage>2853</fpage><lpage>2859</lpage><pub-id pub-id-type="pmid">8144886</pub-id></element-citation></ref><ref id="bib30"><label>30</label><element-citation publication-type="journal"><person-group person-group-type="author"><name><surname>Jiang</surname><given-names>H.</given-names></name><name><surname>Xiong</surname><given-names>F.</given-names></name><name><surname>Kong</surname><given-names>S.</given-names></name><name><surname>Ogawa</surname><given-names>T.</given-names></name><name><surname>Kobayashi</surname><given-names>M.</given-names></name><name><surname>Liu</surname><given-names>J.O.</given-names></name></person-group><article-title>Distinct tissue and cellular distribution of two major isoforms of calcineurin</article-title><source>Mol Immunol</source><volume>34</volume><year>1997</year><fpage>663</fpage><lpage>669</lpage><pub-id pub-id-type="pmid">9393969</pub-id></element-citation></ref><ref id="bib31"><label>31</label><element-citation publication-type="journal"><person-group person-group-type="author"><name><surname>Rincon</surname><given-names>M.</given-names></name><name><surname>Flavell</surname><given-names>R.A.</given-names></name></person-group><article-title>Regulation of AP-1 and NFAT transcription factors during thymic selection of T cells</article-title><source>Mol Cell Biol</source><volume>16</volume><year>1996</year><fpage>1074</fpage><lpage>1084</lpage><pub-id pub-id-type="pmid">8622652</pub-id></element-citation></ref><ref id="bib32"><label>32</label><element-citation publication-type="journal"><person-group person-group-type="author"><name><surname>Alberola-Ila</surname><given-names>J.</given-names></name><name><surname>Hogquist</surname><given-names>K.A.</given-names></name><name><surname>Swan</surname><given-names>K.A.</given-names></name><name><surname>Bevan</surname><given-names>M.J.</given-names></name><name><surname>Perlmutter</surname><given-names>R.M.</given-names></name></person-group><article-title>Positive and negative selection invoke distinct signaling pathways</article-title><source>J Exp Med</source><volume>184</volume><year>1996</year><fpage>9</fpage><lpage>18</lpage><pub-id pub-id-type="pmid">8691153</pub-id></element-citation></ref><ref id="bib33"><label>33</label><element-citation publication-type="journal"><person-group person-group-type="author"><name><surname>Dower</surname><given-names>N.A.</given-names></name><name><surname>Stang</surname><given-names>S.L.</given-names></name><name><surname>Bottorff</surname><given-names>D.A.</given-names></name><name><surname>Ebinu</surname><given-names>J.O.</given-names></name><name><surname>Dickie</surname><given-names>P.</given-names></name><name><surname>Ostergaard</surname><given-names>H.L.</given-names></name></person-group><article-title>RasGRP is essential for mouse thymocyte differentiation and TCR signaling</article-title><source>Nat Immunol</source><volume>1</volume><year>2000</year><fpage>317</fpage><lpage>321</lpage><pub-id pub-id-type="pmid">11017103</pub-id></element-citation></ref><ref id="bib34"><label>34</label><element-citation publication-type="journal"><person-group person-group-type="author"><name><surname>Jost</surname><given-names>P.J.</given-names></name><name><surname>Weiss</surname><given-names>S.</given-names></name><name><surname>Ferch</surname><given-names>U.</given-names></name><name><surname>Gross</surname><given-names>O.</given-names></name><name><surname>Mak</surname><given-names>T.W.</given-names></name><name><surname>Peschel</surname><given-names>C.</given-names></name></person-group><article-title>Bcl10/Malt1 signaling is essential for TCR-induced NF-kappaB activation in thymocytes but dispensable for positive or negative selection</article-title><source>J Immunol</source><volume>178</volume><year>2007</year><fpage>953</fpage><lpage>960</lpage><pub-id pub-id-type="pmid">17202357</pub-id></element-citation></ref><ref id="bib35"><label>35</label><element-citation publication-type="journal"><person-group person-group-type="author"><name><surname>Hettmann</surname><given-names>T.</given-names></name><name><surname>DiDonato</surname><given-names>J.</given-names></name><name><surname>Karin</surname><given-names>M.</given-names></name><name><surname>Leiden</surname><given-names>J.M.</given-names></name></person-group><article-title>An essential role for nuclear factor kappaB in promoting double positive thymocyte apoptosis</article-title><source>J Exp Med</source><volume>189</volume><year>1999</year><fpage>145</fpage><lpage>158</lpage><pub-id pub-id-type="pmid">9874571</pub-id></element-citation></ref><ref id="bib36"><label>36</label><element-citation publication-type="journal"><person-group person-group-type="author"><name><surname>Huang</surname><given-names>F.</given-names></name><name><surname>Kitaura</surname><given-names>Y.</given-names></name><name><surname>Jang</surname><given-names>I.</given-names></name><name><surname>Naramura</surname><given-names>M.</given-names></name><name><surname>Kole</surname><given-names>H.H.</given-names></name><name><surname>Liu</surname><given-names>L.</given-names></name></person-group><article-title>Establishment of the major compatibility complex-dependent development of CD4+ and CD8+ T cells by the Cbl family proteins</article-title><source>Immunity</source><volume>25</volume><year>2006</year><fpage>571</fpage><lpage>581</lpage><pub-id pub-id-type="pmid">17045823</pub-id></element-citation></ref></ref-list><ack><title>Acknowledgements</title><p>This work was supported by the FWF Austrian Science Fund (grants SFB-021 and P19505-B05) and the Hertha Firnberg Fellowship T264-B13. We are grateful to G. B&#x000f6;ck from Innsbruck for FACS analysis and W. Ellmeier for providing HY TCR transgenic animals. All experiments comply with the current laws of Austria.</p></ack></back><floats-group><fig id="fig1"><label>Fig. 1</label><caption><p>PKC&#x003b8; deficiency leads to impaired maturation of thymocytes. Wild-type and PKC&#x003b8;<sup>&#x02212;/&#x02212;</sup> thymocytes from non-transgenic (A&#x02013;D) or HY TCR transgenic (E&#x02013;F) mice were stained with PE-anti-CD4, APC-anti-CD8, and FITC-anti-CD5 or FITC-anti-CD69. Percentages of indicated subsets are shown as boxplots. <italic>p</italic>&#x000a0;&#x0003c;&#x000a0;0.01 (A&#x02013;E); <italic>p</italic>&#x000a0;=&#x000a0;0.015 (F). <italic>p</italic> values were calculated with Student's <italic>t</italic>-test.</p></caption><graphic xlink:href="gr1"/></fig><fig id="fig2"><label>Fig. 2</label><caption><p>Activation of ERK is strongly diminished in PKC&#x003b8; deficient thymocytes. Wild-type and PKC&#x003b8;<sup>&#x02212;/&#x02212;</sup> thymocytes were stimulated with anti-CD3 and anti-CD28 antibodies for indicated time periods and whole cell extracts were prepared. Phosphorylation of ERK1/2 on Thr202 and Tyr204 was detected by immunoblotting with a phospho-specific antibody. panERK1/2 served as a loading control.</p></caption><graphic xlink:href="gr2"/></fig><fig id="fig3"><label>Fig. 3</label><caption><p>PKC&#x003b8; deficient thymocytes show severe defects in proliferation, IL-2 secretion and transcription factor activation. (A and B) Thymocytes were stimulated with anti-CD3 and anti-CD28 antibodies, as indicated. Cellular proliferation was determined by measurement of the incorporation of [<sup>3</sup>H]thymidine (A), and the amount of IL-2 secreted under each condition was measured via the IL-2-dependent indicator cell line CTLL-2 (B). (C and D) Thymocytes were stimulated with 10&#x000a0;&#x003bc;g/ml anti-CD3 and 1&#x000a0;&#x003bc;g/ml anti-CD28 antibodies for 20&#x000a0;h. Nuclear extracts were analyzed by electrophoretic mobility shift assay (EMSA) to assess DNA binding (C) or by Western blotting to measure nuclear entry (D). Equal protein amounts were used for EMSA analysis and Western blotting. DNA polymerase &#x003b4; in the nuclear extracts served as a loading control. (E) EMSA with nuclear extracts from thymocytes, stimulated with 10&#x000a0;&#x003bc;g/ml anti-CD3 or 10&#x000a0;ng/ml PdBu for 8&#x000a0;h. In lanes 3, 5, 8, and 10 the DNA/protein complex was supershifted.</p></caption><graphic xlink:href="gr3"/></fig></floats-group></article>