<article xmlns:xlink="http://www.w3.org/1999/xlink" xmlns:mml="http://www.w3.org/1998/Math/MathML" article-type="research-article"><?properties open_access?><front><journal-meta><journal-id journal-id-type="nlm-ta">Immunol Lett</journal-id><journal-id journal-id-type="iso-abbrev">Immunol. Lett</journal-id><journal-title-group><journal-title>Immunology Letters</journal-title></journal-title-group><issn pub-type="ppub">0165-2478</issn><issn pub-type="epub">1879-0542</issn><publisher><publisher-name>Elsevier/North-Holland Biomedical Press</publisher-name></publisher></journal-meta><article-meta><article-id pub-id-type="pmid">25455592</article-id><article-id pub-id-type="pmc">4286576</article-id><article-id pub-id-type="publisher-id">S0165-2478(14)00239-9</article-id><article-id pub-id-type="doi">10.1016/j.imlet.2014.10.020</article-id><article-categories><subj-group subj-group-type="heading"><subject>Article</subject></subj-group></article-categories><title-group><article-title>TCR and CD28 activate the transcription factor NF-&#x003ba;B in T-cells via distinct adaptor signaling complexes</article-title></title-group><contrib-group><contrib contrib-type="author"><name><surname>Thaker</surname><given-names>Youg Raj</given-names></name><email>yrt20@cam.ac.uk</email><xref rid="cor0005" ref-type="corresp">&#x0204e;</xref></contrib><contrib contrib-type="author"><name><surname>Schneider</surname><given-names>Helga</given-names></name></contrib><contrib contrib-type="author"><name><surname>Rudd</surname><given-names>Christopher E.</given-names></name></contrib></contrib-group><aff id="aff0005">Cell Signalling Section, Department of Pathology, University of Cambridge, Tennis Court Road, Cambridge CB2 1QP, United Kingdom</aff><author-notes><corresp id="cor0005"><label>&#x0204e;</label>Corresponding author. Tel.: +44 01223 765663; fax: +44 01223 764733. <email>yrt20@cam.ac.uk</email></corresp></author-notes><pub-date pub-type="pmc-release"><day>1</day><month>1</month><year>2015</year></pub-date><!-- PMC Release delay is 0 months and 0 days and was based on <pub-date
						pub-type="ppub">.--><pub-date pub-type="ppub"><month>1</month><year>2015</year></pub-date><volume>163</volume><issue>1</issue><fpage>113</fpage><lpage>119</lpage><history><date date-type="received"><day>19</day><month>4</month><year>2014</year></date><date date-type="rev-recd"><day>28</day><month>7</month><year>2014</year></date><date date-type="accepted"><day>15</day><month>10</month><year>2014</year></date></history><permissions><copyright-statement>&#x000a9; 2014 The Authors</copyright-statement><copyright-year>2014</copyright-year><license license-type="CC BY" xlink:href="http://creativecommons.org/licenses/by/3.0/"><license-p>This is an open access article under the CC BY license (http://creativecommons.org/licenses/by/3.0/).</license-p></license></permissions><abstract abstract-type="author-highlights"><title>Highlights</title><p><list list-type="simple"><list-item id="lsti0005"><label>&#x02022;</label><p>CD28 and TCR receptors use independent pathways to regulate NF-&#x003ba;B activation in T-cells.</p></list-item><list-item id="lsti0010"><label>&#x02022;</label><p>CD28 mediated NF-&#x003ba;B activation is dependent on the YMN-FM site for GRB-2 adaptor binding.</p></list-item><list-item id="lsti0015"><label>&#x02022;</label><p>The adaptors ADAP and SKAP1 are dispensable for direct CD28 activation of NF-&#x003ba;B.</p></list-item><list-item id="lsti0020"><label>&#x02022;</label><p>TCR driven NF-&#x003ba;B activation requires adaptor ADAP expression.</p></list-item></list></p></abstract><abstract><p>The transcription factor NF-&#x003ba;B is needed for the induction of inflammatory responses in T-cells. Whether its activation by the antigen-receptor and CD28 is mediated by the same or different intracellular signaling pathways has been unclear. Here, using T-cells from various knock-out (<italic>Cd28</italic><sup>&#x02212;/&#x02212;</sup>, <italic>adap</italic><sup>&#x02212;/&#x02212;</sup>) and knock-in (i.e. <italic>Cd28</italic> Y-170F) mice in conjunction with transfected Jurkat T-cells, we show that the TCR and CD28 use distinct pathways to activate NF-&#x003ba;B in T-cells. Anti-CD28 ligation alone activated NF-&#x003ba;B in primary and Jurkat T-cells as measured by NF-&#x003ba;B reporter and EMSA assays. Anti-CD28 also activated NF-&#x003ba;B normally in primary T-cells from <italic>adap</italic><sup>&#x02212;/&#x02212;</sup> mice, while anti-CD3 stimulation required the adaptor ADAP. Over-expression of ADAP or its binding partner SKAP1 failed to enhance anti-CD28 activation of NF-&#x003ba;B, while ADAP greatly increased anti-CD3 induced NF-&#x003ba;B activity. By contrast, CD28 activation of NF-&#x003ba;B depended on GRB-2 binding to CD28 as seen in CD28 deficient Jurkat T-cells reconstituted with the CD28 YMN-FM mutant, and in primary T-cells from CD28 Y170F mutant knock-in mice. CD28 associated with GRB-2, and GRB-2 siRNA impaired CD28 NF-&#x003ba;B activation. GRB-2 binding partner and guanine nucleotide exchange factor, VAV1, greatly enhanced anti-CD28 driven activation of NF-&#x003ba;B. Further, unlike in the case of anti-CD28, NF-&#x003ba;B activation by anti-CD3 and its cooperation with ADAP was strictly dependent on LAT expression. Overall, we provide evidence that CD28 and the TCR complex regulate NF-&#x003ba;B via different signaling modules of GRB-2/VAV1 and LAT/ADAP pathways respectively.</p></abstract><kwd-group><title>Abbreviations</title><kwd>CD, cluster of differentiation (e.g. CD28)</kwd><kwd>TCR, T-cell receptor (TCR&#x003b1;&#x003b2;)</kwd><kwd>NF-&#x003ba;B, nuclear factor &#x003ba;B</kwd><kwd>I&#x003ba;B, inhibitor of NF-&#x003ba;B</kwd><kwd>PBL, peripheral blood lymphocytes</kwd><kwd>SKAP1, Src-kinase associated phosphoprotein 1</kwd></kwd-group><kwd-group><title>Keywords</title><kwd>Adaptors</kwd><kwd>ADAP</kwd><kwd>VAV-1</kwd><kwd>GRB-2</kwd><kwd>NF-&#x003ba;B</kwd></kwd-group></article-meta></front><body><sec sec-type="intro" id="sec0005"><label>1</label><title>Introduction</title><p>T-cell activation is controlled by the engagement of the T-cell receptor (TCR) and an array of co-stimulatory and co-inhibitory molecules that encounter binding partners during antigen presentation <xref rid="bib0005 bib0010 bib0015" ref-type="bibr">[1&#x02013;3]</xref>. CD28 is a co-receptor that is engaged by ligands CD80 and CD86 on antigen presenting cells (APCs) <xref rid="bib0020 bib0025" ref-type="bibr">[4,5]</xref>. The activation process is accompanied by the clustering of CD28 in a manner that regulates the localization of protein kinase C theta, a marker for the formation of central supramolecular activation complex (cSMAC) <xref rid="bib0030 bib0035 bib0040" ref-type="bibr">[6&#x02013;8]</xref>. CD28 is required for productive T-cell responses and survival <xref rid="bib0025 bib0045 bib0050 bib0055 bib0060 bib0310" ref-type="bibr">[5,9&#x02013;12,60]</xref>. Engagement of TCR without co-stimulation can lead to anergy, a state of hypo-responsiveness <xref rid="bib0065 bib0070" ref-type="bibr">[13,14]</xref>. Further, CD28 regulates metabolism and the mRNA stability of multiple cytokines including IL-2 <xref rid="bib0075" ref-type="bibr">[15]</xref>. CD28 deficient mice show defects in proliferation, cytokine production and cell survival <xref rid="bib0080 bib0085" ref-type="bibr">[16,17]</xref>. Mutational analysis of IL-2 promoter has identified the NF-&#x003ba;B binding site on CD28 response element (CD28RE) <xref rid="bib0090" ref-type="bibr">[18]</xref> as well as other sites that are responsive to stimulation by the TCR <xref rid="bib0095 bib0100" ref-type="bibr">[19,20]</xref>. In this context, the transcription factor NF-&#x003ba;B is regulated by ligation of both CD3 and CD28 and is essential for T-cell activation <xref rid="bib0105 bib0110" ref-type="bibr">[21,22]</xref>.</p><p>T-cell activation is mediated by an array of protein kinases and adaptor proteins, the latter integrating signals for activation <xref rid="bib0005 bib0125" ref-type="bibr">[1,25]</xref>. Adaptors lack enzymatic activity and transcription binding domains, but facilitate protein-protein interactions <xref rid="bib0130" ref-type="bibr">[26]</xref>. The family of adaptors in T-cells includes linker for activation of T-cells (LAT), lymphocyte cytosolic protein-2 (SLP-76), adaptor adhesion and degranulation promoting adaptor protein (ADAP or Fyb), VAV1 and SKAP1 <xref rid="bib0005 bib0135 bib0140" ref-type="bibr">[1,27,28]</xref>. Recently, role of adaptors have emerged in the regulation of NF-&#x003ba;B. ADAP can be recruited to the Carma1-Bcl10-Malt1 (CBM) complex upon CD3/CD28 stimulation, a key complex that regulates NF-&#x003ba;B activation via the classical pathway <xref rid="bib0145 bib0150" ref-type="bibr">[29,30]</xref>. Also, a role for the multi-domain adaptor VAV1 has been noted in the CD28-NF-&#x003ba;B pathway <xref rid="bib0155" ref-type="bibr">[31]</xref>. VAV1 is a GTP exchange factor (GEF) protein for Rho/Rac family of GTPases required for the optimal effector responses and cytoskeleton actin polymerization <xref rid="bib0160 bib0165" ref-type="bibr">[32,33]</xref>. Unlike in the case of TCR and CD28, Toll receptors and IL-1 of innate signaling use the MyD88 adaptor-like, TRAF-6, and Rac1 for the activation of NF-&#x003ba;B <xref rid="bib0115 bib0120" ref-type="bibr">[23,24]</xref>.</p><p>Despite the importance of CD28 in potentiating TCR activation of T-cells (i.e. co-stimulation), increasing evidence has shown that its ligation alone can induce signaling events in T-cells <xref rid="bib0155 bib0170 bib0175" ref-type="bibr">[31,34,35]</xref>. For example, mitogenic anti-CD28 can induce proliferation in absence of TCR ligation <xref rid="bib0180" ref-type="bibr">[36]</xref>. Further, non-mitogenic anti-CD28 can regulate NFAT transcription via VAV1/SLP-76 adaptors independently of TCR ligation <xref rid="bib0170" ref-type="bibr">[34]</xref>. We previously showed that GEF VAV1 binding to CD28 involves the intermediate binding of another adaptor GRB-2 <xref rid="bib0185 bib0190" ref-type="bibr">[37,38]</xref>. GRB-2 is a classic adaptor comprised of an SH2 domain flanked by an N- and C-terminal SH3 domain. Abe and coworkers have previously shown that the loss of either GRB-2 or GADS binding to CD28 can abrogate NK-&#x003ba;B activation in Jurkat T-cells <xref rid="bib0195" ref-type="bibr">[39]</xref>. In addition, Tuosto et al. have reported that non-mitogenic anti-CD28 can deliver a unique signal leading to the recruitment of p52/Rel-A complexes on Bcl-xL promoter <xref rid="bib0200" ref-type="bibr">[40]</xref>. They showed that CD28 can co-operate with VAV-1 to activate NF-&#x003ba;B in a pathway involving Rac-1 and mitogen-activated kinase kinase 1 <xref rid="bib0155 bib0210" ref-type="bibr">[31,41]</xref>.</p><p>Despite this progress, studies dissecting the individual components of TCR and CD28-mediated NF-&#x003ba;B activation in primary T-cells have been lacking. In this paper, using primary T-cells from various knock-out (<italic>Cd28</italic><sup>&#x02212;/&#x02212;</sup>, <italic>adap</italic><sup>&#x02212;/&#x02212;</sup>) and knock-in (i.e. <italic>Cd28</italic> Y-170F) mice in conjunction with transfected Jurkat T-cells, we show that the TCR and CD28 use distinct pathways for the activation of the NF-&#x003ba;B pathway in T-cells. Our findings provide further evidence that the CD28 and TCR pathways regulate NF-&#x003ba;B activity via different signaling modules of GRB-2/VAV1 and LAT/ADAP respectively.</p></sec><sec sec-type="materials|methods" id="sec0010"><label>2</label><title>Materials and methods</title><sec id="sec0015"><label>2.1</label><title>Mice and isolation of T-cells</title><p>DO11.10-CD28 KO and CD28 Y170F knock-in mutant mice (kindly provided by Dr. Jonathan Green, Washington University School of Medicine); C57BL/6-ADAP KO mice (kindly provided by Dr. Erik Peterson, University of Minnesota, MN) were bred and housed under pathogen free conditions at the Central Biomedical facility (CBS), University of Cambridge; Gurdon Institute, Animal Facility Unit, University of Cambridge; or Department of Pathology, Animal Unit (BSU), University of Cambridge. CD3<sup>+</sup> cells were enriched from splenocytes using a negative selection column kit (R&#x00026;D Systems). Purity of isolated T-cells was greater than 90%.</p></sec><sec id="sec0020"><label>2.2</label><title>Cell culture and antibodies for flow cytometry and activation</title><p>Mouse T-cells were cultured in RPMI 1640 supplemented with 10% fetal bovine serum (FBS, Sigma), 2&#x000a0;mM <sc>l</sc>-glutamine, 100&#x000a0;U/ml penicillin/streptomycin and 50&#x000a0;uM &#x003b2;-mercapto-ethanol at 37 degrees in 5% humidified chamber. Jurkat T-cells were maintained in 5&#x02013;10% FBS and 2&#x000a0;mM <sc>l</sc>-glutamine. Human anti-CD3 (OKT3) was obtained from American Type Culture Collection, human anti-CD28 (CD28.2 clone, BD Pharmingen), FITC labeled anti-human CD28 (Cat. no. 556621, BD Pharmingen), anti-mouse CD3 antibody (2C11 clone, Bioexpress) and mouse anti-CD28 antibody (PV-1 clone, Bioexpress).</p></sec><sec id="sec0025"><label>2.3</label><title>IL-2 NF-&#x003ba;B minimal promoter activity</title><p>T-cells were transfected with IL-2 promoter binding sites NF-&#x003ba;B luciferase (firefly) reporter plasmid together with Renilla luciferase plasmid (pRLTK, Promega) as an internal control to adjust for the transfection efficiency and background. Whenever described in Results section cells were co-transfected with other effector plasmids in conjunction with empty vectors to adjust total amount of DNA. Following 24&#x000a0;h of expression, murine T-cells were treated with anti-CD28 (PV1) or anti-CD3 (2C11) for 6&#x000a0;h. Jurkat T-cells were stimulated with anti-CD28 (CD28.2) or anti-CD3 (OKT3) antibodies and lysed in 100&#x000a0;&#x003bc;l of passive lysis buffer provided with dual luciferase assay kit (Promega). Light units were recorded on Luminometer (Berthold) from 10&#x000a0;&#x003bc;l of sample in 50&#x000a0;&#x003bc;l substrate solution as per the manufacturer's instructions. Relative luciferase units were derived by normalizing values relative to the Renilla values. Each sample was measured in triplicates and final average values were plotted with standard deviations. Each experiment was repeated at least three times.</p></sec><sec id="sec0030"><label>2.4</label><title>Transfections of Jurkat and primary cells, immunoprecipitation and blotting</title><p>Primary T-cells were transfected with 4&#x000a0;&#x003bc;g of DNA per 8 million cells using mouse or human Nucleofactor kit (Lonza). Briefly, cells were washed two times with PBS and resuspended in a mixture of solution A and B (4.5:1 ratio) plus plasmid(s) and pulsed using optimized protocol for CD4<sup>+</sup> cells or human PBLs on Nucleofactor 2b device. Jurkat T-cells were transfected with 1&#x02013;2&#x000a0;&#x003bc;g of DNA per 1 million cells in RPMI without FBS and pulsed with a unipolar pulse (310&#x000a0;V, 10&#x000a0;ms) on BTX electroporator. Cells were immediately transferred to pre-equilibrated RPMI-1640 containing 10% FBS and <sc>l</sc>-glutamine without antibiotics. Cells were lysed in NP-40 lysis buffer supplemented with protease inhibitor cocktail (Roche), immunoprecipitated with 2&#x000a0;&#x003bc;g of antibodies for 2&#x000a0;h at 4 degrees. Immuno complexes were captured by protein G beads (GE Healthcare) and washed 4 times with lysis buffer and heated in loading buffer. All samples were loaded onto 10% SDS gel (Novex, Invitrogen) and transferred onto PVDF membrane, followed by blotting with primary and respective secondary antibodies.</p></sec><sec id="sec0035"><label>2.5</label><title>Electromobility shift assay</title><p>CD3<sup>+</sup> T-cells were stimulated with control or anti-CD28 antibodies for 6&#x000a0;h at 37 degrees. Cells were harvested, lysed in hypotonic buffer and nuclear fractions were isolated using nuclear extract kit (ActiveMotif) as per the manufacturer's instructions. Protein concentration was quantified using BCA protein assay (Pierce). 4&#x000a0;&#x003bc;g of protein were used in each condition. A non-radioactive NF-&#x003ba;B electromobility shift assay (EMSA) was performed as per the manufacturer's instructions (Panomics, Affimatrix) using biotinylated NF-&#x003ba;B probes and provided positive and negative controls.</p></sec><sec id="sec0040"><label>2.6</label><title>siRNA knock-down</title><p>Control and gene-specific siRNA were purchased from Dharmacon (Thermo Scientific) and transfected into either primary or Jurkat T-cells as described above. Cells were harvested for analysis after 36&#x000a0;h or longer as described in the specific experiment.</p></sec></sec><sec sec-type="results" id="sec0045"><label>3</label><title>Results</title><sec id="sec0050"><label>3.1</label><title>CD28 and TCR regulate and synergize the NF-&#x003ba;B activation in T-cells using independent and unique pathways</title><p>CD28 and TCR regulation of NF-&#x003ba;B activation is well established <xref rid="bib0200 bib0215 bib0220" ref-type="bibr">[40,42,43]</xref>. Whether CD28 and TCR use different pathways to regulate NF-&#x003ba;B is not known. To assess this issue, anti-CD28 was initially used in conjunction with anti-CD3 to examine effects on NF-&#x003ba;B activation. A reporter construct carrying the NF-&#x003ba;B binding sites of the interleukin 2 promoter was transfected into cells and used as a readout <xref rid="bib0230 bib0235" ref-type="bibr">[44,45]</xref>. Initially, 1G4 Jurkat T-cells deficient for CD28 expression were transfected with CD28 and ligated with a non-mitogenic anti-CD28 and/or anti-CD3 antibodies (<xref rid="fig0010" ref-type="fig">Fig. 1</xref>a). Anti-CD28 alone induced an increase in NF-&#x003ba;B transcription on the IL-2 gene as reported <xref rid="bib0155 bib0200" ref-type="bibr">[31,40]</xref>. Co-ligation of CD28 with CD3 co-operated to produce higher transcription of luciferase gene (<xref rid="fig0010" ref-type="fig">Fig. 1</xref>a). Similar findings were observed in human peripheral T-cells transfected with the NF-&#x003ba;B reporter construct (<xref rid="fig0010" ref-type="fig">Fig. 1</xref>b). Anti-CD28 alone induced an increase in NF-&#x003ba;B promoter and cooperated with anti-CD3 ligation to further enhance NF-&#x003ba;B activity. An electromobility shift assay (EMSA) from nuclear extracts of anti-CD28 stimulated primary cells were probed with biotin-labeled NF-&#x003ba;B probe and showed significant NF-&#x003ba;B DNA binding (<xref rid="fig0010" ref-type="fig">Fig. 1</xref>c). As a control, T-cells from <italic>Cd28</italic><sup><italic>&#x02212;</italic>/<italic>&#x02212;</italic></sup> mice showed a lack of NF-&#x003ba;B activation by anti-CD28. Despite this, anti-CD3 retained an ability to stimulate NF-&#x003ba;B reporter activity (<xref rid="fig0010" ref-type="fig">Fig. 1</xref>d). However, both anti-CD3 and CD28 driven pathways were normal in control animals. These data indicated that anti-CD3 can activate NF-&#x003ba;B transcription independently of the expression of the CD28 on T-cells.</p></sec><sec id="sec0055"><label>3.2</label><title>CD28 requires GRB-2 binding to regulate NF-&#x003ba;B activation independent of TCR ligation</title><p>To dissect the nature of the CD28 proximal signaling pathway, we initially made use of Jurkat cell lines, 1G4 and CH7C17, deficient for CD28 expression that were reconstituted by transfection with either WT CD28 (WT), or a mutant form of CD28 (N193Q) (<xref rid="fig0015" ref-type="fig">Fig. 2</xref>a). Cell clones stably expressing CD28 and N193 were selected and used for all subsequent experiments. FACS analysis showed equal levels of CD28 and N193Q surface expression on the cells (inset). We had previously shown that the N193Q mutation selectively interferes with GRB-2 binding, without affecting the binding of PI3K <xref rid="bib0215 bib0240" ref-type="bibr">[42,46]</xref>. While anti-CD28 induced an increase reporter activity in the CD28 reconstituted cells (i.e. 6- to 7-fold increase) (left hand panel), cells expressing the N193Q mutant showed an almost complete impairment of NF-&#x003ba;B activation, identical to the unstimulated control. Similar results were obtained with CH7C17 Jurkat cell line (right hand panel). Further, we showed that primary cells from CD28 knock-in mutant (Y170F), which disrupts binding of PI-3 kinase and GRB-2 to its YMNM motif also showed a complete loss of NF-&#x003ba;B activation by anti-CD28 (<xref rid="fig0015" ref-type="fig">Fig. 2</xref>b).</p><p>A previous report had attributed this effect to a loss of either GRB2 or GADS binding to CD28 <xref rid="bib0195" ref-type="bibr">[39]</xref>. To assess the relative binding of each to CD28 in Jurkat cells, the co-receptor was ligated followed by precipitation and blotting with either anti-GADS (Supp. <xref rid="fig0010" ref-type="fig">Fig. 1</xref>b and c) or anti-GRB2 (<xref rid="fig0015" ref-type="fig">Fig. 2</xref>c). In agreement with our previous reports <xref rid="bib0185 bib0240" ref-type="bibr">[37,46]</xref>, GRB-2 was co-precipitated at substantive levels over the time course of 1&#x02013;30&#x000a0;min by anti-CD28 (lanes 2&#x02013;6). Binding was also observed in resting cells (lane 2), and occasionally anti-CD28 ligation resulted in an increased association (Supp. <xref rid="fig0010" ref-type="fig">Fig. 1</xref>a, lane 4). Blotting of cell lysates showed similar amounts of GRB-2 and CD28 (lower panel). By contrast, while similar amounts of GADS and CD28 could be detected in the cell lysates (Supp. <xref rid="fig0010" ref-type="fig">Fig. 1</xref>b and c), anti-CD28 co-precipitated little or no GADS as compared to GRB-2 (Supp. <xref rid="fig0010" ref-type="fig">Fig. 1</xref>b and c vs. <xref rid="fig0015" ref-type="fig">Fig. 2</xref>c). In many experiments, GADS could not be detected with anti-CD28 precipitates. This observation suggested that GRB-2 was the adaptor primarily responsible for CD28 proximal complex assembly.</p><p>To establish this in primary and Jurkat T-cells, siRNA was used to down-regulate GRB-2 expression followed by an assessment of anti-CD28 induction of NF-&#x003ba;B reporter activation. From this, it was clear that the knock-down of GRB-2 in primary and Jurkat T-cells blocked anti-CD28 mediated NF-&#x003ba;B activation (<xref rid="fig0015" ref-type="fig">Fig. 2</xref>d and e). The efficiency of knock-down was confirmed by western blotting of total protein levels (insets) and quantified relative to endogenous actin levels by densitometric analysis. The use of primary and Jurkat T-cells showed that anti-CD28 activation of NF-&#x003ba;B required GRB-2 expression and its binding to CD28.</p></sec><sec id="sec0060"><label>3.3</label><title>The adaptor ADAP is not needed for direct CD28 activation of NF-&#x003ba;B</title><p>Previous reports have shown a role of ADAP-CARMA1-Bcl10-Malt1 complex in the regulation of NF-&#x003ba;B in T-cells in response to co-ligation by TCR/CD28 <xref rid="bib0245 bib0250 bib0255" ref-type="bibr">[47&#x02013;49]</xref>. However, the role of ADAP in anti-CD28 stimulation alone of NF-&#x003ba;B had not been examined. To assess this, we next examined the effects of anti-CD28 on primary T-cells from <italic>adap</italic><sup>&#x02212;/&#x02212;</sup> mice (<xref rid="fig0020" ref-type="fig">Fig. 3</xref>a). Anti-CD28 induced the normal 2- to 4-fold increase in reporter activity in <italic>adap</italic><sup>&#x02212;/&#x02212;</sup> T-cells. Further, transfection of the cells with ADAP failed to increase this further, and occasionally even reduced NF-&#x003ba;B activity. In contrast, anti-CD3 NF-&#x003ba;B activation was impaired in <italic>adap</italic><sup>&#x02212;/&#x02212;</sup> cells as compared to wild type cells which showed normal NF-&#x003ba;B activation. As a control, the reconstitution of primary cells with exogenous ADAP restored normal or higher levels of NF-&#x003ba;B activation in response to anti-CD3. Levels of over-expressed ADAP in reconstituted cells were comparable to endogenous ADAP levels expressed by wild type cells (inset). No substantial differences in CD28 expression were observed on <italic>adap</italic><sup>&#x02212;/&#x02212;</sup> cells as measured by total CD28 blot (inset). Similarly, anti-CD28 was used to activate NF-&#x003ba;B reporter activity in vector or CD28 expressing Jurkat 1G4 cells transfected with ADAP or SKAP1 (<xref rid="fig0020" ref-type="fig">Fig. 3</xref>b). ADAP binds to SKAP1 in a pathway linked to the activation of integrin adhesion <xref rid="bib0260 bib0265" ref-type="bibr">[50,51]</xref>. Again, the over-expression of neither ADAP nor SKAP1 enhanced anti-CD28 induced NF-&#x003ba;B activity, and occasionally, we even observed an inhibition of activity. Immune blotting confirmed expression of transfected proteins in cells (right insets).</p><p>In another approach, we also examined whether ADAP expression could potentiate anti-CD3 or anti-CD28 activation of NF-&#x003ba;B in LAT deficient Jcam2 T-cells (<xref rid="fig0020" ref-type="fig">Fig. 3</xref>c). LAT is an adaptor that operates upstream of ADAP in the anti-CD3 activation cascade in a number of contexts <xref rid="bib0010 bib0270 bib0275 bib0280" ref-type="bibr">[2,52&#x02013;54]</xref>. Interestingly, anti-CD28 could readily activate NF-&#x003ba;B in the absence of LAT expression. By contrast, anti-CD3 was completely impaired in the activation of NF-&#x003ba;B reporter activity in LAT deficient cells, but not wild type cells, as was its further enhancement by the transfection with ADAP (<xref rid="fig0020" ref-type="fig">Fig. 3</xref>a, c). This observation underscored the fundamental differences in the CD28 and TCR regulation of NF-&#x003ba;B, indicating that anti-CD3 mediation of NF-&#x003ba;B activation but not CD28 was dependent on the LAT adaptor.</p><p>Given the lack of a connection between CD28 and ADAP, we next assessed whether another adaptor may play a role in mediating CD28 effects. We previously showed that GRB-2 binding to CD28 involved the additional binding to the GEF VAV1 <xref rid="bib0185 bib0190" ref-type="bibr">[37,38]</xref>. Tuosto et al. have reported that VAV1 can cooperate with CD28 to induce NF-&#x003ba;B activation via a pathway involving Rac-1 and mitogen-activated kinase kinase 1 <xref rid="bib0155 bib0210" ref-type="bibr">[31,41]</xref>. In agreement, transfection of Jurkat cells with VAV1 resulted repeatedly in a major increase in NF-&#x003ba;B promoter activation (i.e. 4-fold increase) as compared to vector-transfected cells (<xref rid="fig0020" ref-type="fig">Fig. 3</xref>d). VAV1 expression by transfection was confirmed by immune blotting (inset) and surface expression of CD28 expressing clones was analyzed by FACS (inset FACS histogram). Further, the siRNA knock-down of VAV1 expression (see inset) impaired the ability of anti-CD28 to increase NF-&#x003ba;B activity (<xref rid="fig0020" ref-type="fig">Fig. 3</xref>e). As quantified, siRNA depleted about 60% of endogenous protein (inset graph). By contrast, only minor effect was seen on anti-CD3 mediated NF-&#x003ba;B activation. Further, we also observed that the ability of VAV1 transfection to cooperate with anti-CD28 could be seen in LAT deficient Jcam2 cells (<xref rid="fig0020" ref-type="fig">Fig. 3</xref>c). Overall, this observation showed that CD28 co-operated with VAV1 to augment NF-&#x003ba;B activity and this operated independently of the LAT adaptor.</p></sec></sec><sec sec-type="discussion" id="sec0065"><label>4</label><title>Discussion</title><p>Overall, our findings show that CD28 and the TCR complex engaged distinct signaling modules, GRB-2/VAV1 and LAT/ADAP respectively, in the activation of NF-&#x003ba;B. These observations could have important implications for our understanding of the intracellular signaling mechanisms that control T-cell function, and underscore the independent nature of signaling by CD28. CD28 can enhance signaling via the antigen-receptor <xref rid="bib0285" ref-type="bibr">[55]</xref>, but also has the capacity to complement the TCR complex by engaging an independent pathway for the convergent activation of NF-&#x003ba;B. Previous studies have reported the importance of both TCR and CD28 receptors in the activation of NF-&#x003ba;B <xref rid="bib0290 bib0295" ref-type="bibr">[56,57]</xref>. However, despite this accumulating evidence showing CD28 independent signaling in T-cells, most previous studies have examined responses mostly in Jurkat cells. The potential definition of distinct pathways in primary T-cells had been missing. Importantly, recent studies have implicated the adaptor ADAP (alias FYB, SLAP-130) in the activation of NF-&#x003ba;B in response to anti-CD3/CD28 co-ligation. It has been unclear whether independent CD28 signaling also requires or uses the ADAP pathway. Using adap<sup>&#x02212;/&#x02212;</sup> primary T-cells, we found that anti-CD28 could activate NF-&#x003ba;B without the expression of ADAP. This contrasted with the TCR complex where NF-&#x003ba;B activation was markedly impaired in the absence of ADAP. Further, in a complementary approach, while the over-expression of ADAP substantially increased anti-CD3 mediated of NF-&#x003ba;B reporter activity, the over-expression of ADAP, or its binding partner SKAP1 (alias SKAP-55) had little if any effect in anti-CD28 driven activation. Consistent with this theme, while anti-CD3 activation of NF-&#x003ba;B was markedly impaired in LAT deficient Jcam2 cells, anti-CD28 readily activated NF-&#x003ba;B in these T-cells. This observation was in keeping with the close connection between the TCR and LAT in the activation of T-cells <xref rid="bib0010" ref-type="bibr">[2]</xref>. It is also consistent with the notion that the LAT signalosome is comprised of a complex that binds to SLP-76 and which in turn binds via its SH2 domain to ADAP <xref rid="bib0005 bib0275 bib0300" ref-type="bibr">[1,53,58]</xref>.</p><p>Overall, while the TCR pathway depends on LAT and associated ADAP to activate the NF-&#x003ba;B pathway, our data show that CD28 uses a distinct pathway that does not depend on this pathway. Instead, we found that GRB-2 and VAV1 are key elements in the CD28 pathway. We have previously shown that GRB-2 can bind via two domains to CD28. Further, we have shown that GRB-2 can bind to VAV1 when associated with CD28 <xref rid="bib0190" ref-type="bibr">[38]</xref>. In particular, CD28 and GRB-2, relative to Gads or Grap, can preferentially cooperate with VAV1 in the activation of NFAT/AP-1 transcription <xref rid="bib0190" ref-type="bibr">[38]</xref>. Given the previous finding that the loss of GADS or GRB-2 was needed for CD28 activation of NF-&#x003ba;B in Jurkat cells <xref rid="bib0195" ref-type="bibr">[39]</xref>, we reassessed the binding of GADS and GRB-2, and found that only GRB-2 reproducibly bound to CD28. Further, the loss of the N residue in the YMNM motif in Jurkat cells, or the Y in primary T-cells abrogated anti-CD28 induction of NF-&#x003ba;B activation. We also showed that anti-CD28 cooperated with VAV1 as reported by others <xref rid="bib0155" ref-type="bibr">[31]</xref>. Further, the knock-down of GRB-2 by siRNA markedly impaired NF-&#x003ba;B activation in primary and Jurkat cells in response to anti-CD28. Combined with our previous demonstration that GRB-2 can bind to VAV1 <xref rid="bib0170" ref-type="bibr">[34]</xref>, these findings are consistent with a model where CD28 can employ GRB-2 to engage VAV1 in the activation of NF-&#x003ba;B. CD28 could use the YMNM/GRB-2 as an initiation switch to regulate VAV1/SLP-76 module toward NF-&#x003ba;B activation.</p><p>Overall, these findings highlighted the distinct requirements for the TCR and CD28 in the activation of NF-&#x003ba;B pathway. It seems a reasonable assumption that TCR and CD28 would engage distinct mediators that in turn complement each other for the full activation of NF-&#x003ba;B transcription in T-cells. This might also provide a mechanistic explanation for the partial defects in NF-&#x003ba;B activation that have been observed in CD28 and ADAP KO mice. The distinct upstream mediators may also induce distinct down-stream complexes as in previous report showing that CD28 ligation induces complexes of Bcl10-PKC&#x003b8; <xref rid="bib0305" ref-type="bibr">[59]</xref> that are distinct from CBM-ADAP complex of TCR pathway <xref rid="bib0145" ref-type="bibr">[29]</xref>.</p></sec></body><back><ref-list><title>References</title><ref id="bib0005"><label>1</label><element-citation publication-type="journal" id="sbref0005"><person-group person-group-type="author"><name><surname>Rudd</surname><given-names>C.E.</given-names></name></person-group><article-title>Adaptors and molecular scaffolds in immune cell signaling</article-title><source>Cell</source><volume>96</volume><year>1999</year><fpage>5</fpage><lpage>8</lpage><pub-id pub-id-type="pmid">9989491</pub-id></element-citation></ref><ref id="bib0010"><label>2</label><element-citation publication-type="journal" id="sbref0010"><person-group person-group-type="author"><name><surname>Samelson</surname><given-names>L.E.</given-names></name></person-group><article-title>Signal transduction mediated by the T cell antigen receptor: the role of adapter proteins</article-title><source>Annu Rev Immunol</source><volume>20</volume><year>2002</year><fpage>371</fpage><lpage>394</lpage><pub-id pub-id-type="pmid">11861607</pub-id></element-citation></ref><ref id="bib0015"><label>3</label><element-citation publication-type="journal" id="sbref0015"><person-group person-group-type="author"><name><surname>Weiss</surname><given-names>A.</given-names></name></person-group><article-title>TCR signal transduction: opening the black box</article-title><source>J Immunol</source><volume>183</volume><year>2009</year><fpage>4821</fpage><lpage>4827</lpage><pub-id pub-id-type="pmid">19801506</pub-id></element-citation></ref><ref id="bib0020"><label>4</label><element-citation publication-type="journal" id="sbref0020"><person-group person-group-type="author"><name><surname>Dustin</surname><given-names>M.L.</given-names></name><name><surname>Shaw</surname><given-names>A.S.</given-names></name></person-group><article-title>Costimulation: building an immunological synapse</article-title><source>Science</source><volume>283</volume><year>1999</year><fpage>649</fpage><lpage>650</lpage><pub-id pub-id-type="pmid">9988658</pub-id></element-citation></ref><ref id="bib0025"><label>5</label><element-citation publication-type="journal" id="sbref0025"><person-group person-group-type="author"><name><surname>June</surname><given-names>C.H.</given-names></name><name><surname>Bluestone</surname><given-names>J.A.</given-names></name><name><surname>Nadler</surname><given-names>L.M.</given-names></name><name><surname>Thompson</surname><given-names>C.B.</given-names></name></person-group><article-title>The B7 and CD28 receptor families</article-title><source>Immunol Today</source><volume>15</volume><year>1994</year><fpage>321</fpage><lpage>331</lpage><pub-id pub-id-type="pmid">7522010</pub-id></element-citation></ref><ref id="bib0030"><label>6</label><element-citation publication-type="journal" id="sbref0030"><person-group person-group-type="author"><name><surname>Freiberg</surname><given-names>B.A.</given-names></name><name><surname>Kupfer</surname><given-names>H.</given-names></name><name><surname>Maslanik</surname><given-names>W.</given-names></name><name><surname>Delli</surname><given-names>J.</given-names></name><name><surname>Kappler</surname><given-names>J.</given-names></name><name><surname>Zaller</surname><given-names>D.M.</given-names></name></person-group><article-title>Staging and resetting T cell activation in SMACs</article-title><source>Nat Immunol</source><volume>3</volume><year>2002</year><fpage>911</fpage><lpage>917</lpage><pub-id pub-id-type="pmid">12244310</pub-id></element-citation></ref><ref id="bib0035"><label>7</label><element-citation publication-type="journal" id="sbref0035"><person-group person-group-type="author"><name><surname>Yokosuka</surname><given-names>T.</given-names></name><name><surname>Kobayashi</surname><given-names>W.</given-names></name><name><surname>Sakata-Sogawa</surname><given-names>K.</given-names></name><name><surname>Takamatsu</surname><given-names>M.</given-names></name><name><surname>Hashimoto-Tane</surname><given-names>A.</given-names></name><name><surname>Dustin</surname><given-names>M.L.</given-names></name></person-group><article-title>Spatiotemporal regulation of T cell costimulation by TCR-CD28 microclusters and protein kinase C theta translocation</article-title><source>Immunity</source><volume>29</volume><year>2008</year><fpage>589</fpage><lpage>601</lpage><pub-id pub-id-type="pmid">18848472</pub-id></element-citation></ref><ref id="bib0040"><label>8</label><element-citation publication-type="journal" id="sbref0040"><person-group person-group-type="author"><name><surname>Dustin</surname><given-names>M.L.</given-names></name><name><surname>Bivona</surname><given-names>T.G.</given-names></name><name><surname>Philips</surname><given-names>M.R.</given-names></name></person-group><article-title>Membranes as messengers in T cell adhesion signaling</article-title><source>Nat Immunol</source><volume>5</volume><year>2004</year><fpage>363</fpage><lpage>372</lpage><pub-id pub-id-type="pmid">15052266</pub-id></element-citation></ref><ref id="bib0045"><label>9</label><element-citation publication-type="journal" id="sbref0045"><person-group person-group-type="author"><name><surname>Salomon</surname><given-names>B.</given-names></name><name><surname>Lenschow</surname><given-names>D.J.</given-names></name><name><surname>Rhee</surname><given-names>L.</given-names></name><name><surname>Ashourian</surname><given-names>N.</given-names></name><name><surname>Singh</surname><given-names>B.</given-names></name><name><surname>Sharpe</surname><given-names>A.</given-names></name></person-group><article-title>B7/CD28 costimulation is essential for the homeostasis of the CD4+CD25+ immunoregulatory T cells that control autoimmune diabetes</article-title><source>Immunity</source><volume>12</volume><year>2000</year><fpage>431</fpage><lpage>440</lpage><pub-id pub-id-type="pmid">10795741</pub-id></element-citation></ref><ref id="bib0050"><label>10</label><element-citation publication-type="journal" id="sbref0050"><person-group person-group-type="author"><name><surname>Alegre</surname><given-names>M.</given-names></name><name><surname>Fallarino</surname><given-names>F.</given-names></name><name><surname>Zhou</surname><given-names>P.</given-names></name><name><surname>Frauwirth</surname><given-names>K.</given-names></name><name><surname>Thistlethwaite</surname><given-names>J.</given-names></name><name><surname>Newell</surname><given-names>K.</given-names></name></person-group><article-title>Transplantation and the CD28/CTLA4/B7 pathway</article-title><source>Transplant Proc</source><volume>33</volume><year>2001</year><fpage>209</fpage><lpage>211</lpage><pub-id pub-id-type="pmid">11266782</pub-id></element-citation></ref><ref id="bib0055"><label>11</label><element-citation publication-type="journal" id="sbref0055"><person-group person-group-type="author"><name><surname>Riley</surname><given-names>J.L.</given-names></name><name><surname>June</surname><given-names>C.H.</given-names></name></person-group><article-title>The CD28 family: a T-cell rheostat for therapeutic control of T-cell activation</article-title><source>Blood</source><volume>105</volume><year>2005</year><fpage>13</fpage><lpage>21</lpage><pub-id pub-id-type="pmid">15353480</pub-id></element-citation></ref><ref id="bib0060"><label>12</label><element-citation publication-type="journal" id="sbref0060"><person-group person-group-type="author"><name><surname>Zang</surname><given-names>X.</given-names></name><name><surname>Allison</surname><given-names>J.P.</given-names></name></person-group><article-title>The B7 family and cancer therapy: costimulation and coinhibition</article-title><source>Clin Cancer Res</source><volume>13</volume><year>2007</year><fpage>5271</fpage><lpage>5279</lpage><pub-id pub-id-type="pmid">17875755</pub-id></element-citation></ref><ref id="bib0065"><label>13</label><element-citation publication-type="journal" id="sbref0065"><person-group person-group-type="author"><name><surname>Frauwirth</surname><given-names>K.A.</given-names></name><name><surname>Alegre</surname><given-names>M.L.</given-names></name><name><surname>Thompson</surname><given-names>C.B.</given-names></name></person-group><article-title>Induction of T cell anergy in the absence of CTLA-4/B7 interaction</article-title><source>J Immunol</source><volume>164</volume><year>2000</year><fpage>2987</fpage><lpage>2993</lpage><pub-id pub-id-type="pmid">10706686</pub-id></element-citation></ref><ref id="bib0070"><label>14</label><element-citation publication-type="journal" id="sbref0070"><person-group person-group-type="author"><name><surname>Frauwirth</surname><given-names>K.A.</given-names></name><name><surname>Riley</surname><given-names>J.L.</given-names></name><name><surname>Harris</surname><given-names>M.H.</given-names></name><name><surname>Parry</surname><given-names>R.V.</given-names></name><name><surname>Rathmell</surname><given-names>J.C.</given-names></name><name><surname>Plas</surname><given-names>D.R.</given-names></name></person-group><article-title>The CD28 signaling pathway regulates glucose metabolism</article-title><source>Immunity</source><volume>16</volume><year>2002</year><fpage>769</fpage><lpage>777</lpage><pub-id pub-id-type="pmid">12121659</pub-id></element-citation></ref><ref id="bib0075"><label>15</label><element-citation publication-type="journal" id="sbref0075"><person-group person-group-type="author"><name><surname>Lindstein</surname><given-names>T.</given-names></name><name><surname>June</surname><given-names>C.H.</given-names></name><name><surname>Ledbetter</surname><given-names>J.A.</given-names></name><name><surname>Stella</surname><given-names>G.</given-names></name><name><surname>Thompson</surname><given-names>C.B.</given-names></name></person-group><article-title>Regulation of lymphokine messenger RNA stability by a surface-mediated T cell activation pathway</article-title><source>Science</source><volume>244</volume><year>1989</year><fpage>339</fpage><lpage>343</lpage><pub-id pub-id-type="pmid">2540528</pub-id></element-citation></ref><ref id="bib0080"><label>16</label><element-citation publication-type="journal" id="sbref0080"><person-group person-group-type="author"><name><surname>Shahinian</surname><given-names>A.</given-names></name><name><surname>Pfeffer</surname><given-names>K.</given-names></name><name><surname>Lee</surname><given-names>K.P.</given-names></name><name><surname>Kundig</surname><given-names>T.M.</given-names></name><name><surname>Kishihara</surname><given-names>K.</given-names></name><name><surname>Wakeham</surname><given-names>A.</given-names></name></person-group><article-title>Differential T cell costimulatory requirements in CD28-deficient mice</article-title><source>Science</source><volume>261</volume><year>1993</year><fpage>609</fpage><lpage>612</lpage><pub-id pub-id-type="pmid">7688139</pub-id></element-citation></ref><ref id="bib0085"><label>17</label><element-citation publication-type="journal" id="sbref0085"><person-group person-group-type="author"><name><surname>Jenkins</surname><given-names>M.K.</given-names></name></person-group><article-title>The ups and downs of T cell costimulation</article-title><source>Immunity</source><volume>1</volume><year>1994</year><fpage>443</fpage><lpage>446</lpage><pub-id pub-id-type="pmid">7534615</pub-id></element-citation></ref><ref id="bib0090"><label>18</label><element-citation publication-type="journal" id="sbref0090"><person-group person-group-type="author"><name><surname>Shapiro</surname><given-names>V.S.</given-names></name><name><surname>Truitt</surname><given-names>K.E.</given-names></name><name><surname>Imboden</surname><given-names>J.B.</given-names></name><name><surname>Weiss</surname><given-names>A.</given-names></name></person-group><article-title>CD28 mediates transcriptional upregulation of the interleukin-2 (IL-2) promoter through a composite element containing the CD28RE and NF-IL-2B AP-1 sites</article-title><source>Mol Cell Biol</source><volume>17</volume><year>1997</year><fpage>4051</fpage><lpage>4058</lpage><pub-id pub-id-type="pmid">9199340</pub-id></element-citation></ref><ref id="bib0095"><label>19</label><element-citation publication-type="journal" id="sbref0095"><person-group person-group-type="author"><name><surname>Jain</surname><given-names>J.</given-names></name><name><surname>Loh</surname><given-names>C.</given-names></name><name><surname>Rao</surname><given-names>A.</given-names></name></person-group><article-title>Transcriptional regulation of the IL-2 gene</article-title><source>Curr Opin Immunol</source><volume>7</volume><year>1995</year><fpage>333</fpage><lpage>342</lpage><pub-id pub-id-type="pmid">7546397</pub-id></element-citation></ref><ref id="bib0100"><label>20</label><element-citation publication-type="journal" id="sbref0100"><person-group person-group-type="author"><name><surname>Chow</surname><given-names>C.W.</given-names></name><name><surname>Rincon</surname><given-names>M.</given-names></name><name><surname>Davis</surname><given-names>R.J.</given-names></name></person-group><article-title>Requirement for transcription factor NFAT in interleukin-2 expression</article-title><source>Mol Cell Biol</source><volume>19</volume><year>1999</year><fpage>2300</fpage><lpage>2307</lpage><pub-id pub-id-type="pmid">10022916</pub-id></element-citation></ref><ref id="bib0105"><label>21</label><element-citation publication-type="journal" id="sbref0105"><person-group person-group-type="author"><name><surname>Cheng</surname><given-names>J.</given-names></name><name><surname>Montecalvo</surname><given-names>A.</given-names></name><name><surname>Kane</surname><given-names>L.</given-names></name></person-group><article-title>Regulation of NF-kB induction by TCR/CD28</article-title><source>Immunol Res</source><volume>50</volume><year>2011</year><fpage>113</fpage><lpage>117</lpage><pub-id pub-id-type="pmid">21717079</pub-id></element-citation></ref><ref id="bib0110"><label>22</label><element-citation publication-type="journal" id="sbref0110"><person-group person-group-type="author"><name><surname>Hayden</surname><given-names>M.S.</given-names></name><name><surname>West</surname><given-names>A.P.</given-names></name><name><surname>Ghosh</surname><given-names>S.</given-names></name></person-group><article-title>NF-kappaB and the immune response</article-title><source>Oncogene</source><volume>25</volume><year>2006</year><fpage>6758</fpage><lpage>6780</lpage><pub-id pub-id-type="pmid">17072327</pub-id></element-citation></ref><ref id="bib0115"><label>23</label><element-citation publication-type="journal" id="sbref0115"><person-group person-group-type="author"><name><surname>Brikos</surname><given-names>C.</given-names></name><name><surname>O&#x02019;Neill</surname><given-names>L.A.</given-names></name></person-group><article-title>Signalling of toll-like receptors</article-title><source>Handb Exp Pharmacol</source><year>2008</year><fpage>21</fpage><lpage>50</lpage><pub-id pub-id-type="pmid">18071653</pub-id></element-citation></ref><ref id="bib0120"><label>24</label><element-citation publication-type="journal" id="sbref0120"><person-group person-group-type="author"><name><surname>Jefferies</surname><given-names>C.</given-names></name><name><surname>Bowie</surname><given-names>A.</given-names></name><name><surname>Brady</surname><given-names>G.</given-names></name><name><surname>Cooke</surname><given-names>E.L.</given-names></name><name><surname>Li</surname><given-names>X.</given-names></name><name><surname>O&#x02019;Neill</surname><given-names>L.A.</given-names></name></person-group><article-title>Transactivation by the p65 subunit of NF-kappaB in response to interleukin-1 (IL-1) involves MyD88, IL-1 receptor-associated kinase 1, TRAF-6, and Rac1</article-title><source>Mol Cell Biol</source><volume>21</volume><year>2001</year><fpage>4544</fpage><lpage>4552</lpage><pub-id pub-id-type="pmid">11416133</pub-id></element-citation></ref><ref id="bib0125"><label>25</label><element-citation publication-type="journal" id="sbref0125"><person-group person-group-type="author"><name><surname>Wilkinson</surname><given-names>B.</given-names></name><name><surname>Wang</surname><given-names>H.</given-names></name><name><surname>Rudd</surname><given-names>C.E.</given-names></name></person-group><article-title>Positive and negative adaptors in T-cell signalling</article-title><source>Immunology</source><volume>111</volume><year>2004</year><fpage>368</fpage><lpage>374</lpage><pub-id pub-id-type="pmid">15056371</pub-id></element-citation></ref><ref id="bib0130"><label>26</label><element-citation publication-type="journal" id="sbref0130"><person-group person-group-type="author"><name><surname>Rudd</surname><given-names>C.E.</given-names></name><name><surname>Wang</surname><given-names>H.</given-names></name></person-group><article-title>Hematopoietic adaptors in T-cell signaling: potential applications to transplantation</article-title><source>Am J Transplant</source><volume>3</volume><year>2003</year><fpage>1204</fpage><lpage>1210</lpage><pub-id pub-id-type="pmid">14510693</pub-id></element-citation></ref><ref id="bib0135"><label>27</label><element-citation publication-type="journal" id="sbref0135"><person-group person-group-type="author"><name><surname>Geng</surname><given-names>L.</given-names></name><name><surname>Rudd</surname><given-names>C.E.</given-names></name></person-group><article-title>Signalling scaffolds and adaptors in T-cell immunity</article-title><source>Br J Haematol</source><volume>116</volume><year>2002</year><fpage>19</fpage><lpage>27</lpage><pub-id pub-id-type="pmid">11841396</pub-id></element-citation></ref><ref id="bib0140"><label>28</label><element-citation publication-type="journal" id="sbref0140"><person-group person-group-type="author"><name><surname>Rudd</surname><given-names>C.E.</given-names></name></person-group><article-title>Adaptors and molecular scaffolds in immune cell signaling</article-title><source>Cell</source><volume>96</volume><year>1999</year><fpage>5</fpage><lpage>8</lpage><pub-id pub-id-type="pmid">9989491</pub-id></element-citation></ref><ref id="bib0145"><label>29</label><element-citation publication-type="journal" id="sbref0145"><person-group person-group-type="author"><name><surname>Medeiros</surname><given-names>R.B.</given-names></name><name><surname>Burbach</surname><given-names>B.J.</given-names></name><name><surname>Mueller</surname><given-names>K.L.</given-names></name><name><surname>Srivastava</surname><given-names>R.</given-names></name><name><surname>Moon</surname><given-names>J.J.</given-names></name><name><surname>Highfill</surname><given-names>S.</given-names></name></person-group><article-title>Regulation of NF-{kappa}B activation in T cells via association of the adapter proteins ADAP and CARMA1</article-title><source>Science</source><volume>316</volume><year>2007</year><fpage>754</fpage><lpage>758</lpage><pub-id pub-id-type="pmid">17478723</pub-id></element-citation></ref><ref id="bib0150"><label>30</label><element-citation publication-type="journal" id="sbref0150"><person-group person-group-type="author"><name><surname>Sommer</surname><given-names>K.</given-names></name><name><surname>Guo</surname><given-names>B.</given-names></name><name><surname>Pomerantz</surname><given-names>J.L.</given-names></name><name><surname>Bandaranayake</surname><given-names>A.D.</given-names></name><name><surname>Moreno-Garc&#x000ed;a</surname><given-names>M.E.</given-names></name><name><surname>Ovechkina</surname><given-names>Y.L.</given-names></name></person-group><article-title>Phosphorylation of the CARMA1 linker controls NF-[kappa]B activation</article-title><source>Immunity</source><volume>23</volume><year>2005</year><fpage>561</fpage><lpage>574</lpage><pub-id pub-id-type="pmid">16356855</pub-id></element-citation></ref><ref id="bib0155"><label>31</label><element-citation publication-type="journal" id="sbref0155"><person-group person-group-type="author"><name><surname>Marinari</surname><given-names>B.</given-names></name><name><surname>Costanzo</surname><given-names>A.</given-names></name><name><surname>Viola</surname><given-names>A.</given-names></name><name><surname>Michel</surname><given-names>F.</given-names></name><name><surname>Mangino</surname><given-names>G.</given-names></name><name><surname>Acuto</surname><given-names>O.</given-names></name></person-group><article-title>Vav cooperates with CD28 to induce NF-kappaB activation via a pathway involving Rac-1 and mitogen-activated kinase kinase 1</article-title><source>Eur J Immunol</source><volume>32</volume><year>2002</year><fpage>447</fpage><lpage>456</lpage><pub-id pub-id-type="pmid">11813163</pub-id></element-citation></ref><ref id="bib0160"><label>32</label><element-citation publication-type="journal" id="sbref0160"><person-group person-group-type="author"><name><surname>Turner</surname><given-names>M.</given-names></name><name><surname>Billadeau</surname><given-names>D.D.</given-names></name></person-group><article-title>VAV proteins as signal integrators for multi-subunit immune-recognition receptors</article-title><source>Nat Rev Immunol</source><volume>2</volume><year>2002</year><fpage>476</fpage><lpage>486</lpage><pub-id pub-id-type="pmid">12094222</pub-id></element-citation></ref><ref id="bib0165"><label>33</label><element-citation publication-type="journal" id="sbref0165"><person-group person-group-type="author"><name><surname>Tybulewicz</surname><given-names>V.L.J.</given-names></name></person-group><article-title>Vav-family proteins in T-cell signalling</article-title><source>Curr Opin Immunol</source><volume>17</volume><year>2005</year><fpage>267</fpage><lpage>274</lpage><pub-id pub-id-type="pmid">15886116</pub-id></element-citation></ref><ref id="bib0170"><label>34</label><element-citation publication-type="journal" id="sbref0170"><person-group person-group-type="author"><name><surname>Raab</surname><given-names>M.</given-names></name><name><surname>Pfister</surname><given-names>S.</given-names></name><name><surname>Rudd</surname><given-names>C.E.</given-names></name></person-group><article-title>CD28 signaling via VAV/SLP-76 adaptors: regulation of cytokine transcription independent of TCR ligation</article-title><source>Immunity</source><volume>15</volume><year>2001</year><fpage>921</fpage><lpage>933</lpage><pub-id pub-id-type="pmid">11754814</pub-id></element-citation></ref><ref id="bib0175"><label>35</label><element-citation publication-type="journal" id="sbref0175"><person-group person-group-type="author"><name><surname>Tavano</surname><given-names>R.</given-names></name><name><surname>Gri</surname><given-names>G.</given-names></name><name><surname>Molon</surname><given-names>B.</given-names></name><name><surname>Marinari</surname><given-names>B.</given-names></name><name><surname>Rudd</surname><given-names>C.E.</given-names></name><name><surname>Tuosto</surname><given-names>L.</given-names></name></person-group><article-title>CD28 and lipid rafts coordinate recruitment of Lck to the immunological synapse of human T lymphocytes</article-title><source>J Immunol</source><volume>173</volume><year>2004</year><fpage>5392</fpage><lpage>5397</lpage><pub-id pub-id-type="pmid">15494485</pub-id></element-citation></ref><ref id="bib0180"><label>36</label><element-citation publication-type="journal" id="sbref0180"><person-group person-group-type="author"><name><surname>Dennehy</surname><given-names>K.M.</given-names></name><name><surname>Kerstan</surname><given-names>A.</given-names></name><name><surname>Bischof</surname><given-names>A.</given-names></name><name><surname>Park</surname><given-names>J.H.</given-names></name><name><surname>Na</surname><given-names>S.Y.</given-names></name><name><surname>Hunig</surname><given-names>T.</given-names></name></person-group><article-title>Mitogenic signals through CD28 activate the protein kinase C theta-NF-kappaB pathway in primary peripheral T cells</article-title><source>Int Immunol</source><volume>15</volume><year>2003</year><fpage>655</fpage><lpage>663</lpage><pub-id pub-id-type="pmid">12697665</pub-id></element-citation></ref><ref id="bib0185"><label>37</label><element-citation publication-type="journal" id="sbref0185"><person-group person-group-type="author"><name><surname>Schneider</surname><given-names>H.</given-names></name><name><surname>Cai</surname><given-names>Y.C.</given-names></name><name><surname>Prasad</surname><given-names>K.V.</given-names></name><name><surname>Shoelson</surname><given-names>S.E.</given-names></name><name><surname>Rudd</surname><given-names>C.E.</given-names></name></person-group><article-title>T cell antigen CD28 binds to the GRB-2/SOS complex, regulators of p21ras</article-title><source>Eur J Immunol</source><volume>25</volume><year>1995</year><fpage>1044</fpage><lpage>1050</lpage><pub-id pub-id-type="pmid">7737275</pub-id></element-citation></ref><ref id="bib0190"><label>38</label><element-citation publication-type="journal" id="sbref0190"><person-group person-group-type="author"><name><surname>Schneider</surname><given-names>H.</given-names></name><name><surname>Rudd</surname><given-names>C.E.</given-names></name></person-group><article-title>CD28 and Grb-2, relative to Gads or Grap, preferentially co-operate with Vav1 in the activation of NFAT/AP-1 transcription</article-title><source>Biochem Biophys Res Commun</source><volume>369</volume><year>2008</year><fpage>616</fpage><lpage>621</lpage><pub-id pub-id-type="pmid">18295596</pub-id></element-citation></ref><ref id="bib0195"><label>39</label><element-citation publication-type="journal" id="sbref0195"><person-group person-group-type="author"><name><surname>Takeda</surname><given-names>K.</given-names></name><name><surname>Harada</surname><given-names>Y.</given-names></name><name><surname>Watanabe</surname><given-names>R.</given-names></name><name><surname>Inutake</surname><given-names>Y.</given-names></name><name><surname>Ogawa</surname><given-names>S.</given-names></name><name><surname>Onuki</surname><given-names>K.</given-names></name></person-group><article-title>CD28 stimulation triggers NF-kappaB activation through the CARMA1-PKCtheta-Grb2/Gads axis</article-title><source>Int Immunol</source><volume>20</volume><year>2008</year><fpage>1507</fpage><lpage>1515</lpage><pub-id pub-id-type="pmid">18829987</pub-id></element-citation></ref><ref id="bib0200"><label>40</label><element-citation publication-type="journal" id="sbref0200"><person-group person-group-type="author"><name><surname>Marinari</surname><given-names>B.</given-names></name><name><surname>Costanzo</surname><given-names>A.</given-names></name><name><surname>Marzano</surname><given-names>V.</given-names></name><name><surname>Piccolella</surname><given-names>E.</given-names></name><name><surname>Tuosto</surname><given-names>L.</given-names></name></person-group><article-title>CD28 delivers a unique signal leading to the selective recruitment of RelA and p52 NF-kappaB subunits on IL-8 and Bcl-xL gene promoters</article-title><source>Proc Natl Acad Sci U S A</source><volume>101</volume><year>2004</year><fpage>6098</fpage><lpage>6103</lpage><pub-id pub-id-type="pmid">15079071</pub-id></element-citation></ref><ref id="bib0210"><label>41</label><element-citation publication-type="journal" id="sbref0210"><person-group person-group-type="author"><name><surname>Piccolella</surname><given-names>E.</given-names></name><name><surname>Spadaro</surname><given-names>F.</given-names></name><name><surname>Ramoni</surname><given-names>C.</given-names></name><name><surname>Marinari</surname><given-names>B.</given-names></name><name><surname>Costanzo</surname><given-names>A.</given-names></name><name><surname>Levrero</surname><given-names>M.</given-names></name></person-group><article-title>Vav-1 and the IKK alpha subunit of I kappa B kinase functionally associate to induce NF-kappa B activation in response to CD28 engagement</article-title><source>J Immunol</source><volume>170</volume><year>2003</year><fpage>2895</fpage><lpage>2903</lpage><pub-id pub-id-type="pmid">12626540</pub-id></element-citation></ref><ref id="bib0215"><label>42</label><element-citation publication-type="journal" id="sbref0215"><person-group person-group-type="author"><name><surname>Cai</surname><given-names>Y.C.</given-names></name><name><surname>Cefai</surname><given-names>D.</given-names></name><name><surname>Schneider</surname><given-names>H.</given-names></name><name><surname>Raab</surname><given-names>M.</given-names></name><name><surname>Nabavi</surname><given-names>N.</given-names></name><name><surname>Rudd</surname><given-names>C.E.</given-names></name></person-group><article-title>Selective CD28pYMNM mutations implicate phosphatidylinositol 3-kinase in CD86&#x02013;CD28-mediated costimulation</article-title><source>Immunity</source><volume>3</volume><year>1995</year><fpage>417</fpage><lpage>426</lpage><pub-id pub-id-type="pmid">7584133</pub-id></element-citation></ref><ref id="bib0220"><label>43</label><element-citation publication-type="journal" id="sbref0220"><person-group person-group-type="author"><name><surname>Riha</surname><given-names>P.</given-names></name><name><surname>Rudd</surname><given-names>C.E.</given-names></name></person-group><article-title>CD28 co-signaling in the adaptive immune response</article-title><source>Self Nonself</source><volume>1</volume><year>2010</year><fpage>231</fpage><lpage>240</lpage><pub-id pub-id-type="pmid">21487479</pub-id></element-citation></ref><ref id="bib0230"><label>44</label><element-citation publication-type="journal" id="sbref0230"><person-group person-group-type="author"><name><surname>Jain</surname><given-names>J.</given-names></name><name><surname>Loh</surname><given-names>C.</given-names></name><name><surname>Rao</surname><given-names>A.</given-names></name></person-group><article-title>Transcriptional regulation of the IL-2 gene</article-title><source>Curr Opin Immunol</source><volume>7</volume><year>1995</year><fpage>333</fpage><lpage>342</lpage><pub-id pub-id-type="pmid">7546397</pub-id></element-citation></ref><ref id="bib0235"><label>45</label><element-citation publication-type="journal" id="sbref0235"><person-group person-group-type="author"><name><surname>Weaver</surname><given-names>J.R.</given-names></name><name><surname>Good</surname><given-names>K.</given-names></name><name><surname>Walters</surname><given-names>R.D.</given-names></name><name><surname>Kugel</surname><given-names>J.F.</given-names></name><name><surname>Goodrich</surname><given-names>J.A.</given-names></name></person-group><article-title>Characterization of the sequence and architectural constraints of the regulatory and core regions of the human interleukin-2 promoter</article-title><source>Mol Immunol</source><volume>44</volume><year>2007</year><fpage>2813</fpage><lpage>2819</lpage><pub-id pub-id-type="pmid">17337059</pub-id></element-citation></ref><ref id="bib0240"><label>46</label><element-citation publication-type="journal" id="sbref0240"><person-group person-group-type="author"><name><surname>Kim</surname><given-names>H.H.</given-names></name><name><surname>Tharayil</surname><given-names>M.</given-names></name><name><surname>Rudd</surname><given-names>C.E.</given-names></name></person-group><article-title>Growth factor receptor-bound protein 2 SH2/SH3 domain binding to CD28 and its role in co-signaling</article-title><source>J Biol Chem</source><volume>273</volume><year>1998</year><fpage>296</fpage><lpage>301</lpage><pub-id pub-id-type="pmid">9417079</pub-id></element-citation></ref><ref id="bib0245"><label>47</label><element-citation publication-type="journal" id="sbref0245"><person-group person-group-type="author"><name><surname>Medeiros</surname><given-names>R.B.</given-names></name><name><surname>Burbach</surname><given-names>B.J.</given-names></name><name><surname>Mueller</surname><given-names>K.L.</given-names></name><name><surname>Srivastava</surname><given-names>R.</given-names></name><name><surname>Moon</surname><given-names>J.J.</given-names></name><name><surname>Highfill</surname><given-names>S.</given-names></name></person-group><article-title>Regulation of NF-kappaB activation in T cells via association of the adapter proteins ADAP and CARMA1</article-title><source>Science</source><volume>316</volume><year>2007</year><fpage>754</fpage><lpage>758</lpage><pub-id pub-id-type="pmid">17478723</pub-id></element-citation></ref><ref id="bib0250"><label>48</label><element-citation publication-type="journal" id="sbref0250"><person-group person-group-type="author"><name><surname>Mueller</surname><given-names>K.L.</given-names></name><name><surname>Thomas</surname><given-names>M.S.</given-names></name><name><surname>Burbach</surname><given-names>B.J.</given-names></name><name><surname>Peterson</surname><given-names>E.J.</given-names></name><name><surname>Shimizu</surname><given-names>Y.</given-names></name></person-group><article-title>Adhesion and degranulation-promoting adapter protein (ADAP) positively regulates T cell sensitivity to antigen and T cell survival</article-title><source>J Immunol</source><volume>179</volume><year>2007</year><fpage>3559</fpage><lpage>3569</lpage><pub-id pub-id-type="pmid">17785790</pub-id></element-citation></ref><ref id="bib0255"><label>49</label><element-citation publication-type="journal" id="sbref0255"><person-group person-group-type="author"><name><surname>Burbach</surname><given-names>B.J.</given-names></name><name><surname>Srivastava</surname><given-names>R.</given-names></name><name><surname>Medeiros</surname><given-names>R.B.</given-names></name><name><surname>O&#x02019;Gorman</surname><given-names>W.E.</given-names></name><name><surname>Peterson</surname><given-names>E.J.</given-names></name><name><surname>Shimizu</surname><given-names>Y.</given-names></name></person-group><article-title>Distinct regulation of integrin-dependent T cell conjugate formation and NF-kappa B activation by the adapter protein ADAP</article-title><source>J Immunol</source><volume>181</volume><year>2008</year><fpage>4840</fpage><lpage>4851</lpage><pub-id pub-id-type="pmid">18802088</pub-id></element-citation></ref><ref id="bib0260"><label>50</label><element-citation publication-type="journal" id="sbref0260"><person-group person-group-type="author"><name><surname>Wang</surname><given-names>H.</given-names></name><name><surname>Moon</surname><given-names>E.Y.</given-names></name><name><surname>Azouz</surname><given-names>A.</given-names></name><name><surname>Wu</surname><given-names>X.</given-names></name><name><surname>Smith</surname><given-names>A.</given-names></name><name><surname>Schneider</surname><given-names>H.</given-names></name></person-group><article-title>SKAP-55 regulates integrin adhesion and formation of T cell-APC conjugates</article-title><source>Nat Immunol</source><volume>4</volume><year>2003</year><fpage>366</fpage><lpage>374</lpage><pub-id pub-id-type="pmid">12652296</pub-id></element-citation></ref><ref id="bib0265"><label>51</label><element-citation publication-type="journal" id="sbref0265"><person-group person-group-type="author"><name><surname>Wang</surname><given-names>H.</given-names></name><name><surname>Rudd</surname><given-names>C.E.</given-names></name></person-group><article-title>SKAP-55, SKAP-55-related and ADAP adaptors modulate integrin-mediated immune-cell adhesion</article-title><source>Trends Cell Biol</source><volume>18</volume><year>2008</year><fpage>486</fpage><lpage>493</lpage><pub-id pub-id-type="pmid">18760924</pub-id></element-citation></ref><ref id="bib0270"><label>52</label><element-citation publication-type="journal" id="sbref0270"><person-group person-group-type="author"><name><surname>Geng</surname><given-names>L.</given-names></name><name><surname>Pfister</surname><given-names>S.</given-names></name><name><surname>Kraeft</surname><given-names>S.K.</given-names></name><name><surname>Rudd</surname><given-names>C.E.</given-names></name></person-group><article-title>Adaptor FYB (Fyn-binding protein) regulates integrin-mediated adhesion and mediator release: Differential involvement of the FYB SH3 domain</article-title><source>Proc Natl Acad Sci U S A</source><volume>98</volume><year>2001</year><fpage>11527</fpage><lpage>11532</lpage><pub-id pub-id-type="pmid">11553777</pub-id></element-citation></ref><ref id="bib0275"><label>53</label><element-citation publication-type="journal" id="sbref0275"><person-group person-group-type="author"><name><surname>da Silva</surname><given-names>A.J.</given-names></name><name><surname>Li</surname><given-names>Z.</given-names></name><name><surname>de Vera</surname><given-names>C.</given-names></name><name><surname>Canto</surname><given-names>E.</given-names></name><name><surname>Findell</surname><given-names>P.</given-names></name><name><surname>Rudd</surname><given-names>C.E.</given-names></name></person-group><article-title>Cloning of a novel T-cell protein FYB that binds FYN and SH2-domain-containing leukocyte protein 76 and modulates interleukin 2 production</article-title><source>Proc Natl Acad Sci U S A</source><volume>94</volume><year>1997</year><fpage>7493</fpage><lpage>7498</lpage><pub-id pub-id-type="pmid">9207119</pub-id></element-citation></ref><ref id="bib0280"><label>54</label><element-citation publication-type="journal" id="sbref0280"><person-group person-group-type="author"><name><surname>Musci</surname><given-names>M.A.</given-names></name><name><surname>Hendricks-Taylor</surname><given-names>L.R.</given-names></name><name><surname>Motto</surname><given-names>D.G.</given-names></name><name><surname>Paskind</surname><given-names>M.</given-names></name><name><surname>Kamens</surname><given-names>J.</given-names></name><name><surname>Turck</surname><given-names>C.W.</given-names></name></person-group><article-title>Molecular cloning of SLAP-130, an SLP-76-associated substrate of the T cell antigen receptor-stimulated protein tyrosine kinases</article-title><source>J Biol Chem</source><volume>272</volume><year>1997</year><fpage>11674</fpage><lpage>11677</lpage><pub-id pub-id-type="pmid">9115214</pub-id></element-citation></ref><ref id="bib0285"><label>55</label><element-citation publication-type="journal" id="sbref0285"><person-group person-group-type="author"><name><surname>Michel</surname><given-names>F.</given-names></name><name><surname>Attal-Bonnefoy</surname><given-names>G.</given-names></name><name><surname>Mangino</surname><given-names>G.</given-names></name><name><surname>Mise-Omata</surname><given-names>S.</given-names></name><name><surname>Acuto</surname><given-names>O.</given-names></name></person-group><article-title>CD28 as a molecular amplifier extending TCR ligation and signaling capabilities</article-title><source>Immunity</source><volume>15</volume><year>2001</year><fpage>935</fpage><lpage>945</lpage><pub-id pub-id-type="pmid">11754815</pub-id></element-citation></ref><ref id="bib0290"><label>56</label><element-citation publication-type="journal" id="sbref0290"><person-group person-group-type="author"><name><surname>Harhaj</surname><given-names>E.W.</given-names></name><name><surname>Maggirwar</surname><given-names>S.B.</given-names></name><name><surname>Good</surname><given-names>L.</given-names></name><name><surname>Sun</surname><given-names>S.C.</given-names></name></person-group><article-title>CD28 mediates a potent costimulatory signal for rapid degradation of IkappaBbeta which is associated with accelerated activation of various NF-kappaB/Rel heterodimers</article-title><source>Mol Cell Biol</source><volume>16</volume><year>1996</year><fpage>6736</fpage><lpage>6743</lpage><pub-id pub-id-type="pmid">8943328</pub-id></element-citation></ref><ref id="bib0295"><label>57</label><element-citation publication-type="journal" id="sbref0295"><person-group person-group-type="author"><name><surname>Kingeter</surname><given-names>L.M.</given-names></name><name><surname>Paul</surname><given-names>S.</given-names></name><name><surname>Maynard</surname><given-names>S.K.</given-names></name><name><surname>Cartwright</surname><given-names>N.G.</given-names></name><name><surname>Schaefer</surname><given-names>B.C.</given-names></name></person-group><article-title>Cutting edge: TCR ligation triggers digital activation of NF-kappaB</article-title><source>J Immunol</source><volume>185</volume><year>2010</year><fpage>4520</fpage><lpage>4524</lpage><pub-id pub-id-type="pmid">20855880</pub-id></element-citation></ref><ref id="bib0300"><label>58</label><element-citation publication-type="journal" id="sbref0300"><person-group person-group-type="author"><name><surname>Koretzky</surname><given-names>G.A.</given-names></name><name><surname>Abtahian</surname><given-names>F.</given-names></name><name><surname>Silverman</surname><given-names>M.A.</given-names></name></person-group><article-title>SLP76 and SLP65: complex regulation of signalling in lymphocytes and beyond</article-title><source>Nat Rev Immunol</source><volume>6</volume><year>2006</year><fpage>67</fpage><lpage>78</lpage><pub-id pub-id-type="pmid">16493428</pub-id></element-citation></ref><ref id="bib0305"><label>59</label><element-citation publication-type="journal" id="sbref0305"><person-group person-group-type="author"><name><surname>Wang</surname><given-names>D.</given-names></name><name><surname>Matsumoto</surname><given-names>R.</given-names></name><name><surname>You</surname><given-names>Y.</given-names></name><name><surname>Che</surname><given-names>T.</given-names></name><name><surname>Lin</surname><given-names>X.Y.</given-names></name><name><surname>Gaffen</surname><given-names>S.L.</given-names></name></person-group><article-title>CD3/CD28 costimulation-induced NF-kappaB activation is mediated by recruitment of protein kinase C-theta, Bcl10, and IkappaB kinase beta to the immunological synapse through CARMA1</article-title><source>Mol Cell Biol</source><volume>24</volume><year>2004</year><fpage>164</fpage><lpage>171</lpage><pub-id pub-id-type="pmid">14673152</pub-id></element-citation></ref><ref id="bib0310"><label>60</label><element-citation publication-type="journal" id="sbref0310"><person-group person-group-type="author"><name><surname>Boomer</surname><given-names>J.S.</given-names></name><name><surname>Green</surname><given-names>J.M.</given-names></name></person-group><article-title>An enigmatic tail of CD28 signaling</article-title><source>Cold Spring Harb Perspect Biol</source><volume>2</volume><year>2010</year><fpage>a002436</fpage><pub-id pub-id-type="pmid">20534709</pub-id></element-citation></ref></ref-list><sec id="sec0075" sec-type="supplementary-material"><label>Appendix A</label><title>Supplementary data</title><p>The following are the supplementary data to this article:<fig id="fig0025" position="anchor"><label>Supplementary Figure S1</label><caption><p>Binding of Grb-2 and GADS to CD28. Jurkat T-cells, either left unstimulated (lane 2) or stimulated with anti-CD28/rabbit anti-mouse IgG for 1, 5, 15 and 30 min (lanes 3-6) were lysed, immunoprecipitated with anti-CD28 and blotted for Grb-2 (a) or GADS (b, c). Immunoprecipitation with rabbit anti-mouse IgG served as a negative control (lane 1). Input panels: blotting of cell lysates with Grb-2 or Gads served as a loading control.</p></caption><graphic xlink:href="mmc1"/></fig></p></sec><ack id="ack0005"><title>Acknowledgments</title><p>This work was supported by <funding-source id="gs0005">Wellcome Trust Progam Grant</funding-source> (PG) PKAG/504 to Principal Research Fellow (PRF) C.E. Rudd. We are grateful to Oreste Ocuto and Enzo Cerundolo from University of Oxford for providing CHC17 and 1G4 (<italic>Cd28</italic><sup>&#x02212;/&#x02212;</sup>) Jurkat cells.</p></ack></back><floats-group><fig id="fig0010"><label>Fig. 1</label><caption><p>CD28 and TCR uniquely regulated NF-&#x003ba;B. (a) 1G4 CD28 deficient Jurkat cells reconstituted with either empty plasmid (vector) or WT (CD28) untagged plasmid were used to measure NF-&#x003ba;B IL-2 promoter luciferase (firefly) activity in response to indicated ligating antibodies. Activity was measured by normalizing firefly luciferase counts to the background Renilla luciferase values, done in triplicates for each point as described in Materials and Methods section. All values are in relative luciferase units. (b) NF-&#x003ba;B activation in CD3<sup>+</sup> human peripheral blood lymphocytes in response to engagement with indicated concentrations of CD3 (OKT3 clone) or CD28 (CD28.2 clone) alone or in combination. (c) Electromobility shift assay from nuclear fractions of C57BL/6 na&#x000ef;ve T-cells as described in section <xref rid="sec0010" ref-type="sec">2</xref>. Briefly, a biotinylated NF-&#x003ba;B probe was used to detect DNA binding to nuclear fraction from unstimulated (lane 1) or anti-CD28 stimulated cells (lane 2). For specificity, anti-CD28 stimulated nuclear fraction was probed with unlabeled/cold NF-&#x003ba;B oligo (lane 3). Lane 4 is positive control (provided with kit). (d) NF-kB activation in primary T-cells isolated from WT or CD28 KO mice treated with control (R&#x003b1;H), anti-CD3 or anti-CD28 alone stimulating antibodies or in combination. Data in each sample is average of triplicates. All antibodies concentrations are in micrograms per milliliter of solution.</p></caption><graphic xlink:href="gr1"/></fig><fig id="fig0015"><label>Fig. 2</label><caption><p>GRB-2 connects proximal signals to regulate CD28 driven NF-&#x003ba;B pathway. (a) <italic>Cd28</italic><sup>&#x02212;/&#x02212;</sup> cells were reconstituted with empty vector, WT CD28 or N193Q mutant. FACS histogram shows surface expression of WT or N193Q CD28 by staining with FITC labeled antibodies to CD28. Right panel shows another representative experiment obtained from CH7C17, CD28 deficient cell line. NF-&#x003ba;B luciferase activity was measured after stimulation with indicated antibodies. (b) Y170F knock-in mutant primary T-cells were used in conjunction with wild type primary cells. Luciferase firefly units were normalized to background Renilla values. (c) Binding of Grb-2 to CD28. Jurkat T-cells, either left unstimulated (lane 2) or stimulated with anti-CD28/rabbit anti-mouse IgG for 1, 5, 15 and 30&#x000a0;min (lanes 3&#x02013;6) were lysed, immunoprecipitated with anti-CD28 and blotted for Grb-2. Immunoprecipitation with rabbit anti-mouse IgG served as a negative control (lane 1). Input panels: blotting of cell lysates with Grb-2 (upper panel) or CD28 (lower panel) served as a loading control. siRNA knock-down of GRB-2 in primary cells (d) and Jurkat cells (e) and its effects on NF-&#x003ba;B pathway after 48 and 72&#x000a0;h of knock-down respectively. Efficiency of knock-down was assessed by western blotting as shown in insets (SC: scrambled and KD: knock-down) and quantified by normalizing to endogenous actin levels (inset column chart). All siRNA were purchased from Dharmacon (Thermo Scientific).</p></caption><graphic xlink:href="gr2"/></fig><fig id="fig0020"><label>Fig. 3</label><caption><p>Normal CD28 but defective TCR mediated NF-&#x003ba;B pathway in ADAP KO primary and LAT deficient Jurkat cells<italic>.</italic> (a) CD3<sup>+</sup> cells isolated from spleens of <italic>adap</italic><sup>&#x02212;/&#x02212;</sup> (silver bars) or wild type (blue bars) mice were used for NF-&#x003ba;B IL-2 promoter assay by transfecting with reporter plasmids followed by stimulation with control, anti-CD28 or anti-CD3 antibodies. Right panel, NF-&#x003ba;B activity in <italic>adap</italic><sup>&#x02212;/&#x02212;</sup> (blue bars) compared to controls wild type (silver bars) or <italic>adap</italic><sup>&#x02212;/&#x02212;</sup> T-cells transfected with exogenous ADAP (green bars). Efficiency of transfection was assessed by western blotting and normalized to endogenous CD28 levels as shown by column chart (inset). Each point is average of triplicate with SD. (b) NF-&#x003ba;B activity measured in CD28 reconstituted Jurkat 1G4 cells transfected with adapters SKAP1 or ADAP (Fyb) or control plasmids as shown. NF-&#x003ba;B activity was measured as above. (c) NF-&#x003ba;B reporter activity in LAT deficient (Jcam2) cells, either transfected with VAV1 (green bars) or ADAP (silver bars) when engaged with control (RaM), anti-CD28 or anti-CD3 antibodies. Wild type (Jurkat) transfected with respective plasmids were used as control. All values are relative luciferase units and average of triplicates with standard deviations. (d) Reconstitution of <italic>Cd28</italic><sup>&#x02212;/&#x02212;</sup> Jurkat cells with VAV1 or respective controls. NF-&#x003ba;B activation in response to CD28 was measured as above. (e) siRNA knock-down of VAV1 in primary T-cells for 48&#x000a0;h. NF-&#x003ba;B activity was measured from reporter plasmids when cells were stimulated for 6&#x000a0;h with control (R&#x003b1;H), anti-CD28 or anti-CD3 antibodies. Knock-down efficiency was detected by western blotting of endogenous proteins and quantified by densitometric analysis and shown as actin normalized values in column chart (inset). (For interpretation of the references to color in this figure legend, the reader is referred to the web version of this article.)</p></caption><graphic xlink:href="gr3"/></fig></floats-group></article>