<article xmlns:xlink="http://www.w3.org/1999/xlink" xmlns:mml="http://www.w3.org/1998/Math/MathML" article-type="other"><?properties open_access?><front><journal-meta><journal-id journal-id-type="nlm-ta">Immunol Lett</journal-id><journal-id journal-id-type="iso-abbrev">Immunol. Lett</journal-id><journal-title-group><journal-title>Immunology Letters</journal-title></journal-title-group><issn pub-type="ppub">0165-2478</issn><issn pub-type="epub">1879-0542</issn><publisher><publisher-name>Elsevier/North-Holland Biomedical Press</publisher-name></publisher></journal-meta><article-meta><article-id pub-id-type="pmid">18035425</article-id><article-id pub-id-type="pmc">2629540</article-id><article-id pub-id-type="publisher-id">IMLET4563</article-id><article-id pub-id-type="doi">10.1016/j.imlet.2007.10.010</article-id><article-categories><subj-group subj-group-type="heading"><subject>Letter to the Editor</subject></subj-group></article-categories><title-group><article-title>The role of CTLA-4 in immune regulation</article-title></title-group><contrib-group><contrib contrib-type="author"><name><surname>Verhagen</surname><given-names>Johan</given-names></name><email>Johan.Verhagen@bristol.ac.uk</email><xref rid="cor1" ref-type="corresp">&#x0204e;</xref></contrib><contrib contrib-type="author"><name><surname>Sabatos</surname><given-names>Catherine A.</given-names></name><xref rid="fn1" ref-type="fn">1</xref></contrib><contrib contrib-type="author"><name><surname>Wraith</surname><given-names>David C.</given-names></name><email>d.c.wraith@bristol.ac.uk</email><xref rid="fn1" ref-type="fn">1</xref></contrib></contrib-group><aff>Department of Cellular and Molecular Medicine, School of Medical Sciences, University of Bristol, University Walk, Bristol BS8 1TD, UK</aff><author-notes><corresp id="cor1"><label>&#x0204e;</label>Corresponding author. Tel.: +44 117 3312008; fax: +44 117 9287896. <email>Johan.Verhagen@bristol.ac.uk</email></corresp><fn id="fn1"><label>1</label><p>Tel.: +44 117 3312008; fax: +44 117 9287896.</p></fn></author-notes><pub-date pub-type="pmc-release"><day>15</day><month>1</month><year>2008</year></pub-date><!-- PMC Release delay is 0 months and 0 days and was based on the
							<pub-date pub-type="ppub"/>. --><pub-date pub-type="ppub"><day>15</day><month>1</month><year>2008</year></pub-date><volume>115</volume><issue>1-4</issue><fpage>73</fpage><lpage>74</lpage><history><date date-type="received"><day>11</day><month>10</month><year>2007</year></date></history><permissions><copyright-statement>&#x000a9; 2008 Elsevier B.V.</copyright-statement><copyright-year>2007</copyright-year><copyright-holder>Elsevier B.V.</copyright-holder><license><license-p>This document may be redistributed and reused, subject to <ext-link ext-link-type="uri" xlink:href="http://www.elsevier.com/wps/find/authorsview.authors/supplementalterms1.0">certain conditions</ext-link>.</license-p></license></permissions><kwd-group><title>Keywords</title><kwd>CTLA-4</kwd><kwd>Immune regulation</kwd></kwd-group></article-meta></front><body><p>The role of cytotoxic T-lymphocyte-associated antigen-4 (CTLA-4; CD152) in the regulation of T cell activation remains a much debated topic. A type I transmembrane protein of the immunoglobulin superfamily and homologue of the co-stimulatory molecule CD28, CTLA-4 serves a crucial role in negative regulation of the T cell immune response. Mice deficient in CTLA-4 develop spontaneous lymphoproliferative disease with multiorgan infiltration within 3&#x02013;4 weeks of birth, suggesting aberrant regulation of T cell activation or proliferation. Several theories have been postulated to explain the observed manifestation of spontaneous disease. First, the observed dysregulation could result from an impaired function of T regulatory (Treg) cells, since CTLA-4 has been shown to be constitutively expressed on the surface and in the cytoplasm of peripheral CD4<sup>+</sup>CD25<sup>+</sup> Treg cells <xref rid="bib1" ref-type="bibr">[1]</xref>. Several studies using neutralizing monoclonal antibody to block CTLA-4 on Treg cells <italic>in vivo</italic> have reported an exacerbation of autoimmune disease <xref rid="bib1 bib2" ref-type="bibr">[1,2]</xref>. In contrast to these findings, B7-1/B7-2/CTLA-4-deficient mice showed FoxP3 expression on 2.5&#x02013;3% of CD4<sup>+</sup> cells, representing Treg cells that are functional <italic>in vitro</italic>
<xref rid="bib3" ref-type="bibr">[3]</xref>. The importance of CTLA-4 for Treg cell function therefore remains to be elucidated.</p><p>A second explanation for the augmented lymphoproliferation observed in CTLA-4<sup>&#x02212;/&#x02212;</sup> mice could be a lower activation threshold in CTLA-4 deficient effector T cells. CTLA-4 has been suggested to regulate the threshold for activation in response to endogenous rather than exogenous antigens <xref rid="bib4 bib5" ref-type="bibr">[4,5]</xref>. CTLA-4 has further been suggested to play a role in the negative selection of T cells in the thymus <xref rid="bib6 bib7" ref-type="bibr">[6,7]</xref>. A deficiency in CTLA-4 might therefore give rise to a hyperresponsive T cell population, leading to disproportionate T cell proliferation and organ infiltration.</p><p>The current study elaborates on an altogether new explanation for the observed lymphoproliferation. In recent studies, the Rudd group have made several interesting observations regarding the effect of CTLA-4 on T cell motility. First, CTLA-4 ligation was shown to upregulate the expression of lymphocyte function-associated antigen-1 (LFA-1) <xref rid="bib8" ref-type="bibr">[8]</xref>. LFA-1 plays a crucial role in promoting clustering of T cells with antigen presenting cells (APCs), therefore facilitating antigen presentation and activation. Interestingly, anti-CD3/CTLA-4 co-ligation simultaneously led to the inhibition of IL-2 production. Moreover, hyperactivation of adhesion is often accompanied by increased motility and migration of T cells, which could limit the number of engaged TCRs and therefore limit the antigen-specific response. The same stimulation could therefore lead to either a positive or negative response, depending on factors such as duration and combined strength of signalling.</p><p>The importance of signal duration in addition to quality and quantity was further supported by findings on the effect of CTLA-4 on the TCR stop signal <xref rid="bib9" ref-type="bibr">[9]</xref>. Comparison of the mobility of CTLA-4<sup>+/+</sup> and CTLA-4<sup>&#x02212;/&#x02212;</sup> CD4<sup>+</sup> cells on plates coated with the LFA-1 ligand, intercellular adhesion molecule-1 (ICAM-1), showed that whereas pre-activated T cells from either group migrated at similar speeds, treatment with anti-CTLA-4 led to the increased motility of CTLA-4<sup>+/+</sup> but not CTLA-4<sup>&#x02212;/&#x02212;</sup> cells. Further experiments demonstrated that while anti-CD3 ligation resulted in reduced movement of primary human and mouse T cells, co-ligation of CTLA-4 reversed the arrest. The authors argued that this event could play a role in secondary immune responses where shorter dwell times are sufficient for activation. CTLA-4<sup>+</sup> cells, with shorter dwell times due to the reversal of the TCR stop signal, could therefore compete with CTLA-4<sup>&#x02212;</sup> cells which engage in longer conjugation with APCs. In addition, the shorter dwell time of CTLA-4<sup>+</sup> may stop these cells from being activated by autoantigens, which would lead to the autoimmune disease commonly observed in CTLA-4 deficient mice.</p><p>In the current paper by Downey et al., the investigation into the effect on T cell migration is taken one step further by looking at CTLA-4 deficient mice with established lymphoproliferative disease. Whereas CTLA-4 ligation on pre-activated T cells from healthy mice and humans in the previous study led to reversal of the anti-CD3 induced TCR stop signal, CTLA-4<sup>&#x02212;/&#x02212;</sup> T cells from diseased mice are now shown to have resistance to the induction of a TCR stop signal by anti-CD3 ligation. It is therefore argued that in diseased animals, the TCR is decoupled from its normal ability to induce a stop signal, resulting in the tissue infiltration observed in CTLA-4 deficient mice. Whether the decoupling of the TCR stop signal is the result of the chronic illness in diseased CTLA-4<sup>&#x02212;/&#x02212;</sup> mice or arises from a difference in the thymic selection of T cells in the absence of CTLA-4 remains unclear. A comparison between the motility of T cells from CTLA-4<sup>&#x02212;/&#x02212;</sup> animals before and after the manifestation of disease may shed some light on this matter.</p><p>The findings of the current study and the two previous studies by the same group <xref rid="bib8 bib9" ref-type="bibr">[8,9]</xref> may at first seem at odds with each other. It is clear, however, that these studies used different conditions and sources of cells, which could explain the disparity of results. Nevertheless, taken together they demonstrate the delicate balance required for T cell activation and regulation in order to achieve a healthy immune response. CTLA-4 seems to play a pivotal role in controlling each part of the three-way balance between the strength, quality and duration of signal which determines the outcome of an interaction between a T cell and an APC. Exactly how CTLA-4 exerts its multidisciplinary effect remains unclear, but may prove crucial in the understanding of immune regulation.</p></body><back><ref-list><title>References</title><ref id="bib1"><label>1</label><element-citation publication-type="journal"><person-group person-group-type="author"><name><surname>Takahashi</surname><given-names>T.</given-names></name><name><surname>Tagami</surname><given-names>T.</given-names></name><name><surname>Yamazaki</surname><given-names>S.</given-names></name><name><surname>Uede</surname><given-names>T.</given-names></name><name><surname>Shimizu</surname><given-names>J.</given-names></name><name><surname>Sakaguchi</surname><given-names>N.</given-names></name></person-group><article-title>Immunologic self-tolerance maintained by CD25<sup>+</sup>CD4<sup>+</sup> regulatory T cells constitutively expressing cytotoxic T lymphocyte-associated antigen 4</article-title><source>J Exp Med</source><volume>192</volume><year>2000</year><fpage>303</fpage><lpage>310</lpage><pub-id pub-id-type="pmid">10899917</pub-id></element-citation></ref><ref id="bib2"><label>2</label><element-citation publication-type="journal"><person-group person-group-type="author"><name><surname>Read</surname><given-names>S.</given-names></name><name><surname>Malmstrom</surname><given-names>V.</given-names></name><name><surname>Powrie</surname><given-names>F.</given-names></name></person-group><article-title>Cytotoxic T lymphocyte-associated antigen 4 plays an essential role in the function of CD25<sup>+</sup>CD4<sup>+</sup> regulatory cells that control intestinal inflammation</article-title><source>J Exp Med</source><volume>192</volume><year>2000</year><fpage>295</fpage><lpage>302</lpage><pub-id pub-id-type="pmid">10899916</pub-id></element-citation></ref><ref id="bib3"><label>3</label><element-citation publication-type="journal"><person-group person-group-type="author"><name><surname>Read</surname><given-names>S.</given-names></name><name><surname>Greenwald</surname><given-names>R.</given-names></name><name><surname>Izcue</surname><given-names>A.</given-names></name><name><surname>Robinson</surname><given-names>N.</given-names></name><name><surname>Mandelbrot</surname><given-names>D.</given-names></name><name><surname>Francisco</surname><given-names>L.</given-names></name></person-group><article-title>Blockade of CTLA-4 on CD4<sup>+</sup>CD25<sup>+</sup> regulatory T cells abrogates their function in vivo</article-title><source>J Immunol</source><volume>177</volume><year>2006</year><fpage>4376</fpage><lpage>4383</lpage><pub-id pub-id-type="pmid">16982872</pub-id></element-citation></ref><ref id="bib4"><label>4</label><element-citation publication-type="journal"><person-group person-group-type="author"><name><surname>Eggena</surname><given-names>M.P.</given-names></name><name><surname>Walker</surname><given-names>L.S.</given-names></name><name><surname>Nagabhushanam</surname><given-names>V.</given-names></name><name><surname>Barron</surname><given-names>L.</given-names></name><name><surname>Chodos</surname><given-names>A.</given-names></name><name><surname>Abbas</surname><given-names>A.K.</given-names></name></person-group><article-title>Cooperative roles of CTLA-4 and regulatory T cells in tolerance to an islet cell antigen</article-title><source>J Exp Med</source><volume>199</volume><year>2004</year><fpage>1725</fpage><lpage>1730</lpage><pub-id pub-id-type="pmid">15210748</pub-id></element-citation></ref><ref id="bib5"><label>5</label><element-citation publication-type="journal"><person-group person-group-type="author"><name><surname>Walker</surname><given-names>L.S.</given-names></name><name><surname>Ausubel</surname><given-names>L.J.</given-names></name><name><surname>Chodos</surname><given-names>A.</given-names></name><name><surname>Bekarian</surname><given-names>N.</given-names></name><name><surname>Abbas</surname><given-names>A.K.</given-names></name></person-group><article-title>CTLA-4 differentially regulates T cell responses to endogenous tissue protein versus exogenous immunogen</article-title><source>J Immunol</source><volume>169</volume><year>2002</year><fpage>6202</fpage><lpage>6209</lpage><pub-id pub-id-type="pmid">12444125</pub-id></element-citation></ref><ref id="bib6"><label>6</label><element-citation publication-type="journal"><person-group person-group-type="author"><name><surname>Buhlmann</surname><given-names>J.E.</given-names></name><name><surname>Elkin</surname><given-names>S.K.</given-names></name><name><surname>Sharpe</surname><given-names>A.H.</given-names></name></person-group><article-title>A role for the B7-1/B7-2:CD28/CTLA-4 pathway during negative selection</article-title><source>J Immunol</source><volume>170</volume><year>2003</year><fpage>5421</fpage><lpage>5428</lpage><pub-id pub-id-type="pmid">12759417</pub-id></element-citation></ref><ref id="bib7"><label>7</label><element-citation publication-type="journal"><person-group person-group-type="author"><name><surname>Kwon</surname><given-names>H.</given-names></name><name><surname>Jun</surname><given-names>H.S.</given-names></name><name><surname>Khil</surname><given-names>L.Y.</given-names></name><name><surname>Yoon</surname><given-names>J.W.</given-names></name></person-group><article-title>Role of CTLA-4 in the activation of single- and double-positive thymocytes</article-title><source>J Immunol</source><volume>173</volume><year>2004</year><fpage>6645</fpage><lpage>6653</lpage><pub-id pub-id-type="pmid">15557155</pub-id></element-citation></ref><ref id="bib8"><label>8</label><element-citation publication-type="journal"><person-group person-group-type="author"><name><surname>Schneider</surname><given-names>H.</given-names></name><name><surname>Valk</surname><given-names>E.</given-names></name><name><surname>da Rocha Dias</surname><given-names>S.</given-names></name><name><surname>Wei</surname><given-names>B.</given-names></name><name><surname>Rudd</surname><given-names>C.E.</given-names></name></person-group><article-title>CTLA-4 up-regulation of lymphocyte function-associated antigen 1 adhesion and clustering as an alternate basis for coreceptor function</article-title><source>Proc Natl Acad Sci USA</source><volume>102</volume><year>2005</year><fpage>12861</fpage><lpage>12866</lpage><pub-id pub-id-type="pmid">16126897</pub-id></element-citation></ref><ref id="bib9"><label>9</label><element-citation publication-type="journal"><person-group person-group-type="author"><name><surname>Schneider</surname><given-names>H.</given-names></name><name><surname>Downey</surname><given-names>J.</given-names></name><name><surname>Smith</surname><given-names>A.</given-names></name><name><surname>Zinselmeyer</surname><given-names>B.H.</given-names></name><name><surname>Rush</surname><given-names>C.</given-names></name><name><surname>Brewer</surname><given-names>J.M.</given-names></name></person-group><article-title>Reversal of the TCR stop signal by CTLA-4</article-title><source>Science</source><volume>313</volume><year>2006</year><fpage>1972</fpage><lpage>1975</lpage><pub-id pub-id-type="pmid">16931720</pub-id></element-citation></ref></ref-list></back></article>