<article xmlns:xlink="http://www.w3.org/1999/xlink" xmlns:mml="http://www.w3.org/1998/Math/MathML" article-type="research-article"><?properties open_access?><front><journal-meta><journal-id journal-id-type="nlm-ta">Immunol Lett</journal-id><journal-id journal-id-type="iso-abbrev">Immunol. Lett</journal-id><journal-title-group><journal-title>Immunology Letters</journal-title></journal-title-group><issn pub-type="ppub">0165-2478</issn><issn pub-type="epub">1879-0542</issn><publisher><publisher-name>Elsevier/North-Holland Biomedical Press</publisher-name></publisher></journal-meta><article-meta><article-id pub-id-type="pmid">24698729</article-id><article-id pub-id-type="pmc">4045373</article-id><article-id pub-id-type="publisher-id">S0165-2478(14)00054-6</article-id><article-id pub-id-type="doi">10.1016/j.imlet.2014.03.008</article-id><article-categories><subj-group subj-group-type="heading"><subject>Article</subject></subj-group></article-categories><title-group><article-title>Siglec-F-dependent negative regulation of allergen-induced eosinophilia depends critically on the experimental model</article-title></title-group><contrib-group><contrib contrib-type="author"><name><surname>McMillan</surname><given-names>Sarah J.</given-names></name></contrib><contrib contrib-type="author"><name><surname>Richards</surname><given-names>Hannah E.</given-names></name></contrib><contrib contrib-type="author"><name><surname>Crocker</surname><given-names>Paul R.</given-names></name><email>p.r.crocker@dundee.ac.uk</email><xref rid="cor0005" ref-type="corresp">&#x0204e;</xref></contrib></contrib-group><aff id="aff0005">Division of Cell Signalling &#x00026; Immunology, College of Life Sciences, University of Dundee, Dundee, Scotland, UK, DD1 5EH</aff><author-notes><corresp id="cor0005"><label>&#x0204e;</label>Corresponding author. Tel.: +44 1382 385781. <email>p.r.crocker@dundee.ac.uk</email></corresp></author-notes><pub-date pub-type="pmc-release"><day>1</day><month>7</month><year>2014</year></pub-date><!-- PMC Release delay is 0 months and 0 days and was based on <pub-date
						pub-type="ppub">.--><pub-date pub-type="ppub"><month>7</month><year>2014</year></pub-date><volume>160</volume><issue>1</issue><fpage>11</fpage><lpage>16</lpage><history><date date-type="received"><day>17</day><month>1</month><year>2014</year></date><date date-type="rev-recd"><day>11</day><month>3</month><year>2014</year></date><date date-type="accepted"><day>21</day><month>3</month><year>2014</year></date></history><permissions><copyright-statement>&#x000a9; 2014 The Authors</copyright-statement><copyright-year>2014</copyright-year><license license-type="CC BY" xlink:href="http://creativecommons.org/licenses/by/3.0/"><license-p>This is an open access article under the CC BY license (http://creativecommons.org/licenses/by/3.0/).</license-p></license></permissions><abstract abstract-type="author-highlights"><title>Highlights</title><p><list list-type="simple"><list-item id="lsti0005"><label>&#x02022;</label><p>Siglec-F-dependent negative regulation of eosinophilia depends on experimental model.</p></list-item><list-item id="lsti0010"><label>&#x02022;</label><p>Siglec-F-dependent suppression of lung eosinophilia may not depend on ligand-induced apoptosis.</p></list-item><list-item id="lsti0015"><label>&#x02022;</label><p>Implications for therapeutic approaches to treating human disease in which siglec-8, is targeted.</p></list-item></list></p></abstract><abstract><p>Siglec-8 and siglec-F are paralogous membrane proteins expressed on human and murine eosinophils respectively. They bind similar sialylated and sulphated glycans and mediate eosinophil apoptosis when cross-linked with antibodies or glycan ligands. In models of allergic eosinophilic airway inflammation, siglec-F was shown previously to be important for negatively regulating eosinophilia. It was proposed that this was due to siglec-F-dependent apoptosis, triggered <italic>via</italic> engagement with ligands that are upregulated on bronchial epithelium. Our aim was to further investigate the functions of siglec-F by comparing two commonly used models of ovalbumin-induced airway inflammation that differ in the dose and route of administration of ovalbumin. In confirmation of published results, siglec-F-deficient mice had enhanced lung tissue eosinophilia in response to intranasal ovalbumin delivered every other day. However, following aerosolised ovalbumin delivered daily, there was no influence of siglec-F deficiency on lung eosinophilia. Expression of siglec-F ligands in lung tissues was similar in both models of allergen induced inflammation. These data demonstrate that siglec-F-dependent regulation of eosinophilia is subtle and depends critically on the model used. The findings also indicate that mechanisms other than ligand-induced apoptosis may be important in siglec-F-dependent suppression of eosinophilia.</p></abstract><kwd-group><title>Abbreviations</title><kwd>Siglec, sialic acid binding immunoglobulin like lectin</kwd><kwd>OVA, ovalbumin</kwd><kwd>WT, wild type</kwd><kwd>KO, knock out</kwd><kwd>KI, knock in</kwd><kwd>ITIM, immunoreceptor tyrosine based inhibitory motifs</kwd></kwd-group><kwd-group><title>Keywords</title><kwd>Siglec-F</kwd><kwd>Siglec-8</kwd><kwd>Eosinophil</kwd><kwd>Allergic airway inflammation</kwd></kwd-group></article-meta></front><body><sec sec-type="intro" id="sec0005"><label>1</label><title>Introduction</title><p>Siglecs-8 and -F are paralogous membrane proteins highly expressed on human and mouse eosinophils respectively. They are members of the CD33-related sialic acid binding Ig-like lectin (siglec) family and contain immunoreceptor tyrosine based inhibitory motifs (ITIM) and ITIM-like motifs in their cytoplasmic tails that are implicated in negative regulatory functions <xref rid="bib0005" ref-type="bibr">[1]</xref>. Previous studies have shown that cross-linking of siglecs-8 and -F <italic>in vitro</italic> using specific antibodies or glycan ligands can lead to eosinophil apoptosis <xref rid="bib0010 bib0015" ref-type="bibr">[2,3]</xref>. This has raised the possibility that selective targeting of these cells in diseases such as allergic asthma could be beneficial <xref rid="bib0010 bib0015 bib0020 bib0025" ref-type="bibr">[2&#x02013;5]</xref>. Although murine siglec-F is not orthologous with siglec-8, their similarities in expression pattern <xref rid="bib0030 bib0035" ref-type="bibr">[6,7]</xref>, proapoptotic properties <xref rid="bib0020 bib0040" ref-type="bibr">[4,8]</xref>, and ligand binding preference <xref rid="bib0030" ref-type="bibr">[6]</xref> suggest that these proteins play equivalent functional roles. Therefore, analysis of siglec-F-deficient mice is likely to give insights into siglec-8 functions in humans.</p><p>Siglec-F has been shown to act as a negative regulator of ovalbumin (OVA)-induced eosinophilia since OVA-primed and challenged siglec-F-deficient mice had enhanced eosinophilic airway inflammation and increased numbers of eosinophils in the blood and bone marrow <xref rid="bib0045 bib0050" ref-type="bibr">[9,10]</xref>. Moreover, siglec-F antibodies were shown to reduce eosinophilic inflammation in a model of OVA-induced airway inflammation <xref rid="bib0055" ref-type="bibr">[11]</xref>. Siglec-F ligands are expressed on bronchial epithelium and inflammatory leukocytes, including eosinophils themselves <xref rid="bib0045 bib0050 bib0060" ref-type="bibr">[9,10,12]</xref>. Two recent studies demonstrated that the sialyltransferase ST3Gal-III is required for siglec-F ligand expression and that ST3Gal-III-deficient mice exhibited increased lung eosinophilia in a model of OVA-induced allergic lung inflammation <xref rid="bib0065 bib0070" ref-type="bibr">[13,14]</xref>. Collectively, these data have given rise to the hypothesis that engagement of siglec-8 or siglec-F with sialylated ligands leads to eosinophil apoptosis and negative regulation of eosinophil inflammation in the lung.</p><p>The above studies on siglec-F-dependent modulation of eosinophilia have been performed using a model of OVA-induced airway inflammation in which OVA-primed mice are challenged intranasally with OVA. Since it has been well documented that use of different murine models of allergic airway disease can result in contrasting data <xref rid="bib0075 bib0080" ref-type="bibr">[15,16]</xref>, we sought to compare the development of OVA-induced airway eosinophilia using two different models with previously unreported siglec-F-deficient mice generated in our laboratory.</p><p>Here we demonstrate that, in contrast to intranasal OVA delivery every other day, when aerosolised OVA was delivered daily, the absence of siglec-F did not lead to increased numbers of lung eosinophils. These differences in siglec-F-dependent eosinophil recruitment could not be explained by altered siglec-F ligand expression in the lung which was similar in both models. Our findings suggest that the negative regulatory effects of siglec-F may be overridden under certain inflammatory conditions and have important implications for the translation of siglec-F in mouse models of allergic inflammation to human siglec-8 in asthma.</p></sec><sec sec-type="materials|methods" id="sec0010"><label>2</label><title>Materials and methods</title><sec id="sec0015"><label>2.1</label><title>Generation and characterization of siglec-F-deficient mice</title><p>Siglec-F<sup>R114D</sup> &#x02018;knock in&#x02019; (KI) mice, carrying an Arg114 to Asp mutation in the siglec-F gene predicted to abolish sialic acid binding <xref rid="bib0050" ref-type="bibr">[10]</xref>, were generated by Taconic Artemis using C57BL/6 ES cells and the targeting strategy illustrated in <xref rid="fig0005" ref-type="fig">Fig. 1</xref>A. Further crossing of homozygous siglec-F<sup>R114D</sup> mice with Tg (Nes-cre)1Wme/J (Bal1 cre) mice produced offspring with mosaicism/partial deletion of exons 6&#x02013;9 in adult organs (including germline), resulting in the truncated siglec-F &#x02018;knock out&#x02019; (KO) allele shown in <xref rid="fig0005" ref-type="fig">Fig. 1</xref>A. Mosaic offspring were then used to generate siglec-F<sup>&#x02212;/&#x02212;</sup> mice, which was confirmed by PCR. The following primers gave rise to a wild-type product (202&#x000a0;bp), a KI product (321&#x000a0;bp) or a KO product (363&#x000a0;bp); 1928_35; CCTGATGTCATGTGTGAAGTCG, 1928_36; GATTTCAGGCGTGTGATTGC, 1928_38; CTCCTGAGGGCTGAGACTATAGG. WT, siglec-F<sup>R114D</sup> and siglec-F<sup>&#x02212;/&#x02212;</sup> mice were generated using parents from heterozygous intercrosses on C57BL/6 background. Mice were viable and fertile and no abnormalities were found in baseline total blood cell counts (data not shown). Mice were bred and maintained under specific pathogen-free conditions at the University of Dundee. All procedures were carried out with institutional ethics approval, under home office license and were performed in accordance with the UK 1986 Animals (Scientific Procedures) Act. Siglec-F expression was assessed by flow cytometry of eosinophils in blood, bone marrow and lung tissue digest from WT and siglec-F deficient mice using both a rat anti-siglec-F mAb (Clone E50-2440, BD Biosciences, Oxford, UK) and a sheep anti-siglec-F pAb <xref rid="bib0040" ref-type="bibr">[8]</xref>. Eosinophils were delineated with anti-Gr-1 antibody (RB6-8C5; eBioscience, Hatfield, UK) and side-scatter properties. Fc receptor binding was blocked with 2.4G2 (hybridoma) prior to surface staining. Following staining, cells were fixed in 1% formaldehyde. Data were collected using a LSR Fortessa (BD Biosciences) and analyzed using Flowjo 7.5 software (Treestar).</p></sec><sec id="sec0020"><label>2.2</label><title>Induction of allergic airway inflammation</title><p>Allergic airway inflammation was induced in groups of 8-week old female siglec-F-deficient mice and their WT littermates using two models (<xref rid="fig0010" ref-type="fig">Fig. 2</xref>). Mice were sensitized on days 0 and 12 using intraperitoneal OVA (Chicken egg, Grade V, Sigma, Poole, UK), at a concentration of 50&#x000a0;&#x003bc;g/mouse (model 1) in 0.2&#x000a0;ml alum (Alu-Gel-S; Serva, AMS Biotechnology, Abingdon, UK), or 10&#x000a0;&#x003bc;g/mouse in 0.2&#x000a0;ml alum (model 2). To induce local inflammation to the airways for model 1, mice were anaesthetized using isofluorane and 20&#x000a0;&#x003bc;g in 50&#x000a0;&#x003bc;l OVA instilled into the nostrils on days 24, 26 and 28 <xref rid="bib0050" ref-type="bibr">[10]</xref>. For model 2, mice were challenged daily with 5% OVA (aerosolized for 20&#x000a0;min) <italic>via</italic> the airways between days 21 and 23. For both models, mice were sacrificed by exsanguination under terminal anesthesia (ketamine, 100&#x000a0;mg/kg/xylazine, 10&#x000a0;mg/kg, i.p.) 24&#x000a0;h after the final OVA administration and lung tissue inflammation assessed.</p></sec><sec id="sec0025"><label>2.3</label><title>Quantification of lung cellular inflammation</title><p>Lung inflammation was assessed in collagenase digested lung tissue as previously described <xref rid="bib0085" ref-type="bibr">[17]</xref>. Differential cell counts of lung tissue digests (40&#x000d7; magnification; total area 0.5&#x000a0;mm<sup>2</sup> per area randomly selected) were performed on Diff Quik stained cytospins. All differential counts were performed blind and in a randomized order at the end of the study by the same observer.</p></sec><sec id="sec0030"><label>2.4</label><title>Siglec-F ligand expression</title><p>Siglec-F ligand expression was assessed as described <xref rid="bib0060" ref-type="bibr">[12]</xref>, with minor modifications. 8&#x000a0;&#x003bc;m sections were blocked for 1&#x000a0;h with 5% normal sera from mouse and goat (Sigma) diluted in 0.5% casein solution (Vector Labs, Peterborough, UK). 1&#x000a0;&#x003bc;g/ml siglec-F-Fc (in house) was pre-complexed to anti-human Fc Alexa-488 (Jackson ImmunoResearch, Newmarket, UK) at a ratio of 1:1 for 1&#x000a0;h 4&#x000a0;&#x000b0;C prior to incubation on slides for 24&#x000a0;h 4&#x000a0;&#x000b0;C. To evaluate background fluorescence, sections were stained with an irrelevant Fc-protein. To evaluate sialic acid dependent binding, sections were treated with 0.17&#x000a0;U/mL <italic>Vibrio cholerae</italic> sialidase (Sigma) in HBSS at 37&#x000a0;&#x000b0;C for 1&#x000a0;h prior to block. All sections were incubated with DAPI (Vector Labs) at 0.5&#x000a0;&#x003bc;g/mL in PBS for 5&#x000a0;min to label nuclei and confocal images were acquired (LSM 700 microscope and Zen 2009 software; Carl Zeiss). Multi-channel images were created and processed in parallel using Photoshop software (Adobe).</p></sec><sec id="sec0035"><label>2.5</label><title>Data analysis</title><p>Statistics were performed using GraphPad Prism 6 software (GraphPad Software, La Jolla, USA) and significance between groups was tested using a Mann Whitney <italic>U</italic> test. A <italic>p</italic> value of less than or equal to 0.05 was considered significant.</p></sec></sec><sec sec-type="results" id="sec0040"><label>3</label><title>Results</title><sec id="sec0045"><label>3.1</label><title>Generation of siglec-F deficient mice</title><p>In the course of attempting to generate siglec-F<sup>R114D</sup> &#x02018;KI&#x02019; mice carrying a mutation in the sialic acid binding site, we found that the siglec-F expression was barely detectable on blood eosinophils from siglec-F<sup>R114D</sup> mice by flow cytometry (<xref rid="fig0005" ref-type="fig">Fig. 1</xref>B). This was not due to loss of the epitope recognized by the anti-siglec-F mAb since similar low staining of siglec-F<sup>R114D</sup> eosinophils was observed with an anti-siglec-F polyclonal antibody known to recognize more than one epitope (data not shown). The greatly reduced siglec-F expression in siglec-F<sup>R114D</sup> mice was most likely due to disruption of gene transcription arising from the targeting strategy used, since quantitative PCR analysis showed that siglec-F mRNA in bone marrow from siglec-F<sup>R114D</sup> mice was decreased to &#x0223c;35% of levels found in WT mice (data not shown). We also generated siglec-F<sup>&#x02212;/&#x02212;</sup> KO mice by crossing siglec-F<sup>R114D</sup> mice with bal-cre mice (<xref rid="fig0005" ref-type="fig">Fig. 1</xref>A). As expected, lack of eosinophil siglec-F expression was observed in the blood (<xref rid="fig0005" ref-type="fig">Fig. 1</xref>B), bone marrow and lung tissue digest of these mice in comparison with WT mice (data not shown). The percentage of eosinophils in the blood and bone marrow of WT and siglec-F<sup>&#x02212;/&#x02212;</sup> mice were comparable at baseline (Blood: WT, 1.7%&#x000a0;&#x000b1;&#x000a0;0.4; siglec-F<sup>&#x02212;/&#x02212;</sup>, 1.4%&#x000a0;&#x000b1;&#x000a0;0.2; Bone marrow: WT, 3.7%&#x000a0;&#x000b1;&#x000a0;0.3; siglec-F<sup>&#x02212;/&#x02212;</sup>, 3.6%&#x000a0;&#x000b1;&#x000a0;0.1).</p></sec><sec id="sec0050"><label>3.2</label><title>Investigating the functional role for siglec-F <italic>in vivo</italic></title><p>To extend previous work using a single model of OVA-induced airway inflammation <xref rid="bib0050" ref-type="bibr">[10]</xref>, we compared two commonly used models in the siglec-F<sup>R114D</sup> and siglec-F<sup>&#x02212;/&#x02212;</sup> mice. Models 1 and 2 differ in the concentration of OVA used for sensitization and in the frequency and concentration of OVA challenge to induce local inflammation in the lung (<xref rid="fig0010" ref-type="fig">Fig. 2</xref>). Similar to the total cell counts (<xref rid="fig0015" ref-type="fig">Fig. 3</xref>), lung eosinophil numbers did not differ between WT and siglec-F<sup>&#x02212;/&#x02212;</sup> mice at baseline in the absence of OVA (means&#x000a0;&#x000b1;&#x000a0;S.E.M., WT: 0.5&#x000a0;&#x000d7;&#x000a0;10<sup>3</sup>&#x000a0;mg<sup>&#x02212;1</sup>&#x000a0;&#x000b1;&#x000a0;0.06; siglec-F<sup>&#x02212;/&#x02212;</sup>: 0.5&#x000a0;&#x000d7;&#x000a0;10<sup>3</sup>&#x000a0;mg<sup>&#x02212;1</sup>&#x000a0;&#x000b1;&#x000a0;0.05). Using model 1, it was previously shown that mice deficient in siglec-F had enhanced eosinophilia induced by OVA <xref rid="bib0050" ref-type="bibr">[10]</xref>. Indeed, we confirmed this phenotype in lung tissue digest using the siglec-F<sup>R114D</sup> and siglec-F<sup>&#x02212;/&#x02212;</sup> mice reported here (<xref rid="fig0015" ref-type="fig">Fig. 3</xref>). However, using model 2, where the amount of allergen used for sensitization is lower and the dosing of local OVA to the airways is given daily rather than every other day, there was no influence of siglec-F deficiency on eosinophil recruitment to the lung tissue, using either siglec-F<sup>R114D</sup> or siglec-F<sup>&#x02212;/&#x02212;</sup> mice (<xref rid="fig0015" ref-type="fig">Fig. 3</xref>).</p></sec><sec id="sec0055"><label>3.3</label><title>Siglec-F ligand expression <italic>in vivo</italic></title><p>In order to determine if the difference in siglec-F-dependent suppression of lung eosinophilia for the two models was linked to differential expression of siglec-F ligands, lung tissue sections from WT mice were stained with siglec-F-Fc (<xref rid="fig0020" ref-type="fig">Fig. 4</xref>). As reported previously <xref rid="bib0060" ref-type="bibr">[12]</xref>, in untreated mice siglec-F-Fc staining was observed both in the apical surface of airway epithelial cells where high levels of mucins are present, as well as in cells in the alveolar bed. This staining was increased when mice were exposed to OVA and was also seen on inflammatory cells. However, the pattern of staining and intensity did not differ between the two models of OVA-induced airway inflammation (<xref rid="fig0020" ref-type="fig">Fig. 4</xref>). Staining was sialic acid-dependent and specific since sialidase treatment greatly reduced the signals (<xref rid="fig0020" ref-type="fig">Fig. 4</xref>) and no staining was observed using an irrelevant Fc-protein (data not shown).</p></sec></sec><sec sec-type="discussion" id="sec0060"><label>4</label><title>Discussion</title><p>Using two well-characterized models of OVA-induced airway inflammation that differ in the amount of OVA used for sensitization and in the route/concentration of OVA delivered locally to the lung, we demonstrate that the previously reported effect of siglec-F on suppression of eosinophilia was only observed in one of the models in which OVA was instilled intranasally every other day <xref rid="bib0050" ref-type="bibr">[10]</xref>. In contrast, when OVA was aerosolised daily, the negative regulatory effects of siglec-F were not observed. In view of current thinking that siglec-F-dependent negative regulation of lung eosinophilia is due to siglec-F interactions with sialylated lung ligands triggering eosinophil cell death <xref rid="bib0090" ref-type="bibr">[18]</xref>, it was important to compare ligand expression in both models. However, no obvious differences were observed. These data therefore raise a number of questions regarding the <italic>in vivo</italic> inhibitory functions of siglec-F that seem to critically depend on subtle features of the inflammatory environment.</p><p>Rather than regulating eosinophil numbers <italic>via</italic> ligand-induced apoptosis, siglec-F may directly suppress eosinopoiesis under the inflammatory conditions of model 1. Consistent with this notion, siglec-F-deficient mice subjected to model 1 exhibited exaggerated eosinophilia in the bone marrow and blood, as well as increased eosinophil precursors in the bone marrow <xref rid="bib0050" ref-type="bibr">[10]</xref>. Similar to other CD33-related siglecs, siglec-F contains ITIM-like motifs known to recruit tyrosine phosphatases SHP-1 and SHP-2 <xref rid="bib0005" ref-type="bibr">[1]</xref>. A related ITIM-receptor, CEACAM-1 expressed on neutrophils was found to be a negative regulator of granulopoiesis <italic>via</italic> SHP-1 recruitment and inhibition of G-CSF/STAT3 signaling pathway <xref rid="bib0095" ref-type="bibr">[19]</xref>. Moreover, <italic>via</italic> association with SHP-1, crosslinking of IRp60/CD300a inhibited the activation of eosinophils in response to GM-CSF/IL-5 <xref rid="bib0100" ref-type="bibr">[20]</xref>, so it is plausible that siglec-F in association with SHP-1/2, mediates a similar function in eosinopoiesis in response to IL-5 and GM-CSF signaling <italic>in vivo</italic>
<xref rid="bib0105 bib0110" ref-type="bibr">[21,22]</xref> despite not being required <italic>in vitro</italic>
<xref rid="bib0115" ref-type="bibr">[23]</xref>.</p><p>Another possibility is that the inhibitory effect of siglec-F on eosinophil numbers depends on the magnitude and kinetics of the inflammatory response. Although eosinophil recruitment was comparable between the two models, inhibitory signals from siglec-F observed in model 1 could be masked in model 2 due to the higher frequency of OVA challenge. Besides eosinophils, siglec-F is also expressed on alveolar macrophages <xref rid="bib0120" ref-type="bibr">[24]</xref>, and is upregulated on <italic>in vitro</italic> activated CD4<sup>+</sup> and CD8<sup>+</sup> T cells <xref rid="bib0050" ref-type="bibr">[10]</xref>. It is well documented that allergen-induced airway inflammation is driven by CD4<sup>+</sup> Th2 cells <xref rid="bib0125 bib0130" ref-type="bibr">[25,26]</xref> that release cytokines such as IL-5 that promote eosinophil proliferation and survival <xref rid="bib0135" ref-type="bibr">[27]</xref>. Therefore, siglec-F-dependent suppression of Th2 cell cytokine production could also be a factor in suppression of eosinophil numbers in model 1, but could be lost in model 2 due to the increased frequency of antigenic stimulation. However, in our hands, although numbers of recruited CD3<sup>+</sup>CD4<sup>+</sup> T cells were low, we could not detect expression of siglec-F on T cells in either model (data not shown). Expression of ITIM-containing CD33-related siglecs in macrophages has been shown to down-regulate cytokine production in response to inflammatory mediators <xref rid="bib0140 bib0145" ref-type="bibr">[28,29]</xref>. Hence, if model 1 (but not model 2) leads to siglec-F-dependent suppression of alveolar macrophage-derived factors that promote eosinophilia, this could also contribute to the results observed in this study.</p><p>Taken together it is clear that delineating the role of siglec F in allergen induced airway inflammation is complex, with the choice of model system being crucial. Recently, models have been developed that negate the need for a peripheral sensitization step, use environmentally and clinically relevant allergens, and replicate the relevant features of the human disease <xref rid="bib0150 bib0155" ref-type="bibr">[30,31]</xref>. Therefore, it will be important to study siglec-F deficient mice in such models to define the functional role <italic>in vivo</italic>. Moreover, cell-type specific deletion of siglec-F in eosinophils, alveolar macrophages and T cells could help dissect the relative contribution of each cell type to siglec-F-dependent suppression of eosinophilia.</p></sec><sec sec-type="conclusions" id="sec0065"><label>5</label><title>Conclusion</title><p>In conclusion, we have shown that, depending on the nature of the allergy model used, the negative regulatory role of siglec-F on eosinophilia may be overridden. These findings have important implications for the translation of siglec-F in mouse models of allergic inflammation to human siglec-8 in asthma and suggest that further analysis of siglec-F mice in a number of model systems should be evaluated.</p></sec><sec id="sec0070"><title>Conflict of interest</title><p>The authors declare no conflict of interest.</p></sec><sec id="sec0075"><title>Authorship contribution statement</title><p>S.J.M. and P.R.C. designed the study and prepared the manuscript; S.J.M. and H.E.R. performed experiments and processed the data.</p></sec></body><back><ref-list><title>References</title><ref id="bib0005"><label>1</label><element-citation publication-type="journal" id="sbref0005"><person-group person-group-type="author"><name><surname>Crocker</surname><given-names>P.R.</given-names></name><name><surname>Paulson</surname><given-names>J.C.</given-names></name><name><surname>Varki</surname><given-names>A.</given-names></name></person-group><article-title>Siglecs and their roles in the immune system</article-title><source>Nat Rev Immunol</source><volume>7</volume><year>2007</year><fpage>255</fpage><lpage>266</lpage><pub-id pub-id-type="pmid">17380156</pub-id></element-citation></ref><ref id="bib0010"><label>2</label><element-citation publication-type="journal" id="sbref0010"><person-group person-group-type="author"><name><surname>Hudson</surname><given-names>S.A.</given-names></name><name><surname>Bovin</surname><given-names>N.V.</given-names></name><name><surname>Schnaar</surname><given-names>R.L.</given-names></name><name><surname>Crocker</surname><given-names>P.R.</given-names></name><name><surname>Bochner</surname><given-names>B.S.</given-names></name></person-group><article-title>Eosinophil-selective binding and proapoptotic effect in vitro of a synthetic Siglec-8 ligand, polymeric 6&#x02032;-sulfated sialyl Lewis x</article-title><source>J Pharmacol Exp Ther</source><volume>330</volume><year>2009</year><fpage>608</fpage><lpage>612</lpage><pub-id pub-id-type="pmid">19458105</pub-id></element-citation></ref><ref id="bib0015"><label>3</label><element-citation publication-type="journal" id="sbref0015"><person-group person-group-type="author"><name><surname>Nutku</surname><given-names>E.</given-names></name><name><surname>Aizawa</surname><given-names>H.</given-names></name><name><surname>Hudson</surname><given-names>S.A.</given-names></name><name><surname>Bochner</surname><given-names>B.S.</given-names></name></person-group><article-title>Ligation of Siglec-8: a selective mechanism for induction of human eosinophil apoptosis</article-title><source>Blood</source><volume>101</volume><year>2003</year><fpage>5014</fpage><lpage>5020</lpage><pub-id pub-id-type="pmid">12609831</pub-id></element-citation></ref><ref id="bib0020"><label>4</label><element-citation publication-type="journal" id="sbref0020"><person-group person-group-type="author"><name><surname>Nutku</surname><given-names>E.</given-names></name><name><surname>Hudson</surname><given-names>S.A.</given-names></name><name><surname>Bochner</surname><given-names>B.S.</given-names></name></person-group><article-title>Mechanism of Siglec-8-induced human eosinophil apoptosis: role of caspases and mitochondrial injury</article-title><source>Biochem Biophys Res Commun</source><volume>336</volume><year>2005</year><fpage>918</fpage><lpage>924</lpage><pub-id pub-id-type="pmid">16157303</pub-id></element-citation></ref><ref id="bib0025"><label>5</label><element-citation publication-type="journal" id="sbref0025"><person-group person-group-type="author"><name><surname>Nutku-Bilir</surname><given-names>E.</given-names></name><name><surname>Hudson</surname><given-names>S.A.</given-names></name><name><surname>Bochner</surname><given-names>B.S.</given-names></name></person-group><article-title>Interleukin-5 priming of human eosinophils alters siglec-8 mediated apoptosis pathways</article-title><source>Am J Respir Cell Mol Biol</source><volume>38</volume><year>2008</year><fpage>121</fpage><lpage>124</lpage><pub-id pub-id-type="pmid">17690326</pub-id></element-citation></ref><ref id="bib0030"><label>6</label><element-citation publication-type="journal" id="sbref0030"><person-group person-group-type="author"><name><surname>Tateno</surname><given-names>H.</given-names></name><name><surname>Crocker</surname><given-names>P.R.</given-names></name><name><surname>Paulson</surname><given-names>J.C.</given-names></name></person-group><article-title>Mouse Siglec-F and human Siglec-8 are functionally convergent paralogs that are selectively expressed on eosinophils and recognize 6&#x02032;-sulfo-sialyl Lewis X as a preferred glycan ligand</article-title><source>Glycobiology</source><volume>15</volume><year>2005</year><fpage>1125</fpage><lpage>1135</lpage><pub-id pub-id-type="pmid">15972893</pub-id></element-citation></ref><ref id="bib0035"><label>7</label><element-citation publication-type="journal" id="sbref0035"><person-group person-group-type="author"><name><surname>Zhang</surname><given-names>J.Q.</given-names></name><name><surname>Biedermann</surname><given-names>B.</given-names></name><name><surname>Nitschke</surname><given-names>L.</given-names></name><name><surname>Crocker</surname><given-names>P.R.</given-names></name></person-group><article-title>The murine inhibitory receptor mSiglec-E is expressed broadly on cells of the innate immune system whereas mSiglec-F is restricted to eosinophils</article-title><source>Eur J Immunol</source><volume>34</volume><year>2004</year><fpage>1175</fpage><lpage>1184</lpage><pub-id pub-id-type="pmid">15048729</pub-id></element-citation></ref><ref id="bib0040"><label>8</label><element-citation publication-type="journal" id="sbref0040"><person-group person-group-type="author"><name><surname>Zimmermann</surname><given-names>N.</given-names></name><name><surname>McBride</surname><given-names>M.L.</given-names></name><name><surname>Yamada</surname><given-names>Y.</given-names></name><name><surname>Hudson</surname><given-names>S.A.</given-names></name><name><surname>Jones</surname><given-names>C.</given-names></name><name><surname>Cromie</surname><given-names>K.D.</given-names></name></person-group><article-title>Siglec-F antibody administration to mice selectively reduces blood and tissue eosinophils</article-title><source>Allergy</source><volume>63</volume><year>2008</year><fpage>1156</fpage><lpage>1163</lpage><pub-id pub-id-type="pmid">18699932</pub-id></element-citation></ref><ref id="bib0045"><label>9</label><element-citation publication-type="journal" id="sbref0045"><person-group person-group-type="author"><name><surname>Cho</surname><given-names>J.Y.</given-names></name><name><surname>Song</surname><given-names>D.J.</given-names></name><name><surname>Pham</surname><given-names>A.</given-names></name><name><surname>Rosenthal</surname><given-names>P.</given-names></name><name><surname>Miller</surname><given-names>M.</given-names></name><name><surname>Dayan</surname><given-names>S.</given-names></name></person-group><article-title>Chronic OVA allergen challenged Siglec-F deficient mice have increased mucus, remodeling, and epithelial Siglec-F ligands which are up-regulated by IL-4 and IL-13</article-title><source>Respir Res</source><volume>11</volume><year>2010</year><fpage>154</fpage><pub-id pub-id-type="pmid">21040544</pub-id></element-citation></ref><ref id="bib0050"><label>10</label><element-citation publication-type="journal" id="sbref0050"><person-group person-group-type="author"><name><surname>Zhang</surname><given-names>M.</given-names></name><name><surname>Angata</surname><given-names>T.</given-names></name><name><surname>Cho</surname><given-names>J.Y.</given-names></name><name><surname>Miller</surname><given-names>M.</given-names></name><name><surname>Broide</surname><given-names>D.H.</given-names></name><name><surname>Varki</surname><given-names>A.</given-names></name></person-group><article-title>Defining the in vivo function of Siglec-F, a CD33-related Siglec expressed on mouse eosinophils</article-title><source>Blood</source><volume>109</volume><year>2007</year><fpage>4280</fpage><lpage>4287</lpage><pub-id pub-id-type="pmid">17272508</pub-id></element-citation></ref><ref id="bib0055"><label>11</label><element-citation publication-type="journal" id="sbref0055"><person-group person-group-type="author"><name><surname>Song</surname><given-names>D.J.</given-names></name><name><surname>Cho</surname><given-names>J.Y.</given-names></name><name><surname>Lee</surname><given-names>S.Y.</given-names></name><name><surname>Miller</surname><given-names>M.</given-names></name><name><surname>Rosenthal</surname><given-names>P.</given-names></name><name><surname>Soroosh</surname><given-names>P.</given-names></name></person-group><article-title>Anti-Siglec-F antibody reduces allergen-induced eosinophilic inflammation and airway remodeling</article-title><source>J Immunol</source><volume>183</volume><year>2009</year><fpage>5333</fpage><lpage>5341</lpage><pub-id pub-id-type="pmid">19783675</pub-id></element-citation></ref><ref id="bib0060"><label>12</label><element-citation publication-type="journal" id="sbref0060"><person-group person-group-type="author"><name><surname>Patnode</surname><given-names>M.L.</given-names></name><name><surname>Cheng</surname><given-names>C.W.</given-names></name><name><surname>Chou</surname><given-names>C.C.</given-names></name><name><surname>Singer</surname><given-names>M.S.</given-names></name><name><surname>Elin</surname><given-names>M.S.</given-names></name><name><surname>Uchimura</surname><given-names>K.</given-names></name></person-group><article-title>Galactose 6-O-sulfotransferases are not required for the generation of Siglec-F ligands in leukocytes or lung tissue</article-title><source>J Biol Chem</source><volume>288</volume><year>2013</year><fpage>26533</fpage><lpage>26545</lpage><pub-id pub-id-type="pmid">23880769</pub-id></element-citation></ref><ref id="bib0065"><label>13</label><element-citation publication-type="journal" id="sbref0065"><person-group person-group-type="author"><name><surname>Kiwamoto</surname><given-names>T.</given-names></name><name><surname>Brummet</surname><given-names>M.E.</given-names></name><name><surname>Wu</surname><given-names>F.</given-names></name><name><surname>Motari</surname><given-names>M.G.</given-names></name><name><surname>Smith</surname><given-names>D.F.</given-names></name><name><surname>Schnaar</surname><given-names>R.L.</given-names></name></person-group><article-title>Mice deficient in the St3gal3 gene product alpha2,3 sialyltransferase (ST3Gal-III) exhibit enhanced allergic eosinophilic airway inflammation</article-title><source>J Allergy Clin Immunol</source><volume>133</volume><year>2013</year><fpage>240</fpage><lpage>247</lpage><pub-id pub-id-type="pmid">23830412</pub-id></element-citation></ref><ref id="bib0070"><label>14</label><element-citation publication-type="journal" id="sbref0070"><person-group person-group-type="author"><name><surname>Suzukawa</surname><given-names>M.</given-names></name><name><surname>Miller</surname><given-names>M.</given-names></name><name><surname>Rosenthal</surname><given-names>P.</given-names></name><name><surname>Cho</surname><given-names>J.Y.</given-names></name><name><surname>Doherty</surname><given-names>T.A.</given-names></name><name><surname>Varki</surname><given-names>A.</given-names></name></person-group><article-title>Sialyltransferase ST3Gal-III regulates Siglec-F ligand formation and eosinophilic lung inflammation in mice</article-title><source>J Immunol</source><volume>190</volume><year>2013</year><fpage>5939</fpage><lpage>5948</lpage><pub-id pub-id-type="pmid">23677475</pub-id></element-citation></ref><ref id="bib0075"><label>15</label><element-citation publication-type="journal" id="sbref0075"><person-group person-group-type="author"><name><surname>Corry</surname><given-names>D.B.</given-names></name><name><surname>Folkesson</surname><given-names>H.G.</given-names></name><name><surname>Warnock</surname><given-names>M.L.</given-names></name><name><surname>Erle</surname><given-names>D.J.</given-names></name><name><surname>Matthay</surname><given-names>M.A.</given-names></name><name><surname>Wiener-Kronish</surname><given-names>J.P.</given-names></name></person-group><article-title>Interleukin 4, but not interleukin 5 or eosinophils, is required in a murine model of acute airway hyperreactivity</article-title><source>J Exp Med</source><volume>183</volume><year>1996</year><fpage>109</fpage><lpage>117</lpage><pub-id pub-id-type="pmid">8551213</pub-id></element-citation></ref><ref id="bib0080"><label>16</label><element-citation publication-type="journal" id="sbref0080"><person-group person-group-type="author"><name><surname>Foster</surname><given-names>P.S.</given-names></name><name><surname>Hogan</surname><given-names>S.P.</given-names></name><name><surname>Ramsay</surname><given-names>A.J.</given-names></name><name><surname>Matthaei</surname><given-names>K.I.</given-names></name><name><surname>Young</surname><given-names>I.G.</given-names></name></person-group><article-title>Interleukin 5 deficiency abolishes eosinophilia, airways hyperreactivity, and lung damage in a mouse asthma model</article-title><source>J Exp Med</source><volume>183</volume><year>1996</year><fpage>195</fpage><lpage>201</lpage><pub-id pub-id-type="pmid">8551223</pub-id></element-citation></ref><ref id="bib0085"><label>17</label><element-citation publication-type="journal" id="sbref0085"><person-group person-group-type="author"><name><surname>McMillan</surname><given-names>S.J.</given-names></name><name><surname>Sharma</surname><given-names>R.S.</given-names></name><name><surname>McKenzie</surname><given-names>E.J.</given-names></name><name><surname>Richards</surname><given-names>H.E.</given-names></name><name><surname>Zhang</surname><given-names>J.</given-names></name><name><surname>Prescott</surname><given-names>A.</given-names></name></person-group><article-title>Siglec-E is a negative regulator of acute pulmonary neutrophil inflammation and suppresses CD11b beta2-integrin-dependent signaling</article-title><source>Blood</source><volume>121</volume><year>2013</year><fpage>2084</fpage><lpage>2094</lpage><pub-id pub-id-type="pmid">23315163</pub-id></element-citation></ref><ref id="bib0090"><label>18</label><element-citation publication-type="journal" id="sbref0090"><person-group person-group-type="author"><name><surname>Kiwamoto</surname><given-names>T.</given-names></name><name><surname>Katoh</surname><given-names>T.</given-names></name><name><surname>Tiemeyer</surname><given-names>M.</given-names></name><name><surname>Bochner</surname><given-names>B.S.</given-names></name></person-group><article-title>The role of lung epithelial ligands for Siglec-8 and Siglec-F in eosinophilic inflammation</article-title><source>Curr Opin Allergy Clin Immunol</source><volume>13</volume><year>2013</year><fpage>106</fpage><lpage>111</lpage><pub-id pub-id-type="pmid">23160308</pub-id></element-citation></ref><ref id="bib0095"><label>19</label><element-citation publication-type="journal" id="sbref0095"><person-group person-group-type="author"><name><surname>Pan</surname><given-names>H.</given-names></name><name><surname>Shively</surname><given-names>J.E.</given-names></name></person-group><article-title>Carcinoembryonic antigen-related cell adhesion molecule-1 regulates granulopoiesis by inhibition of granulocyte colony-stimulating factor receptor</article-title><source>Immunity</source><volume>33</volume><year>2010</year><fpage>620</fpage><lpage>631</lpage><pub-id pub-id-type="pmid">21029969</pub-id></element-citation></ref><ref id="bib0100"><label>20</label><element-citation publication-type="journal" id="sbref0100"><person-group person-group-type="author"><name><surname>Munitz</surname><given-names>A.</given-names></name><name><surname>Bachelet</surname><given-names>I.</given-names></name><name><surname>Eliashar</surname><given-names>R.</given-names></name><name><surname>Moretta</surname><given-names>A.</given-names></name><name><surname>Moretta</surname><given-names>L.</given-names></name><name><surname>Levi-Schaffer</surname><given-names>F.</given-names></name></person-group><article-title>The inhibitory receptor IRp60 (CD300a) suppresses the effects of IL-5, GM-CSF, and eotaxin on human peripheral blood eosinophils</article-title><source>Blood</source><volume>107</volume><year>2006</year><fpage>1996</fpage><lpage>2003</lpage><pub-id pub-id-type="pmid">16254138</pub-id></element-citation></ref><ref id="bib0105"><label>21</label><element-citation publication-type="journal" id="sbref0105"><person-group person-group-type="author"><name><surname>Clutterbuck</surname><given-names>E.J.</given-names></name><name><surname>Hirst</surname><given-names>E.M.</given-names></name><name><surname>Sanderson</surname><given-names>C.J.</given-names></name></person-group><article-title>Human interleukin-5 (IL-5) regulates the production of eosinophils in human bone marrow cultures: comparison and interaction with IL-1, IL-3, IL-6, and GMCSF</article-title><source>Blood</source><volume>73</volume><year>1989</year><fpage>1504</fpage><lpage>1512</lpage><pub-id pub-id-type="pmid">2653458</pub-id></element-citation></ref><ref id="bib0110"><label>22</label><element-citation publication-type="journal" id="sbref0110"><person-group person-group-type="author"><name><surname>Yamaguchi</surname><given-names>Y.</given-names></name><name><surname>Suda</surname><given-names>T.</given-names></name><name><surname>Suda</surname><given-names>J.</given-names></name><name><surname>Eguchi</surname><given-names>M.</given-names></name><name><surname>Miura</surname><given-names>Y.</given-names></name><name><surname>Harada</surname><given-names>N.</given-names></name></person-group><article-title>Purified interleukin 5 supports the terminal differentiation and proliferation of murine eosinophilic precursors</article-title><source>J Exp Med</source><volume>167</volume><year>1988</year><fpage>43</fpage><lpage>56</lpage><pub-id pub-id-type="pmid">3257253</pub-id></element-citation></ref><ref id="bib0115"><label>23</label><element-citation publication-type="journal" id="sbref0115"><person-group person-group-type="author"><name><surname>Mao</surname><given-names>H.</given-names></name><name><surname>Kano</surname><given-names>G.</given-names></name><name><surname>Hudson</surname><given-names>S.A.</given-names></name><name><surname>Brummet</surname><given-names>M.</given-names></name><name><surname>Zimmermann</surname><given-names>N.</given-names></name><name><surname>Zhu</surname><given-names>Z.</given-names></name></person-group><article-title>Mechanisms of Siglec-F-induced eosinophil apoptosis: a role for caspases but not for SHP-1, Src kinases, NADPH oxidase or reactive oxygen</article-title><source>PLOS ONE</source><volume>8</volume><year>2013</year><fpage>e68143</fpage><pub-id pub-id-type="pmid">23840825</pub-id></element-citation></ref><ref id="bib0120"><label>24</label><element-citation publication-type="journal" id="sbref0120"><person-group person-group-type="author"><name><surname>Stevens</surname><given-names>W.W.</given-names></name><name><surname>Kim</surname><given-names>T.S.</given-names></name><name><surname>Pujanauski</surname><given-names>L.M.</given-names></name><name><surname>Hao</surname><given-names>X.</given-names></name><name><surname>Braciale</surname><given-names>T.J.</given-names></name></person-group><article-title>Detection and quantitation of eosinophils in the murine respiratory tract by flow cytometry</article-title><source>J Immunol Methods</source><volume>327</volume><year>2007</year><fpage>63</fpage><lpage>74</lpage><pub-id pub-id-type="pmid">17716680</pub-id></element-citation></ref><ref id="bib0125"><label>25</label><element-citation publication-type="journal" id="sbref0125"><person-group person-group-type="author"><name><surname>Cohn</surname><given-names>L.</given-names></name><name><surname>Homer</surname><given-names>R.J.</given-names></name><name><surname>Marinov</surname><given-names>A.</given-names></name><name><surname>Rankin</surname><given-names>J.</given-names></name><name><surname>Bottomly</surname><given-names>K.</given-names></name></person-group><article-title>Induction of airway mucus production By T helper 2 (Th2) cells: a critical role for interleukin 4 in cell recruitment but not mucus production</article-title><source>J Exp Med</source><volume>186</volume><year>1997</year><fpage>1737</fpage><lpage>1747</lpage><pub-id pub-id-type="pmid">9362533</pub-id></element-citation></ref><ref id="bib0130"><label>26</label><element-citation publication-type="journal" id="sbref0130"><person-group person-group-type="author"><name><surname>Cohn</surname><given-names>L.</given-names></name><name><surname>Tepper</surname><given-names>J.S.</given-names></name><name><surname>Bottomly</surname><given-names>K.</given-names></name></person-group><article-title>IL-4-independent induction of airway hyperresponsiveness by Th2, but not Th1, cells</article-title><source>J Immunol</source><volume>161</volume><year>1998</year><fpage>3813</fpage><lpage>3816</lpage><pub-id pub-id-type="pmid">9780144</pub-id></element-citation></ref><ref id="bib0135"><label>27</label><element-citation publication-type="journal" id="sbref0135"><person-group person-group-type="author"><name><surname>Rosenberg</surname><given-names>H.F.</given-names></name><name><surname>Dyer</surname><given-names>K.D.</given-names></name><name><surname>Foster</surname><given-names>P.S.</given-names></name></person-group><article-title>Eosinophils: changing perspectives in health and disease</article-title><source>Nat Rev Immunol</source><volume>13</volume><year>2013</year><fpage>9</fpage><lpage>22</lpage><pub-id pub-id-type="pmid">23154224</pub-id></element-citation></ref><ref id="bib0140"><label>28</label><element-citation publication-type="journal" id="sbref0140"><person-group person-group-type="author"><name><surname>Boyd</surname><given-names>C.R.</given-names></name><name><surname>Orr</surname><given-names>S.J.</given-names></name><name><surname>Spence</surname><given-names>S.</given-names></name><name><surname>Burrows</surname><given-names>J.F.</given-names></name><name><surname>Elliott</surname><given-names>J.</given-names></name><name><surname>Carroll</surname><given-names>H.P.</given-names></name></person-group><article-title>Siglec-E is up-regulated and phosphorylated following lipopolysaccharide stimulation in order to limit TLR-driven cytokine production</article-title><source>J Immunol</source><volume>183</volume><year>2009</year><fpage>7703</fpage><lpage>7709</lpage><pub-id pub-id-type="pmid">19933851</pub-id></element-citation></ref><ref id="bib0145"><label>29</label><element-citation publication-type="journal" id="sbref0145"><person-group person-group-type="author"><name><surname>Ohta</surname><given-names>M.</given-names></name><name><surname>Ishida</surname><given-names>A.</given-names></name><name><surname>Toda</surname><given-names>M.</given-names></name><name><surname>Akita</surname><given-names>K.</given-names></name><name><surname>Inoue</surname><given-names>M.</given-names></name><name><surname>Yamashita</surname><given-names>K.</given-names></name></person-group><article-title>Immunomodulation of monocyte-derived dendritic cells through ligation of tumor-produced mucins to Siglec-9</article-title><source>Biochem Biophys Res Commun</source><volume>402</volume><year>2010</year><fpage>663</fpage><lpage>669</lpage><pub-id pub-id-type="pmid">20971061</pub-id></element-citation></ref><ref id="bib0150"><label>30</label><element-citation publication-type="journal" id="sbref0150"><person-group person-group-type="author"><name><surname>Gregory</surname><given-names>L.G.</given-names></name><name><surname>Causton</surname><given-names>B.</given-names></name><name><surname>Murdoch</surname><given-names>J.R.</given-names></name><name><surname>Mathie</surname><given-names>S.A.</given-names></name><name><surname>O&#x02019;Donnell</surname><given-names>V.</given-names></name><name><surname>Thomas</surname><given-names>C.P.</given-names></name></person-group><article-title>Inhaled house dust mite induces pulmonary T helper 2 cytokine production</article-title><source>Clin Exp Allergy</source><volume>39</volume><year>2009</year><fpage>1597</fpage><lpage>1610</lpage><pub-id pub-id-type="pmid">19545261</pub-id></element-citation></ref><ref id="bib0155"><label>31</label><element-citation publication-type="journal" id="sbref0155"><person-group person-group-type="author"><name><surname>Johnson</surname><given-names>J.R.</given-names></name><name><surname>Wiley</surname><given-names>R.E.</given-names></name><name><surname>Fattouh</surname><given-names>R.</given-names></name><name><surname>Swirski</surname><given-names>F.K.</given-names></name><name><surname>Gajewska</surname><given-names>B.U.</given-names></name><name><surname>Coyle</surname><given-names>A.J.</given-names></name></person-group><article-title>Continuous exposure to house dust mite elicits chronic airway inflammation and structural remodeling</article-title><source>Am J Respir Crit Care Med</source><volume>169</volume><year>2004</year><fpage>378</fpage><lpage>385</lpage><pub-id pub-id-type="pmid">14597485</pub-id></element-citation></ref></ref-list><bio><p><bold>Sarah McMillan</bold> started her career in industry investigating potential drug candidates for the treatment of asthma using models of allergic airway inflammation. She continued her interest in asthma/inflammation during her PhD at Imperial College, London focusing on the mediators involved in the structural changes to the airways observed in the asthmatic airway. Sarah established these models in Dundee and continues to investigate the functional role for siglecs in regulating inflammatory responses.</p></bio><bio><p><bold>Hannah Richards</bold> studied Leishmania Mexicana infection of macrophages in Edinburgh prior to carrying out her PhD at Cardiff University with Awen Gallimore studying the impact of regulatory T cells on innate immunity using a melanoma model. During this time she also used a model of Influenza and Vaccinia viral infection to study memory CD8+ T cells and their migration. Having brought these models to Dundee, she has begun to study the role of siglecs during infection.</p></bio><bio><p><bold>Paul Crocker</bold> carried out a PhD at the School of Hygiene and Tropical Medicine in London, studying innate resistance of the immune system to the intracellular parasite <italic>Leishmania donovani</italic>. This triggered his interest in macrophage biology and he joined Siamon Gordon's lab in the University of Oxford as a postdoc. This was followed by research positions at the Pasteur Institute in Paris and the Institute of Molecular Medicine in Oxford. In 1997 he moved to Dundee University to continue research on characterization of the siglec family of immune receptors.</p></bio><ack id="ack0005"><title>Acknowledgements</title><p>We thank Calum Thomson for assistance with histological processing and Dr. Emma McKenzie for performing qRT-PCR. This work is supported by a <funding-source id="gs0005">Wellcome Trust Senior Fellowship</funding-source> WT081882.</p></ack></back><floats-group><fig id="fig0005"><label>Fig. 1</label><caption><p>Generation and characterization of siglec-F-deficient mice. (A) Schematic representation of <italic>Siglec-F</italic> locus, the gene targeting vector to introduce R114D mutation in exon 3 (that contains the sialic acid binding site) and the targeted allele, with the aim of generating siglec-F<sup>R114D</sup> &#x02018;knock-in&#x02019; (KI) mice expressing full length protein that lacks the ability to bind sialic acid. The &#x02018;knock-out&#x02019; (KO) allele was generated following a cross of siglec-F<sup>R114D</sup> mice with Bal1 cre mice to excise exons 6&#x02013;9, in order to generate siglec-F<sup>&#x02212;/&#x02212;</sup> mice (Neo, neomycin; Pur, puromycin; Tk, thymidine kinase; FRT, neomycin resistance site; F3, puromycin resistance site). (B) Flow cytometric analysis of siglec-F on blood eosinophils (determined by SSc/Gr1<sup>mid</sup> expression) from WT, siglec-F<sup>R114D</sup> and siglec-F<sup>&#x02212;/&#x02212;</sup> mice. Top panels show representative histograms of siglec-F staining from unstained (gray line) and WT (dotted line) and siglec-F deficient (black line) mice. Lower panels present mean&#x000a0;&#x000b1;&#x000a0;S.D. GeoMean of siglec-F fluorescence from 2 to 4 mice per group.</p></caption><graphic xlink:href="gr1"/></fig><fig id="fig0010"><label>Fig. 2</label><caption><p>Schematic of the two models of OVA-induced airway inflammation tested in siglec-F deficient mice.</p></caption><graphic xlink:href="gr2"/></fig><fig id="fig0015"><label>Fig. 3</label><caption><p>Siglec-F-dependent negative regulation of allergen-induced eosinophilia depends critically on the experimental model used. WT, siglec-F<sup>R114D</sup> and siglec-F<sup>&#x02212;/&#x02212;</sup> mice were subjected to allergic inflammation using either model 1 or model 2. Total and differential cells counts were enumerated in Diff Quik stained cytospins of collagenase digests of lung tissue (LMs; lymphomononuclear cells). Data are expressed as mean&#x000a0;&#x000b1;&#x000a0;S.E.M., <italic>n</italic>&#x000a0;=&#x000a0;4&#x02013;6/group, *<italic>p</italic>&#x000a0;&#x02264;&#x000a0;0.05 using Mann Whitney <italic>U</italic> Test.</p></caption><graphic xlink:href="gr3"/></fig><fig id="fig0020"><label>Fig. 4</label><caption><p>Comparable expression of siglec-F ligands in the lung tissue of model 1 and model 2 induced allergic airway inflammation. The expression of siglec-F ligands in lung tissue taken from PBS or OVA-treated WT mice was measured using pre-complexes of siglec-F-Fc/anti-Fc. Sections shown in lower panels were treated with sialidase prior to staining. Sections were analyzed by confocal microscopy (LSM 700 microscope and Zen 2009 software; Carl Zeiss) and images collected with an &#x003b1;-Plan-Apochromat 40&#x000d7; NA 1.46 objective. Scale bars represent 50&#x000a0;&#x003bc;m.</p></caption><graphic xlink:href="gr4"/></fig></floats-group></article>