<article xmlns:xlink="http://www.w3.org/1999/xlink" xmlns:mml="http://www.w3.org/1998/Math/MathML" article-type="research-article"><?properties open_access?><front><journal-meta><journal-id journal-id-type="nlm-ta">Immunol Lett</journal-id><journal-id journal-id-type="iso-abbrev">Immunol. Lett</journal-id><journal-title-group><journal-title>Immunology Letters</journal-title></journal-title-group><issn pub-type="ppub">0165-2478</issn><issn pub-type="epub">1879-0542</issn><publisher><publisher-name>Elsevier/North-Holland Biomedical Press</publisher-name></publisher></journal-meta><article-meta><article-id pub-id-type="pmid">23557598</article-id><article-id pub-id-type="pmc">3684771</article-id><article-id pub-id-type="publisher-id">IMLET5328</article-id><article-id pub-id-type="doi">10.1016/j.imlet.2013.03.004</article-id><article-categories><subj-group subj-group-type="heading"><subject>Article</subject></subj-group></article-categories><title-group><article-title>Sources of heterogeneity in human monocyte subsets</article-title></title-group><contrib-group><contrib contrib-type="author"><name><surname>Appleby</surname><given-names>Laura J.</given-names></name><email>l.j.appleby@sms.ed.ac.uk</email><email>l.j.appleby-1@sms.ed.ac.uk</email><email>laurajappleby@gmail.com</email><xref rid="aff0005" ref-type="aff">a</xref><xref rid="cor0005" ref-type="corresp">*</xref></contrib><contrib contrib-type="author"><name><surname>Nausch</surname><given-names>Norman</given-names></name><xref rid="aff0005" ref-type="aff">a</xref></contrib><contrib contrib-type="author"><name><surname>Midzi</surname><given-names>Nicholas</given-names></name><xref rid="aff0010" ref-type="aff">b</xref><xref rid="fn0005" ref-type="fn">1</xref></contrib><contrib contrib-type="author"><name><surname>Mduluza</surname><given-names>Takafira</given-names></name><xref rid="aff0015" ref-type="aff">c</xref></contrib><contrib contrib-type="author"><name><surname>Allen</surname><given-names>Judith E.</given-names></name><xref rid="aff0005" ref-type="aff">a</xref></contrib><contrib contrib-type="author"><name><surname>Mutapi</surname><given-names>Francisca</given-names></name><xref rid="aff0005" ref-type="aff">a</xref></contrib></contrib-group><aff id="aff0005">Institute for Immunology &#x00026; Infection Research, Centre for Immunity, Infection &#x00026; Evolution, School of Biological Sciences, University of Edinburgh, EH9 3JT, UK</aff><aff id="aff0010">National Institutes of Health Research, P.O. Box CY 573, Causeway, Harare, Zimbabwe</aff><aff id="aff0015">Department of Biochemistry, University of Zimbabwe, P.O. Box 167, Mount Pleasant, Harare, Zimbabwe</aff><author-notes><corresp id="cor0005"><label>*</label>Corresponding author. Tel.: +44 1316507706. <email>l.j.appleby@sms.ed.ac.uk</email><email>l.j.appleby-1@sms.ed.ac.uk</email><email>laurajappleby@gmail.com</email></corresp><fn id="fn0005"><label>1</label><p>Current address: Research Council of Zimbabwe, P.O. Box CY 924, Causeway, Harare, Zimbabwe.</p></fn></author-notes><pub-date pub-type="pmc-release"><day>1</day><month>4</month><year>2013</year></pub-date><!-- PMC Release delay is 0 months and 0 days and was based on <pub-date pub-type="ppub">.--><pub-date pub-type="ppub"><month>4</month><year>2013</year></pub-date><volume>152</volume><issue>1</issue><fpage>32</fpage><lpage>41</lpage><history><date date-type="received"><day>23</day><month>11</month><year>2012</year></date><date date-type="rev-recd"><day>21</day><month>2</month><year>2013</year></date><date date-type="accepted"><day>22</day><month>3</month><year>2013</year></date></history><permissions><copyright-statement>&#x000a9; 2013 Elsevier B.V.</copyright-statement><copyright-year>2013</copyright-year><copyright-holder>Elsevier B.V.</copyright-holder><license><license-p>This document may be redistributed and reused, subject to <ext-link ext-link-type="uri" xlink:href="http://www.elsevier.com/wps/find/authorsview.authors/supplementalterms1.0">certain conditions</ext-link>.</license-p></license></permissions><abstract abstract-type="author-highlights"><title>Highlights</title><p><list list-type="simple"><list-item id="lsti0005"><label>&#x02022;</label><p>Variation in monocyte phenotype is explored using the markers CD14, CD16, HLA-DR, CX3CR1 and CCR2.</p></list-item><list-item id="lsti0010"><label>&#x02022;</label><p>The CD14++CD16+ monocytes exhibit a spectrum of markers dependent on location within the gate.</p></list-item><list-item id="lsti0015"><label>&#x02022;</label><p>Monocyte phenotype varies dependent on genetic background and history of exposure to infection.</p></list-item><list-item id="lsti0020"><label>&#x02022;</label><p>Processing technique for PBMC purification does not lead to changes in monocyte subsets.</p></list-item><list-item id="lsti0025"><label>&#x02022;</label><p>Processing technique for purification can alter intensity but not pattern of marker expression.</p></list-item></list></p></abstract><abstract><p>Human monocytes are commonly defined and discriminated by the extent of their cell surface expression of CD14 and CD16, with associated differences in function and phenotype related to the intensity of expression of these markers. With increasing interest into the function and behaviour of monocytes, it is important to have a clear understanding of how differing strategies of analysis can affect results and how different protocols and population backgrounds can affect this highly morphogenic cell type.</p><p>Using PBMCs from populations with differing ethnicities and histories of parasite exposure we have characterized monocyte phenotype based on intensity of CD14 and CD16 expression. Using the surface markers HLA-DR, CCR2 and CX3CR1, we compared monocyte phenotype between populations and further assessed changes in monocytes with freezing and thawing of PBMCs.</p><p>Our results reveal that there is a progression of surface marker expression based on intensity of CD14 or CD16 expression, stressing the importance of careful gating of monocyte subtypes. Freezing and thawing of the PBMCs has no effect generally on the monocytes, although it does lead to a decrease in CD16 and CX3CR1 expression. We show that there are differences in the monocyte populations based on ethnicity and history of exposure to the common parasites <italic>Plasmodium falciparum</italic> and <italic>Schistosoma haematobium.</italic></p><p>This study highlights that blood monocytes consist of a continuous population of cells, within which the dominant phenotype may vary dependent on the background of the study population. Comparing results from monocyte studies therefore needs to be done with great care, as ethnic background of donor population, gating strategy and processing of PBMCs may all have an effect on outcome of monocyte phenotype.</p></abstract><kwd-group><title>Abbreviations</title><kwd>LPS, lipopolysaccharide</kwd><kwd>MHC, major histocompatibility complex</kwd><kwd>PBMC, peripheral blood mononuclear cell</kwd><kwd>LN2, liquid nitrogen</kwd><kwd>MFI, mean fluorescence index</kwd><kwd>FSC, forward scatter</kwd><kwd>SSC, side scatter</kwd><kwd>NK, natural killer</kwd><kwd>ELISA, enzyme linked immunosorbent assay</kwd><kwd>SWAP, soluble worm antigen preparation</kwd><kwd>ANOVA, analysis of variance</kwd><kwd>DP, double positive</kwd><kwd>SEM, standard error of mean</kwd></kwd-group><kwd-group><title>Keywords</title><kwd>Monocyte</kwd><kwd>Human</kwd><kwd>Phenotype</kwd><kwd>CD14</kwd><kwd>CD16</kwd></kwd-group></article-meta></front><body><sec id="sec0005"><label>1</label><title>Introduction</title><p>Peripheral blood monocytes, which represent around 10% of circulating leukocytes in humans, are recognized as the largest pool of circulating progenitor cells and form a vital part of the immune system <xref rid="bib0005 bib0010" ref-type="bibr">[1,2]</xref>. The enormous heterogeneity in human monocyte size, morphology, phagocytic function and cell adhesion was first described in 1989 <xref rid="bib0015" ref-type="bibr">[3]</xref> and was quickly followed by multiple attempts to discriminate monocyte subtypes. Recently new nomenclature was suggested by an expert panel in Brescia, Italy to define three subsets according to expression of CD14 and CD16 <xref rid="bib0020" ref-type="bibr">[4]</xref>. The major subset consists of CD14highCD16negative monocytes (CD14++CD16&#x02212;), while the CD16 expressing monocytes are usually divided into a CD14highCD16low (CD14++CD16+) and a CD14lowCD16high (CD14+CD16++) subset. These groupings can identify monocytes that differ in surface expression of chemokine markers, major histocompatibility complex (MHC) class II expression and in their capacity to produce cytokines and phagocytose microbial particles <xref rid="bib0005 bib0025 bib0030 bib0035 bib0040" ref-type="bibr">[1,5&#x02013;8]</xref>. However, while there have been some in-depth genetic and proteomic analyses of monocyte functions and cell markers <xref rid="bib0005 bib0030 bib0045" ref-type="bibr">[1,6,9]</xref>, there is still no universally accepted demarcation of these subsets based on phenotypic markers <xref rid="bib0045" ref-type="bibr">[9]</xref>. Furthermore, there is no visible clustering of the cell subsets based on the CD14 and CD16 surface markers, instead the two markers form a spectrum of expression levels potentially contributing to variation between experiments <xref rid="bib0020 bib0035 bib0050" ref-type="bibr">[4,7,10]</xref>. Differential expression of chemokine and scavenger receptors indicates a functional potential in terms of trafficking to sites of infection and inflammation. Indeed, monocyte migration and trafficking has been observed to vary between subsets based on expression of CCR2 and CX3CR1 <xref rid="bib0055" ref-type="bibr">[11]</xref>. Another feature of monocytes is their ubiquitous expression of the MHC class II surface receptor, HLA-DR, which is frequently used to distinguish between CD16 expressing monocytes and CD16 expressing NK cells <xref rid="bib0060" ref-type="bibr">[12]</xref>. As a receptor that is involved in antigen presentation <xref rid="bib0045" ref-type="bibr">[9]</xref>, it is often considered an activation marker <xref rid="bib0065 bib0070 bib0075" ref-type="bibr">[13&#x02013;15]</xref> and indicates functional differences for the monocyte subsets as well as subset activation status <xref rid="bib0060" ref-type="bibr">[12]</xref>.</p><p>Thus far, the majority of human monocyte studies have taken place using volunteers of Caucasian background and in high income countries where pathologies arising from non-communicable diseases such as atherosclerosis, liver cirrhosis and asthma dominate <xref rid="bib0080" ref-type="bibr">[16]</xref>. This means that, despite the demonstration of the importance of monocytes in experimental models of parasitic diseases <xref rid="bib0010 bib0085 bib0090" ref-type="bibr">[2,17,18]</xref>, comparatively little is known about the nature, phenotype and development of monocytes in people exposed to tropical infectious diseases. Furthermore the majority of studies investigating monocyte phenotype and function use whole blood or fresh PBMCs rather than cryopreserved peripheral blood mononuclear cells (PBMCs). Cryopreservation of PBMCs is an indispensable tool for longitudinal clinical studies as well as during fieldwork when samples have to be stored and transported from the collection point to a laboratory. Furthermore, the capability to retrospectively analyze specimens from the same patient allows analysis of large sample populations, monitoring of clinical status over time or after treatment and improves accuracy while reducing within-patient as well as interassay variability <xref rid="bib0095 bib0100" ref-type="bibr">[19,20]</xref>. To date, studies determining the effects of cryopreservation on PBMCs have focused on cell compartment changes <xref rid="bib0105" ref-type="bibr">[21]</xref> or maturation pathways <xref rid="bib0110" ref-type="bibr">[22]</xref>, but no studies have been conducted on the effects of cryopreservation on the cell phenotype which is central to the function of the monocytes.</p><p>In this study our aims were (1) to determine changes in expression levels of cell surface markers occurring within the monocyte cell population dependent on CD14 and CD16 expression intensity, (2) to assess the stability of these markers during processes involved in freezing and storage, and finally, (3) to determine if differences occur in the proportion and phenotype of monocytes in the different sub-populations between Caucasian individuals who have been exposed to a typical western lifestyle, and African individuals who are lifelong residents of a rural helminth endemic area.</p></sec><sec sec-type="methods" id="sec0010"><label>2</label><title>Methods</title><sec id="sec0015"><label>2.1</label><title>Ethical statement</title><p>Written consent was obtained from all participants or their guardians prior to enrolling in the study. Local ethical approval was given and local review board guidelines adhered to. The cohort of rural Africans was part of a larger study investigating the epidemiology and immunology of human schistosomiasis that was conducted in the Mashonaland East Province of Zimbabwe. Permission to conduct the study in the region was obtained from the Provincial Medical Director. Institutional and ethical approval was received from the University of Zimbabwe and the Medical Research Council of Zimbabwe respectively. At the beginning of the study, parents and guardians of participating children had the aims and procedures of the project explained fully in the local language, Shona, and written consent was obtained from participants&#x02019; parents/guardian before enrolment into the study. After collection of all samples, all participants and their parents/guardians were offered anthelmintic treatment with the recommended dose of praziquantel (40&#x000a0;mg/kg of body weight).</p></sec><sec id="sec0020"><label>2.2</label><title>Study populations</title><p>To address the different questions, three different cohorts were used, which are described in <xref rid="tbl0005" ref-type="table">Table 1</xref>. For the purposes of phenotyping monocytes for cell surface expression patterns of the markers CCR2, CX3CR1 and HLA-DR, a cohort of 62 individuals living in a rural area where <italic>Schistosoma haematobium</italic> is prevalent was used. All participants were from the Murehwa district in north eastern Zimbabwe. All individuals recruited into each study were <italic>S. haematobium</italic> and co-infection negative and had never received anti-helminthic treatment. In addition there is little or no infection with <italic>Schistosoma mansoni</italic>, soil transmitted helminths and malaria transmission is sporadic and seasonal <xref rid="bib0115" ref-type="bibr">[23]</xref>. The residents of the area are subsistence farmers with frequent contact with infected water for purposes of irrigation, bathing, washing and collecting water (assessed by questionnaire) <xref rid="bib0120" ref-type="bibr">[24]</xref>.</p><p>In order to investigate the effects of cryopreservation on monocyte phenotype and cell numbers, peripheral blood from nine African or Caucasian volunteers, currently living in urban environments, was used to compare monocytes from freshly isolated PBMCs to those from cryopreserved PBMCs. For evaluation of differences that genetics and lifetime exposure to infection may have on monocyte phenotype, PBMCs from 21 Africans who were exposed to, but negative for, helminth, malaria and HIV co-infections were compared to 21 age and sex matched Caucasians with no reported exposure to these pathogens. <xref rid="tbl0010" ref-type="table">Table 2</xref> shows the ages (mean, median and range) of each of the populations (rural African and Caucasian) used in background comparisons. In order to check for effects of genetic background vs pathogen exposure, five donors of African origin (Kenya (<italic>n</italic>&#x000a0;=&#x000a0;4) and Zimbabwe (<italic>n</italic>&#x000a0;=&#x000a0;1)) were recruited to the study. All five donors had grown up in an urban environment.</p></sec><sec id="sec0025"><label>2.3</label><title>Parasitology</title><p>Parasite infection status was determined in the Zimbabwean participants through examination of at least 2 stool and 2 urine samples collected on 3 consecutive days and a single blood sample. The urine samples were used for microscopic diagnosis of <italic>S. haematobium</italic> infection using the standard urine filtration method <xref rid="bib0125" ref-type="bibr">[25]</xref>, while the stool sample was used for microscopic diagnosis of intestinal helminths and <italic>S. mansoni</italic> infection using the Kato&#x02013;Katz method <xref rid="bib0130" ref-type="bibr">[26]</xref>. Blood smears were microscopically examined for <italic>Plasmodium falciparum</italic> infection, and results confirmed using the rapid Paracheck test, (Orchid Biomedical Systems, Goa, India) and serologically tested for HIV status using the DoubleCheckGold&#x02122; HIV1&#x00026;2 test kit (Orgenics, Ltd., Yavne Israel). All Zimbabwean donors were selected to be <italic>S. haematobium</italic>, <italic>S. mansoni</italic>, soil transmitted helminth, malaria and HIV negative.</p></sec><sec id="sec0030"><label>2.4</label><title>Blood collection and isolation of PBMC</title><p>Approximately 30&#x000a0;ml of venous blood was collected in heparinised tubes from all donors. PBMC were isolated through density centrifugation using Lymphoprep&#x02122; (Axis-Shield, Cambridgeshire, UK). Heparinised plasma was collected and stored at &#x02212;80&#x000a0;&#x000b0;C until assay. PBMCs were counted and resuspended at approximately 1&#x000a0;&#x000d7;&#x000a0;10<sup>7</sup>&#x000a0;c/ml in freezing media (90%DMSO, 10%FCS) for cryopreservation and immediately cooled to &#x02212;80&#x000a0;&#x000b0;C in a freezing container (Nalgene Nunc, International) prior to placing in liquid nitrogen (LN2) until assay. For analysis of fresh PBMCs a further 8&#x000a0;ml of venous blood was collected from each individual on the day of thawing and processing cryopreserved samples. The time between processing PBMCs for cryopreservation and processing PBMCs for a fresh analysis was no more than a month in any case. Processing was performed in the manner described and cells were suspended at 5&#x000a0;&#x000d7;&#x000a0;10<sup>6</sup>&#x000a0;cells/ml. Surface staining was performed straight away in the same manner as for cryopreserved cells as described.</p></sec><sec id="sec0035"><label>2.5</label><title>Phenotyping of monocytes</title><p>Cryopreserved PBMCs were thawed straight from LN2 in a 37&#x000a0;&#x000b0;C water bath until only a small crystal remained. The contents of the vial were slowly added to complete media (RPMI 1640), supplemented with 10% heat inactivated FCS, 2&#x000a0;mM <sc>l</sc>-glutamine and 100&#x000a0;U penicillin/streptomycin (all Lonza, Verviers, Belgium). Cells were washed twice with complete media, counted in trypan blue (Sigma&#x02013;Aldrich, Dorset, UK). Cells were washed in PBS (Lonza, Verviers, Belgium) and resuspended at 5&#x000a0;&#x000d7;&#x000a0;10<sup>5</sup>&#x000a0;cells per stain for each staining panel.</p><p>Fresh and thawed cells for staining were incubated with 10% FCS at 4&#x000a0;&#x000b0;C for 10&#x000a0;minutes prior to staining and stained with Alexa488-conjugated anti-CD14 (clone M5E2), PE-Cy7-conjugated HLA-DR (clone L243; all from BD Biosciences, San Jose, CA), Pacific Blue-conjugated CD16 (clone CB16; eBiosciences, San Diego, CA), Alexa647-conjugated CX3CR1 (clone 2A9-1; BioLegend, San Diego, CA), PerCP-conjugated CCR2 (clone 48607; RnD Systems, Minneapolis, MN) or the relevant isotype control for 30&#x000a0;min at 4&#x000a0;&#x000b0;C. Unbound antibodies were washed off and cells were resuspended in PBS prior to acquisition of at least 50,000 live events on a BD FACS LSR II (BD Biosciences, San Jose, CA). Compensation was performed prior to acquisition of each experiment using BD FacsComp beads (BD Biosciences, San Jose, CA). Analysis was performed using FlowJo software (TreeStar, USA) and Mean fluorescence index (MFI) was calculated for each marker with the relevant isotype control subtracted.</p></sec><sec id="sec0040"><label>2.6</label><title>Monocyte discrimination</title><p>To ensure that only CD14+ cells representing monocytes were analyzed, a gating strategy was employed to gate only HLA-DR, CD14 expressing cells. Briefly a live gate, to include all leukocytes, was drawn based on forward scatter (FSC) and side scatter (SSC). HLA-DR positive cells were gated to exclude any CD16+ natural killer (NK) cells and other non-MHC expressing cells <xref rid="bib0060" ref-type="bibr">[12]</xref>, and true monocytes were gated based on expression of CD14 and CD16 surface markers.</p></sec><sec id="sec0045"><label>2.7</label><title>Determination of exposure to <italic>P. falciparum</italic> and <italic>S. haematobium</italic></title><p>In order to determine if any arising differences between the Caucasian and African participants were due to undetected schistosome or <italic>Plasmodium</italic> parasite infection (current or previous) or parasite-unrelated mechanisms such as genetic differences, serological assays were conducted to determine parasite exposure history. Enzyme linked immunosorbent assay (ELISA) was used to measure antigen-specific antibodies to malaria schizont (IgG and IgM) and schistosome adult worm (IgG4, IgM, IgE) in the serum. Lyophilized soluble <italic>S. haematobium</italic> adult worms (SWAP) was obtained from the Theodor Bilharz Institute (Giza, Egypt) and reconstituted as recommended by the manufacturer. Schizont extract was a kind gift from David Cavanagh (University of Edinburgh, UK). ELISAs were performed as reported elsewhere <xref rid="bib0135 bib0140" ref-type="bibr">[27,28]</xref>, and all ELISAs were performed in duplicate on the same day with positive and negative controls on each plate.</p></sec><sec id="sec0050"><label>2.8</label><title>Statistical analysis</title><p>All statistical analyses were conducted using the statistical package SPSS version 19. Parametric tests were used when assumptions of parametric tests were met, otherwise non-parametric tests were used <xref rid="bib0145" ref-type="bibr">[29]</xref>. When using parametric tests data were transformed using appropriate transformations: surface marker expression (measured as MFI) was log transformed (log<sub>10</sub>(<italic>x</italic>&#x000a0;+&#x000a0;1)), proportions of subsets were arcsine square root transformed, and antibody responses were square root transformed. In parametric models age was taken as a continuous variable, sex (male/female) and donor ethnicity (African/Caucasian) were categorical.</p><p>To test the hypothesis that the whole monocyte population is composed of a continuum of &#x02018;subsets&#x02019; consisting of distinct phenotypic profiles, differences in expression of surface markers were analyzed using a one way analysis of variance (ANOVA) with subset as a grouping variable and post hoc tests used to determine significant differences between adjacent subsets. Differences in the proportion of each subset were analyzed using an arcsine square root transformation and a one way ANOVA using type I sequential sums of squares in a similar manner as discussed. When sample size and assumptions did not allow, the Kruskal&#x02013;Wallis test was used to test for differences between surface marker expression and subset proportion.</p><p>In order to investigate the effects of cryopreservation on monocyte phenotype with respect to changes in proportions of subsets and expression of phenotypic markers, the Wilcoxon Signed Ranks Test was used with processing method (fresh PBMCs vs. cryopreserved PBMCs) as grouping variable. Differences in intensity of surface marker expression between subsets were determined by MANOVA, allowing for sex and age using type I sequential sums of squares.</p><p>The effects of exposure history to parasitic infection on monocyte subsets were tested by ANOVA, allowing for sex (categorical) and age (continuous) using type I sequential sums of squares. Differences in positive antibody responses to parasite antigen between populations were tested using the Chi-squared test for association after categorizing responses into positive (OD&#x000a0;&#x0003e;&#x000a0;0) or negative (OD&#x000a0;=&#x000a0;0). Significant <italic>p</italic> values are reported as <italic>p</italic>&#x000a0;&#x02264;&#x000a0;0.05 unless otherwise indicated.</p></sec></sec><sec sec-type="results" id="sec0055"><label>3</label><title>Results</title><sec id="sec0060"><label>3.1</label><title>Discrimination of MHC II positive monocytes</title><p>Monocytes represent a population of MHCII cells that express varying levels of both CD14 and CD16 surface markers. <xref rid="fig0005" ref-type="fig">Fig. 1</xref> illustrates the gating strategy used that excludes non-MHCII, CD16 positive NK cells, but includes HLA-DR and CD14 positive monocytes. The commonly observed &#x02018;banana&#x02019; shape that is seen with this cell population and the lack of clustering within the double positive population is demonstrated in <xref rid="fig0005" ref-type="fig">Fig. 1</xref>C.</p></sec><sec id="sec0065"><label>3.2</label><title>Different gating strategies give different phenotypic profile patterns</title><p>There is currently no consensus on the best gating strategy of monocytes with at least three different methods published that involve not only different markers of definition <xref rid="bib0020 bib0150 bib0155" ref-type="bibr">[4,30,31]</xref> but also different numbers of subsets <xref rid="bib0160 bib0165 bib0170" ref-type="bibr">[32&#x02013;34]</xref>. Thus we investigated if there were differences in the basic phenotypic characteristics of monocytes based on different gating strategies according to CD14 and CD16 MFI. We found stark differences in subset expression of surface markers while employing different gating strategies as demonstrated in <xref rid="fig0010" ref-type="fig">Fig. 2</xref>. In sub-setting the monocytes into two groups (<xref rid="fig0010" ref-type="fig">Fig. 2</xref> upper panels) there is an obvious difference in patterns of expression in comparison to three groupings (<xref rid="fig0010" ref-type="fig">Fig. 2</xref>, lower panels). Expression of the phenotypic markers CX3CR1 and HLA-DR is observed to be higher in the middle double positive (DP) (CD14++CD16+) monocytes than in the CD16 monocytes; a difference which is lost in the two subset strategy. Due to a lack of clarification in the literature about the discrimination of the DP monocytes, we were interested in determining if the DP expressing subpopulation of monocytes was a subset phenotypically distinct from both the CD14++CD16&#x02212; and the CD14+CD16++ monocyte populations. Based on expression of HLA-DR <xref rid="bib0060" ref-type="bibr">[12]</xref>, we divided this middle population into three separate subsets to give a double positive CD14high population (dpCD14), a double positive CD16high population (dpCD16) and a double positive HLA-DR high population (HLADRhi) (<xref rid="fig0015" ref-type="fig">Fig. 3</xref>A). The HLADRhi designation was based on this group expressing the highest levels of HLA-DR (<xref rid="fig0015" ref-type="fig">Fig. 3</xref>C). Gating in such a manner would identify any differences occurring both within this group, as well as between this group and the adjacent subsets. For the purposes of this manuscript we wished to maintain a distinction between what has been previously published and agreed to (three subsets defined as CD14++CD16&#x02212;, CD14++CD16+ and CD14+CD16++) and the monocyte groupings as we defined them here. We thus decided to designate the CD14++CD16&#x02212; as regCD14 monocytes and the CD14+CD16++ as regCD16 monocytes. The gating of all five subsets is shown in <xref rid="fig0015" ref-type="fig">Fig. 3</xref>A with the proportions of each of the subsets illustrated in <xref rid="fig0015" ref-type="fig">Fig. 3</xref>B.</p></sec><sec id="sec0070"><label>3.3</label><title>Rather than distinct subsets, the monocyte gate consists a spectrum of progressively changing phenotypic markers</title><p>From the larger cohort of 62 Africans we analyzed the five monocyte groupings with respect to changes in their surface expression of the phenotypic markers CCR2 and CX3CR1, and the MHC receptor HLA-DR. <xref rid="fig0015" ref-type="fig">Fig. 3</xref>C&#x02013;E shows the mean expression levels of these markers in each of the monocyte groupings. The significantly elevated level of HLA-DR in the HLADRhi subset compared to dpCD16 (<italic>p</italic>&#x000a0;&#x0003c;&#x000a0;0.001) and the regCD14 cells (<italic>p</italic>&#x000a0;&#x0003c;&#x000a0;0.001) may indicate an increased activation status in these cells (<xref rid="fig0015" ref-type="fig">Fig. 3</xref>C). CCR2 shows a spectrum of expression levels with the highest on the regCD14 monocytes, decreasing with increasing CD16 expression (<xref rid="fig0015" ref-type="fig">Fig. 3</xref>D). The CD14high expressing monocytes (regCD14, dpCD14 and HLADRhi) do not show significant differences in CCR2 expression, however with increasing CD16 expression (transitioning the subset from regCD14 towards regCD16) there is a concurrent decrease in CCR2 expression (from HLADRhi to dpCD16: MFI difference&#x000a0;=&#x000a0;&#x02212;55.48, <italic>p</italic>&#x000a0;=&#x000a0;0.001, and from dpCD16 to regCD16 MFI difference&#x000a0;=&#x000a0;&#x02212;63.68, <italic>p</italic>&#x000a0;&#x0003c;&#x000a0;0.001). In contrast, CX3CR1 shows significant differences in expression level across all subsets (<xref rid="fig0015" ref-type="fig">Fig. 3</xref>E), with the lowest expression of CX3CR1 on CD14++ monocytes (regCD14 and dpCD14) as previously reported <xref rid="bib0175" ref-type="bibr">[35]</xref>. Interestingly, the highest expression is in the dpCD16 monocytes with a significant decrease in expression between dpCD16 and regCD16 monocytes (dpCD16 to regCD16 MFI difference&#x000a0;=&#x000a0;&#x02212;14,414, <italic>p</italic>&#x000a0;&#x0003c;&#x000a0;0.001) (<xref rid="fig0015" ref-type="fig">Fig. 3</xref>E). The regCD16 monocytes show a significant decrease in marker expression compared to dpCD16 for all analyzed markers (<xref rid="fig0015" ref-type="fig">Fig. 3</xref>C&#x02013;E).</p></sec><sec id="sec0075"><label>3.4</label><title>Total monocyte number but not subset proportion differs between fresh and cryopreserved PBMCs</title><p>To investigate whether monocytes change their expression levels and phenotype dependent on cryopreservation, nine donors of Caucasian or African descent, with predominantly urban backgrounds, had a collection of peripheral blood for PBMC purification and cryopreservation. In a second blood draw, fresh PBMCs were purified, and these were stained on the same day as their cryopreserved cells. Cryopreserved cells show a greater proportion of monocytes as a percentage of live gated cells, as shown in <xref rid="fig0020" ref-type="fig">Fig. 4</xref>A (<italic>z</italic>&#x000a0;=&#x000a0;&#x02212;2.67, <italic>p</italic>&#x000a0;=&#x000a0;0.004). However there were no significant differences in the proportion of subsets as tested by one-way ANOVA and repeated measures as shown in <xref rid="fig0020" ref-type="fig">Fig. 4</xref>B. Differences in cell surface expression between fresh and cryopreserved monocytes are indicated in <xref rid="fig0025" ref-type="fig">Fig. 5</xref>. No differences are seen in CD14, HLA-DR or CCR2 expression (<xref rid="fig0025" ref-type="fig">Fig. 5</xref>A, C and D), but significant differences are seen in almost all subsets for CD16 and CX3CR1 surface expression (<xref rid="fig0025" ref-type="fig">Fig. 5</xref>B and E, respectively), with fresh PBMCs showing a higher MFI for all subsets in both markers.</p></sec><sec id="sec0080"><label>3.5</label><title>African and Caucasian donors show differences in proportions of monocyte subsets</title><p>As the majority of studies investigating monocytes have taken place in high income areas, we were interested in whether the phenotypic patterns we have characterized were a feature of the study population or if they can be transferred across populations. We therefore undertook an investigation to phenotype monocytes from donors of different ethnicities. <xref rid="fig0030" ref-type="fig">Fig. 6</xref>A&#x02013;C illustrates the differences seen in flow analysis between (A) rural African monocytes (B) urban African monocytes and (C) Caucasian monocytes. There is a stark difference in the proportion of CD16 and CD14 expressing subsets between the ethnicities. <xref rid="fig0030" ref-type="fig">Fig. 6</xref>D shows the proportions of the five subsets in the whole African and Caucasian populations that we sampled. Caucasians are exhibiting a significantly greater proportion of regCD14 cells compared to rural Africans (<xref rid="fig0030" ref-type="fig">Fig. 6</xref>D, 1), while monocytes from Africans have a significantly greater proportion of all other subsets except dpCD14 (<xref rid="fig0030" ref-type="fig">Fig. 6</xref>D, 2&#x02013;5). <xref rid="fig0035" ref-type="fig">Fig. 7</xref> shows the differences in expression levels of surface markers between these subsets for the rural African and Caucasian groups. Interestingly, while the surface marker MFIs between the two populations are not always similar, they follow the same pattern of expression for all subsets. The surface expression of the activation marker HLA-DR is higher on the rural African population, predominantly in the CD14high monocytes (<xref rid="fig0035" ref-type="fig">Fig. 7</xref>A). Similarly, CCR2 is significantly higher on rural African monocytes in the regCD14 and dpCD14 groups (<xref rid="fig0035" ref-type="fig">Fig. 7</xref>B). The expression of the chemokine and adhesion receptor CX3CR1 is higher in the Caucasian cohort, although this is only significant in the dpCD14 subset (<xref rid="fig0035" ref-type="fig">Fig. 7</xref>C).</p></sec><sec id="sec0085"><label>3.6</label><title>Caucasians and rural Africans demonstrate different histories of parasite exposure</title><p>In order to understand whether the observed differences in subset proportions between the different populations are due to history of exposure to parasitic exposure, we were interested in antibody responses to both <italic>P. falciparum</italic> and <italic>S. haematobium</italic> antigens. <xref rid="fig0040" ref-type="fig">Fig. 8</xref> shows the antibody responses to <italic>P. falciparum</italic> schizont antigens (upper panels A and B) and SWAP (lower panels C and D). There was very little IgM antibody response to malaria schizont in either the rural African or Caucasian populations, indicating that neither group had recent exposure to the parasite (<xref rid="fig0040" ref-type="fig">Fig. 8</xref>A). In contrast, the rural Africans had a greater IgG response to the schizont antigen in comparison to the Caucasians (<italic>F</italic>&#x000a0;=&#x000a0;8.042, <italic>p</italic>&#x000a0;=&#x000a0;0.009), as evidence of previous exposure (<xref rid="fig0040" ref-type="fig">Fig. 8</xref>B) <xref rid="bib0180 bib0185" ref-type="bibr">[36,37]</xref>. IgM against SWAP is associated with recent exposure to schistosomiasis, and both populations showed low levels of SWAP specific IgM, although the rural African population shows slightly elevated levels in comparison to the Caucasians (<xref rid="fig0040" ref-type="fig">Fig. 8</xref>C) (mean OD&#x000a0;=&#x000a0;0.579, Standard error of mean (SEM)&#x000a0;=&#x000a0;0.021 and mean OD&#x000a0;=&#x000a0;0.497, SEM&#x000a0;=&#x000a0;0.033 respectively). As both groups are negative for schistosomiasis defined by egg count in urine, the low IgM response is not surprising. IgE against SWAP is associated with cumulative history of exposure to the parasite antigen. <xref rid="fig0040" ref-type="fig">Fig. 8</xref>D shows that there is no significant difference between the rural African and Caucasian populations with regards to IgE responses (<italic>F</italic>&#x000a0;=&#x000a0;3.684, <italic>p</italic>&#x000a0;=&#x000a0;0.066). However the number of IgE positive responders to SWAP in the African group is significantly greater than the number of IgE positive responders to SWAP in the Caucasian group (80% and 37.5% positive responders respectively; <italic>&#x003c7;</italic><sup>2</sup> (2)&#x000a0;=&#x000a0;5.743, <italic>p</italic>&#x000a0;=&#x000a0;0.017). Taken together this indicates that while neither population is demonstrating current exposure to either plasmodium or schistosome parasite infection, the rural Africans have had more history of exposure to the schistosome adult worm and are showing signs of developing immunity to the parasite.</p></sec></sec><sec sec-type="discussion" id="sec0090"><label>4</label><title>Discussion</title><p>In humans, the three identified monocyte subsets have differing migration, maturation and functional potential <xref rid="bib0020 bib0175" ref-type="bibr">[4,35]</xref>, and there have been reports of an increase in the CD14+CD16++ subset in numerous pathologies <xref rid="bib0025 bib0040 bib0190 bib0195 bib0200" ref-type="bibr">[5,8,38&#x02013;40]</xref>, however the definition of CD14+CD16++ monocytes varies within each of these studies. By dividing the monocytes into five separate subsets, we have demonstrated that the CD14++CD16+ subset is made up of a phenotype with significant variation in the expression levels of typical markers. The decision to subdivide what is commonly known as the CD14++CD16+ subset was based on inconsistency within the field as to where this division lay, combined with the observation that HLA-DR is expressed most highly by what we defined as the HLADRhi subset <xref rid="bib0045 bib0060" ref-type="bibr">[9,12]</xref>. As HLA-DR is an activation marker <xref rid="bib0205 bib0210" ref-type="bibr">[41,42]</xref> this may indicate a functional role for these monocytes that is not shared by either of the dpCD14 or dpCD16 monocytes. This method of division of the middle CD14+CD16++ monocyte population gives a clear indication that there is a progressive pathway between the monocyte subsets. This continuum may not be surprising considering recent murine data demonstrating that the Ly6C+ monocytes (correlate of human CD14++CD16+ and CD14++CD16&#x02212; monocytes) are precursors of Ly6C&#x02212; monocytes (correlate of human CD14+CD16++) <xref rid="bib0215" ref-type="bibr">[43]</xref>.</p><p>CCR2 and CX3CR1 are chemokine receptors that have frequently been reported to have disparate affiliations with monocyte subsets <xref rid="bib0015 bib0175" ref-type="bibr">[3,35]</xref>. Here we report no significant differences in CCR2 expression within CD14++ expressing subsets, with significant differences in expression only occurring with the onset of CD16 expression. In contrast CX3CR1 expression shows a clear distinction in expression levels within each of the five subsets and differential expression between the dpCD16 and regCD16 monocytes. As CX3CR1 is involved in adhesion to the blood vessel wall and with rapid extravasation of the cell <xref rid="bib0055" ref-type="bibr">[11]</xref>, this may be indicative of a separate function for the regCD16 (CX3CR1low) monocytes and the dpCD16 (CX3CR1high) monocytes. Indeed the regCD16 subset consistently shows significant decreases in surface marker expression to the dpCD16 subset.</p><p>Due to time or physical restrictions, as well as for longitudinal cohort studies, many research protocols including our own require cryopreservation of PBMCs before processing and staining for flow cytometry. Therefore we investigated whether there were changes in these defined five subsets based on processing of the cells. We show that total monocyte numbers were reduced following cryopreservation. However, there were no significant differences in the proportions of each of the subsets. The MFI of CD14 and CD16 were examined, in particular as the MFI of CD16 has been reported to be upregulated with activation <xref rid="bib0220 bib0225" ref-type="bibr">[44,45]</xref>. The CD16 receptor was expressed to a higher intensity on fresh than cryopreserved cells. Similarly CX3CR1 showed a significantly higher MFI in each subset for the fresh PMBCs. These differences may be a consequence of the freezing process, perhaps influencing the stability of these markers and preventing a rapid activation of the thawed cells in the same manner as the fresh preparation. Previous studies have found no differences in frozen and fresh PBMCs with regards to T cell proportion and function <xref rid="bib0230" ref-type="bibr">[46]</xref> as well as macrophage differentiation <xref rid="bib0110" ref-type="bibr">[22]</xref>. Here we have found that while the MFI between the two preparations can alter, the patterns remain robust, indicating that while the two methods are comparable they should not be used to see within experiment differences.</p><p>For any study evaluating interventions that may alter blood monocytes, it is important to know if genetic and environmental background differences between individuals impact on monocyte subset balance. We show here that such differences do exist in Africans and Caucasians, with Africans exhibiting a greater proportion of CD16 expressing subsets compared to Caucasians. All individuals were negative for helminth infections, malaria and HIV. However, the rural African population did show evidence of past exposure to malaria and schistosomiasis infection. In many pathologies frequently occurring in urban environments, such as asthma, microbial infection and arthritis, there is a reported increase in the CD14++CD16+ and CD14+CD16++ subsets, which may be indicative of an activated immune system <xref rid="bib0040 bib0190 bib0195" ref-type="bibr">[8,38,39]</xref>. Knowledge of these baseline subset differences is important for undertaking studies in environments where exposure to numerous pathogens is common, as changes seen with other infections may not be as distinct. Interestingly, the pattern of monocyte subsets in the African group living in a western environment lay between the Caucasians and the rural Africans exposed to schistosomiasis. This indicates that the differences seen in the subset patterns may be more of a function of exposure to parasites than genetics. However, this group of individuals was small, and only one was originally from Zimbabwe, where the rural Africans originated from. There is reportedly more human genetic diversity within Africa than in the rest of the world so these differences could be as much to do with genetic differences between the populations as with the exposure history <xref rid="bib0235" ref-type="bibr">[47]</xref>. In terms of differences in phenotype of the monocyte subsets, similar to the preparations of the cells, the pattern of expression of the subset markers remained the same between the different ethnicities. Previous reports have shown that CCR2 is low to negative on CD16 expressing monocytes <xref rid="bib0155" ref-type="bibr">[31]</xref>, whereas our group, in studying PBMCs isolated from individuals in Zimbabwe, has always found evidence of a certain expression level of this marker (unpublished data). We show here that the PBMCs from rural Africans express CCR2 to a greater intensity in comparison to Caucasians, particularly in the CD14 expressing monocytes. Overall, expression of HLA-DR was higher in the rural African population than in Caucasians. As an activation marker that is rapidly upregulated with infection, the HLA-DR expression level may be indicating recent exposure to infection or, perhaps an impaired ability to shed HLA-DR into the serum in response to inflammation <xref rid="bib0065 bib0070 bib0240" ref-type="bibr">[13,14,48]</xref>. CX3CR1 showed a tendency towards higher expression in Caucasian monocytes similar to CD16 expression (data not shown) and is in agreement with the differences in CD16 observed with preparation differences. Previously reported associations between CD16 and CX3CR1, as well as with CD14 and CCR2, make it unsurprising that the significant differences are seen in the same direction between these markers within these populations. Taken together it is clear that while monocyte subset markers do not change pattern between different populations, the expression levels, as well as proportions of subsets can be significantly different. This may be due to a lifetime of exposure to pathogens, such as malaria and schistosomiasis, and the immune response associated with this exposure. Whilst the sample size reported on is small, the findings do highlight the importance of taking care when comparing results from different experiments, or in recruiting individuals into a study. Further research into differences in monocyte subsets based on ethnic background would be valuable in fully understanding the extent of these differences.</p></sec><sec sec-type="conclusions" id="sec0095"><label>5</label><title>Conclusions</title><p>In this study we present data demonstrating the spectrum of maker expression within the recently defined subsets of human monocytes <xref rid="bib0020" ref-type="bibr">[4]</xref>. With direct relevance to research in the field we show that there are few changes in these subsets or expression of surface markers in response to cryopreservation. We also show that expression levels of typical markers for monocyte function do change in intensity based on ethnic background of the individual. While the scope of this study does not allow for determining what drives these changes, it does emphasize the important role monocytes have in exposure to disease.</p><p>Our study focused on surface marker expression, but it will be interesting to assess differences in intracellular markers, cytokine secretion and particularly functional capabilities within these five subsets. Whilst sorting the cells in large enough quantities for functional analysis may be a challenge, using this monocyte gating technique we have shown that there is a shifting spectrum of phenotypic markers that may lead to clues as to the function of each of the monocyte subsets. Importantly our study indicates that conformity across research groups in gating of these subsets is necessary in order to compare studies.</p></sec><sec id="sec0100"><title>Funding</title><p>This work was supported by the <funding-source id="gs0005">World Health Organization</funding-source> and the <funding-source id="gs0010">Wellcome Trust</funding-source> (grant number WT082028MA), the Thrasher Foundation and from the <funding-source id="gs0015">Medical Research Council</funding-source> (grant number LJA-544 to [LJA] and G0600818 to [JEA]).</p></sec></body><back><ref-list><title>References</title><ref id="bib0005"><label>1</label><element-citation publication-type="journal" id="sbref0005"><person-group person-group-type="author"><name><surname>Ancuta</surname><given-names>P.</given-names></name><name><surname>Liu</surname><given-names>K.Y.</given-names></name><name><surname>Misra</surname><given-names>V.</given-names></name><name><surname>Wacleche</surname><given-names>V.S.</given-names></name><name><surname>Gosselin</surname><given-names>A.</given-names></name><name><surname>Zhou</surname><given-names>X.</given-names></name></person-group><article-title>Transcriptional profiling reveals developmental relationship and distinct biological functions of CD16+ and CD16&#x02212; monocyte subsets</article-title><source>BMC Genomics</source><volume>10</volume><year>2009</year><fpage>403</fpage><pub-id pub-id-type="pmid">19712453</pub-id></element-citation></ref><ref id="bib0010"><label>2</label><element-citation publication-type="journal" id="sbref0010"><person-group person-group-type="author"><name><surname>Geissmann</surname><given-names>F.</given-names></name><name><surname>Manz</surname><given-names>M.G.</given-names></name><name><surname>Jung</surname><given-names>S.</given-names></name><name><surname>Sieweke</surname><given-names>M.H.</given-names></name><name><surname>Merad</surname><given-names>M.</given-names></name><name><surname>Ley</surname><given-names>K.</given-names></name></person-group><article-title>Development of monocytes, macrophages, and dendritic cells</article-title><source>Science</source><volume>327</volume><year>2010</year><fpage>656</fpage><lpage>661</lpage><pub-id pub-id-type="pmid">20133564</pub-id></element-citation></ref><ref id="bib0015"><label>3</label><element-citation publication-type="journal" id="sbref0015"><person-group person-group-type="author"><name><surname>Passlick</surname><given-names>B.</given-names></name><name><surname>Flieger</surname><given-names>D.</given-names></name><name><surname>Ziegler-Heitbrock</surname><given-names>H.</given-names></name></person-group><article-title>Identification and characterization of a novel monocyte subpopulation in human peripheral blood</article-title><source>Blood</source><volume>74</volume><year>1989</year><fpage>2527</fpage><lpage>2534</lpage><pub-id pub-id-type="pmid">2478233</pub-id></element-citation></ref><ref id="bib0020"><label>4</label><element-citation publication-type="journal" id="sbref0020"><person-group person-group-type="author"><name><surname>Ziegler-Heitbrock</surname><given-names>L.</given-names></name><name><surname>Ancuta</surname><given-names>P.</given-names></name><name><surname>Crowe</surname><given-names>S.</given-names></name><name><surname>Dalod</surname><given-names>M.</given-names></name><name><surname>Grau</surname><given-names>V.</given-names></name><name><surname>Hart</surname><given-names>D.N.</given-names></name></person-group><article-title>Nomenclature of monocytes and dendritic cells in blood</article-title><source>Blood</source><volume>116</volume><year>2010</year><fpage>e74</fpage><lpage>e80</lpage><pub-id pub-id-type="pmid">20628149</pub-id></element-citation></ref><ref id="bib0025"><label>5</label><element-citation publication-type="journal" id="sbref0025"><person-group person-group-type="author"><name><surname>Gordon</surname><given-names>S.</given-names></name><name><surname>Taylor</surname><given-names>P.R.</given-names></name></person-group><article-title>Monocyte and macrophage heterogeneity</article-title><source>Nat Rev Immunol</source><volume>5</volume><year>2005</year><fpage>953</fpage><lpage>964</lpage><pub-id pub-id-type="pmid">16322748</pub-id></element-citation></ref><ref id="bib0030"><label>6</label><element-citation publication-type="journal" id="sbref0030"><person-group person-group-type="author"><name><surname>Zhao</surname><given-names>C.</given-names></name><name><surname>Zhang</surname><given-names>H.</given-names></name><name><surname>Wong</surname><given-names>W-C.</given-names></name><name><surname>Sem</surname><given-names>X.</given-names></name><name><surname>Han</surname><given-names>H.</given-names></name><name><surname>Ong</surname><given-names>S-M.</given-names></name></person-group><article-title>Identification of Novel Functional Differences in Monocyte Subsets Using Proteomic and Transcriptomic Methods</article-title><source>J Proteome Res</source><volume>8</volume><year>2009</year><fpage>4028</fpage><lpage>4038</lpage><pub-id pub-id-type="pmid">19514703</pub-id></element-citation></ref><ref id="bib0035"><label>7</label><element-citation publication-type="journal" id="sbref0035"><person-group person-group-type="author"><name><surname>Wong</surname><given-names>K.L.</given-names></name><name><surname>Tai</surname><given-names>J.J-Y.</given-names></name><name><surname>Wong</surname><given-names>W-C.</given-names></name><name><surname>Han</surname><given-names>H.</given-names></name><name><surname>Sem</surname><given-names>X.</given-names></name><name><surname>Yeap</surname><given-names>W-H.</given-names></name></person-group><article-title>Gene expression profiling reveals the defining features of the classical, intermediate, and nonclassical human monocyte subsets</article-title><source>Blood</source><volume>118</volume><year>2011</year><fpage>e16</fpage><lpage>e31</lpage><pub-id pub-id-type="pmid">21653326</pub-id></element-citation></ref><ref id="bib0040"><label>8</label><element-citation publication-type="journal" id="sbref0040"><person-group person-group-type="author"><name><surname>Ziegler-Heitbrock</surname><given-names>L.</given-names></name></person-group><article-title>The CD14+ CD16+ blood monocytes: their role in infection and inflammation</article-title><source>J Leukoc Biol</source><volume>81</volume><year>2007</year><fpage>584</fpage><lpage>592</lpage><pub-id pub-id-type="pmid">17135573</pub-id></element-citation></ref><ref id="bib0045"><label>9</label><element-citation publication-type="journal" id="sbref0045"><person-group person-group-type="author"><name><surname>Zawada</surname><given-names>A.M.</given-names></name><name><surname>Rogacev</surname><given-names>K.S.</given-names></name><name><surname>Rotter Br Winter</surname><given-names>P.</given-names></name><name><surname>Marell</surname><given-names>R-R.</given-names></name><name><surname>Fliser</surname><given-names>D.</given-names></name></person-group><article-title>SuperSAGE evidence for CD14++CD16+ monocytes as a third monocyte subset</article-title><source>Blood</source><volume>118</volume><year>2011</year><fpage>e50</fpage><lpage>e61</lpage><pub-id pub-id-type="pmid">21803849</pub-id></element-citation></ref><ref id="bib0050"><label>10</label><element-citation publication-type="journal" id="sbref0050"><person-group person-group-type="author"><name><surname>Ziegler-Heitbrock</surname><given-names>H.W.</given-names></name></person-group><article-title>Heterogeneity of human blood monocytes: the CD14+ CD16+ subpopulation</article-title><source>Immunol Today</source><volume>17</volume><year>1996</year><fpage>424</fpage><lpage>428</lpage><pub-id pub-id-type="pmid">8854561</pub-id></element-citation></ref><ref id="bib0055"><label>11</label><element-citation publication-type="journal" id="sbref0055"><person-group person-group-type="author"><name><surname>Auffray</surname><given-names>C.</given-names></name><name><surname>Fogg</surname><given-names>D.</given-names></name><name><surname>Garfa</surname><given-names>M.</given-names></name><name><surname>Elain</surname><given-names>G.</given-names></name><name><surname>Join-Lambert</surname><given-names>O.</given-names></name><name><surname>Kayal</surname><given-names>S.</given-names></name></person-group><article-title>Monitoring of blood vessels and tissues by a population of monocytes with patrolling behavior</article-title><source>Science</source><volume>317</volume><year>2007</year><fpage>666</fpage><lpage>670</lpage><pub-id pub-id-type="pmid">17673663</pub-id></element-citation></ref><ref id="bib0060"><label>12</label><element-citation publication-type="journal" id="sbref0060"><person-group person-group-type="author"><name><surname>Abeles</surname><given-names>R.D.</given-names></name><name><surname>McPhail</surname><given-names>M.J.</given-names></name><name><surname>Sowter</surname><given-names>D.</given-names></name><name><surname>Antoniades</surname><given-names>C.G.</given-names></name><name><surname>Vergis</surname><given-names>N.</given-names></name><name><surname>Vijay</surname><given-names>G.K.</given-names></name></person-group><article-title>CD14, CD16 and HLA-DR reliably identifies human monocytes and their subsets in the context of pathologically reduced HLA-DR expression by CD14(hi)/CD16(neg) monocytes: Expansion of CD14(hi)/CD16(pos) and contraction of CD14(lo)/CD16(pos) monocytes in acute liver failure</article-title><source>Cytometry A</source><year>2012</year></element-citation></ref><ref id="bib0065"><label>13</label><element-citation publication-type="journal" id="sbref0065"><person-group person-group-type="author"><name><surname>Steis</surname><given-names>R.G.</given-names></name><name><surname>VanderMolen</surname><given-names>L.A.</given-names></name><name><surname>Longo</surname><given-names>D.L.</given-names></name><name><surname>Clark</surname><given-names>J.W.</given-names></name><name><surname>Smith</surname><given-names>J.W.</given-names></name><name><surname>Kopp</surname><given-names>W.C.</given-names></name></person-group><article-title>Recombinant Human Granulocyte-Macrophage Colony-Stimulating Factor in Patients With Advanced Malignancy: A Phase Ib Trial</article-title><source>J Natl Cancer Inst</source><volume>82</volume><year>1990</year><fpage>697</fpage><lpage>703</lpage><pub-id pub-id-type="pmid">2138680</pub-id></element-citation></ref><ref id="bib0070"><label>14</label><element-citation publication-type="journal" id="sbref0070"><person-group person-group-type="author"><name><surname>Rivier</surname><given-names>A.</given-names></name><name><surname>Pene</surname><given-names>J.</given-names></name><name><surname>Rabesandratana</surname><given-names>H.</given-names></name><name><surname>Chanez</surname><given-names>P.</given-names></name><name><surname>Bousquet</surname><given-names>J.</given-names></name><name><surname>Campbell</surname><given-names>A.M.</given-names></name></person-group><article-title>Blood monocytes of untreated asthmatics exhibit some features of tissue macrophages</article-title><source>Clin Exp Immunol</source><volume>100</volume><year>1995</year><fpage>314</fpage><lpage>318</lpage><pub-id pub-id-type="pmid">7538057</pub-id></element-citation></ref><ref id="bib0075"><label>15</label><element-citation publication-type="journal" id="sbref0075"><person-group person-group-type="author"><name><surname>Ino</surname><given-names>K.</given-names></name><name><surname>Bierman</surname><given-names>P.J.</given-names></name><name><surname>Varney</surname><given-names>M.L.</given-names></name><name><surname>Heimann</surname><given-names>D.G.</given-names></name><name><surname>Kuszynski</surname><given-names>C.A.</given-names></name><name><surname>Walker</surname><given-names>S.A.</given-names></name></person-group><article-title>Monocyte activation by an oral immunomodulator (bestatin) in lymphoma patients following autologous bone marrow transplantation</article-title><source>Cancer Immunol Immunother</source><volume>43</volume><year>1996</year><fpage>206</fpage><lpage>212</lpage><pub-id pub-id-type="pmid">9003465</pub-id></element-citation></ref><ref id="bib0080"><label>16</label><element-citation publication-type="book" id="sbref0080"><person-group person-group-type="author"><name><surname>WHO</surname></name></person-group><chapter-title>World health statistics 2012</chapter-title><year>2012</year><publisher-name>World Health Organization</publisher-name><publisher-loc>Geneva, Switzerland</publisher-loc></element-citation></ref><ref id="bib0085"><label>17</label><element-citation publication-type="journal" id="sbref0085"><person-group person-group-type="author"><name><surname>Bosschaerts</surname><given-names>T.</given-names></name><name><surname>Guilliams</surname><given-names>M.</given-names></name><name><surname>Stijlemans</surname><given-names>B.</given-names></name><name><surname>De Baetselier</surname><given-names>P.</given-names></name><name><surname>Beschin</surname><given-names>A.</given-names></name></person-group><article-title>Understanding the role of monocytic cells in liver inflammation using parasite infection as a model</article-title><source>Immunobiology</source><volume>214</volume><year>2009</year><fpage>737</fpage><lpage>747</lpage><pub-id pub-id-type="pmid">19577324</pub-id></element-citation></ref><ref id="bib0090"><label>18</label><element-citation publication-type="journal" id="sbref0090"><person-group person-group-type="author"><name><surname>Jenkins</surname><given-names>S.J.</given-names></name><name><surname>Allen</surname><given-names>J.E.</given-names></name></person-group><article-title>Similarity and diversity in macrophage activation by nematodes, trematodes, and cestodes</article-title><source>J Biomed Biotechnol</source><volume>2010</volume><year>2010</year><fpage>262609</fpage><pub-id pub-id-type="pmid">20145705</pub-id></element-citation></ref><ref id="bib0095"><label>19</label><element-citation publication-type="journal" id="sbref0095"><person-group person-group-type="author"><name><surname>Costantini</surname><given-names>A.</given-names></name><name><surname>Mancini</surname><given-names>S.</given-names></name><name><surname>Giuliodoro</surname><given-names>S.</given-names></name><name><surname>Butini</surname><given-names>L.</given-names></name><name><surname>Regnery</surname><given-names>C.M.</given-names></name><name><surname>Silvestri</surname><given-names>G.</given-names></name></person-group><article-title>Effects of cryopreservation on lymphocyte immunophenotype and function</article-title><source>J Immunol Methods</source><volume>278</volume><year>2003</year><fpage>145</fpage><lpage>155</lpage><pub-id pub-id-type="pmid">12957403</pub-id></element-citation></ref><ref id="bib0100"><label>20</label><element-citation publication-type="journal" id="sbref0100"><person-group person-group-type="author"><name><surname>Reimann</surname><given-names>K.A.</given-names></name><name><surname>Chernoff</surname><given-names>M.</given-names></name><name><surname>Wilkening</surname><given-names>C.L.</given-names></name><name><surname>Nickerson</surname><given-names>C.E.</given-names></name><name><surname>Landay</surname><given-names>A.L.</given-names></name></person-group><article-title>Preservation of lymphocyte immunophenotype and proliferative responses in cryopreserved peripheral blood mononuclear cells from human immunodeficiency virus type 1-infected donors: implications for multicenter clinical trials. The ACTG Immunology Advanced Technology Laboratories</article-title><source>Clin Diagn Lab Immunol</source><volume>7</volume><year>2000</year><fpage>352</fpage><lpage>359</lpage><pub-id pub-id-type="pmid">10799445</pub-id></element-citation></ref><ref id="bib0105"><label>21</label><element-citation publication-type="journal" id="sbref0105"><person-group person-group-type="author"><name><surname>Ryd&#x000e9;n</surname><given-names>A.</given-names></name><name><surname>Fares&#x000f6;</surname><given-names>M.</given-names></name></person-group><article-title>Efficient expansion of cryopreserved CD4+CD25+CD127lo/&#x02212; cells in Type 1 diabetes</article-title><source>Results Immunol</source><volume>1</volume><year>2011</year><fpage>36</fpage><lpage>44</lpage></element-citation></ref><ref id="bib0110"><label>22</label><element-citation publication-type="journal" id="sbref0110"><person-group person-group-type="author"><name><surname>Zhao</surname><given-names>Y.</given-names></name><name><surname>Glesne</surname><given-names>D.</given-names></name><name><surname>Huberman</surname><given-names>E.</given-names></name></person-group><article-title>A human peripheral blood monocyte-derived subset acts as pluripotent stem cells</article-title><source>Proc Natl Acad Sci</source><volume>100</volume><year>2003</year><fpage>2426</fpage><lpage>2431</lpage><pub-id pub-id-type="pmid">12606720</pub-id></element-citation></ref><ref id="bib0115"><label>23</label><element-citation publication-type="journal" id="sbref0115"><person-group person-group-type="author"><name><surname>Midzi</surname><given-names>N.</given-names></name><name><surname>Sangweme</surname><given-names>D.</given-names></name><name><surname>Zinyowera</surname><given-names>S.</given-names></name><name><surname>Mapingure</surname><given-names>M.P.</given-names></name><name><surname>Brouwer</surname><given-names>K.C.</given-names></name><name><surname>Munatsi</surname><given-names>A.</given-names></name></person-group><article-title>The burden of polyparasitism among primary schoolchildren in rural and farming areas in Zimbabwe</article-title><source>Trans R Soc Trop Med Hyg</source><volume>102</volume><year>2008</year><fpage>1039</fpage><lpage>1045</lpage><pub-id pub-id-type="pmid">18656215</pub-id></element-citation></ref><ref id="bib0120"><label>24</label><element-citation publication-type="journal" id="sbref0120"><person-group person-group-type="author"><name><surname>Mutapi</surname><given-names>F.</given-names></name><name><surname>Imai</surname><given-names>N.</given-names></name><name><surname>Nausch</surname><given-names>N.</given-names></name><name><surname>Bourke</surname><given-names>C.D.</given-names></name><name><surname>Rujeni</surname><given-names>N.</given-names></name><name><surname>Mitchell</surname><given-names>K.M.</given-names></name></person-group><article-title>Schistosome infection intensity is inversely related to auto-reactive antibody levels</article-title><source>PLoS ONE</source><volume>6</volume><year>2011</year><fpage>e19149</fpage><pub-id pub-id-type="pmid">21573157</pub-id></element-citation></ref><ref id="bib0125"><label>25</label><element-citation publication-type="journal" id="sbref0125"><person-group person-group-type="author"><name><surname>Mott</surname><given-names>K.E.</given-names></name></person-group><article-title>A reusable polyamide filter for diagnosis of <italic>S. haematobium</italic> infection by urine filtration</article-title><source>Bull Soc Pathol Exot Filiales</source><volume>76</volume><year>1983</year><fpage>101</fpage><lpage>104</lpage><pub-id pub-id-type="pmid">6839402</pub-id></element-citation></ref><ref id="bib0130"><label>26</label><element-citation publication-type="journal" id="sbref0130"><person-group person-group-type="author"><name><surname>Katz</surname><given-names>N.</given-names></name><name><surname>Chaves</surname><given-names>A.</given-names></name><name><surname>Pellegrino</surname><given-names>J.</given-names></name></person-group><article-title>A simple device for quantitative stool thick smear technique in schistosomiasis mansoni</article-title><source>Rev Inst Med Trop Sao Paulo</source><volume>14</volume><year>1972</year><fpage>397</fpage><lpage>400</lpage><pub-id pub-id-type="pmid">4675644</pub-id></element-citation></ref><ref id="bib0135"><label>27</label><element-citation publication-type="journal" id="sbref0135"><person-group person-group-type="author"><name><surname>Rujeni</surname><given-names>N.</given-names></name><name><surname>Nausch</surname><given-names>N.</given-names></name><name><surname>Bourke</surname><given-names>C.D.</given-names></name><name><surname>Midzi</surname><given-names>N.</given-names></name><name><surname>Mduluza</surname><given-names>T.</given-names></name><name><surname>Taylor</surname><given-names>D.W.</given-names></name></person-group><article-title>Atopy is inversely related to schistosome infection intensity: a comparative study in Zimbabwean villages with distinct levels of <italic>Schistosoma haematobium</italic> infection</article-title><source>Int Arch Allergy Immunol</source><volume>158</volume><year>2012</year><fpage>288</fpage><lpage>298</lpage><pub-id pub-id-type="pmid">22398631</pub-id></element-citation></ref><ref id="bib0140"><label>28</label><element-citation publication-type="journal" id="sbref0140"><person-group person-group-type="author"><name><surname>Mutapi</surname><given-names>F.</given-names></name><name><surname>Roussilhon</surname><given-names>C.</given-names></name><name><surname>Mduluza</surname><given-names>T.</given-names></name><name><surname>Druilhe</surname><given-names>P.</given-names></name></person-group><article-title>Anti-malaria humoral responses in children exposed to <italic>Plasmodium falciparum</italic> and <italic>Schistosoma haematobium</italic></article-title><source>Mem Inst Oswaldo Cruz</source><volume>102</volume><year>2007</year><fpage>405</fpage><lpage>409</lpage><pub-id pub-id-type="pmid">17568947</pub-id></element-citation></ref><ref id="bib0145"><label>29</label><element-citation publication-type="book" id="sbref0145"><person-group person-group-type="author"><name><surname>Sokal</surname><given-names>R.R.</given-names></name><name><surname>Rohlf</surname><given-names>F.J.</given-names></name></person-group><chapter-title>Biometry: the principles and practice of statistics in biological research</chapter-title><year>1995</year><publisher-name>Freeman and Company</publisher-name><publisher-loc>New York</publisher-loc></element-citation></ref><ref id="bib0150"><label>30</label><element-citation publication-type="journal" id="sbref0150"><person-group person-group-type="author"><name><surname>Faucher</surname><given-names>J.L.</given-names></name><name><surname>Lacronique-Gazaille</surname><given-names>C.</given-names></name><name><surname>Frebet</surname><given-names>E.</given-names></name><name><surname>Trimoreau</surname><given-names>F.</given-names></name><name><surname>Donnard</surname><given-names>M.</given-names></name><name><surname>Bordessoule</surname><given-names>D.</given-names></name></person-group><article-title>&#x0201c;6 markers/5 colors&#x0201d; extended white blood cell differential by flow cytometry</article-title><source>Cytometry A</source><volume>71</volume><year>2007</year><fpage>934</fpage><lpage>944</lpage><pub-id pub-id-type="pmid">17879238</pub-id></element-citation></ref><ref id="bib0155"><label>31</label><element-citation publication-type="journal" id="sbref0155"><person-group person-group-type="author"><name><surname>Shantsila</surname><given-names>E.</given-names></name><name><surname>Wrigley</surname><given-names>B.</given-names></name><name><surname>Tapp</surname><given-names>L.</given-names></name><name><surname>Apostolakis</surname><given-names>S.</given-names></name><name><surname>Montoro-Garcia</surname><given-names>S.</given-names></name><name><surname>Drayson</surname><given-names>M.T.</given-names></name></person-group><article-title>Immunophenotypic characterization of human monocyte subsets: possible implications for cardiovascular disease pathophysiology</article-title><source>J Thromb Haemost</source><volume>9</volume><year>2011</year><fpage>1056</fpage><lpage>1066</lpage><pub-id pub-id-type="pmid">21342432</pub-id></element-citation></ref><ref id="bib0160"><label>32</label><element-citation publication-type="journal" id="sbref0160"><person-group person-group-type="author"><name><surname>Wong</surname><given-names>K.L.</given-names></name><name><surname>Yeap</surname><given-names>W.H.</given-names></name><name><surname>Tai</surname><given-names>J.J.</given-names></name><name><surname>Ong</surname><given-names>S.M.</given-names></name><name><surname>Dang</surname><given-names>T.M.</given-names></name><name><surname>Wong</surname><given-names>S.C.</given-names></name></person-group><article-title>The three human monocyte subsets: implications for health and disease</article-title><source>Immunol Res</source><volume>53</volume><year>2012</year><fpage>41</fpage><lpage>57</lpage><pub-id pub-id-type="pmid">22430559</pub-id></element-citation></ref><ref id="bib0165"><label>33</label><element-citation publication-type="journal" id="sbref0165"><person-group person-group-type="author"><name><surname>Heimbeck</surname><given-names>I.</given-names></name><name><surname>Hofer</surname><given-names>T.P.</given-names></name><name><surname>Eder</surname><given-names>C.</given-names></name><name><surname>Wright</surname><given-names>A.K.</given-names></name><name><surname>Frankenberger</surname><given-names>M.</given-names></name><name><surname>Marei</surname><given-names>A.</given-names></name></person-group><article-title>Standardized single-platform assay for human monocyte subpopulations: lower CD14+CD16++ monocytes in females</article-title><source>Cytometry A</source><volume>77</volume><year>2010</year><fpage>823</fpage><lpage>830</lpage><pub-id pub-id-type="pmid">20662093</pub-id></element-citation></ref><ref id="bib0170"><label>34</label><element-citation publication-type="journal" id="sbref0170"><person-group person-group-type="author"><name><surname>Tallone</surname><given-names>T.</given-names></name><name><surname>Turconi</surname><given-names>G.</given-names></name><name><surname>Soldati</surname><given-names>G.</given-names></name><name><surname>Pedrazzini</surname><given-names>G.</given-names></name><name><surname>Moccetti</surname><given-names>T.</given-names></name><name><surname>Vassalli</surname><given-names>G.</given-names></name></person-group><article-title>Heterogeneity of human monocytes: an optimized four-color flow cytometry protocol for analysis of monocyte subsets</article-title><source>J Cardiovasc Transl Res</source><volume>4</volume><year>2011</year><fpage>211</fpage><lpage>219</lpage><pub-id pub-id-type="pmid">21308491</pub-id></element-citation></ref><ref id="bib0175"><label>35</label><element-citation publication-type="journal" id="sbref0175"><person-group person-group-type="author"><name><surname>Martinez</surname><given-names>F.O.</given-names></name></person-group><article-title>The transcriptome of human monocyte subsets begins to emerge</article-title><source>J Biol</source><volume>8</volume><year>2009</year><fpage>99</fpage><pub-id pub-id-type="pmid">20067595</pub-id></element-citation></ref><ref id="bib0180"><label>36</label><element-citation publication-type="journal" id="sbref0180"><person-group person-group-type="author"><name><surname>Imai</surname><given-names>N.</given-names></name><name><surname>Rujeni</surname><given-names>N.</given-names></name><name><surname>Nausch</surname><given-names>N.</given-names></name><name><surname>Bourke</surname><given-names>C.D.</given-names></name><name><surname>Appleby</surname><given-names>L.J.</given-names></name><name><surname>Cowan</surname><given-names>G.</given-names></name></person-group><article-title>Exposure, infection, systemic cytokine levels and antibody responses in young children concurrently exposed to schistosomiasis and malaria</article-title><source>Parasitology</source><volume>138</volume><year>2011</year><fpage>1519</fpage><lpage>1533</lpage><pub-id pub-id-type="pmid">21813042</pub-id></element-citation></ref><ref id="bib0185"><label>37</label><element-citation publication-type="journal" id="sbref0185"><person-group person-group-type="author"><name><surname>Chizzolini</surname><given-names>C.</given-names></name><name><surname>Dupont</surname><given-names>A.</given-names></name><name><surname>Akue</surname><given-names>J.P.</given-names></name><name><surname>Kaufmann</surname><given-names>M.H.</given-names></name><name><surname>Verdini</surname><given-names>A.S.</given-names></name><name><surname>Pessi</surname><given-names>A.</given-names></name></person-group><article-title>Natural antibodies against three distinct and defined antigens of <italic>Plasmodium falciparum</italic> in residents of a mesoendemic area in Gabon</article-title><source>Am J Trop Med Hyg</source><volume>39</volume><year>1988</year><fpage>150</fpage><lpage>156</lpage><pub-id pub-id-type="pmid">3044153</pub-id></element-citation></ref><ref id="bib0190"><label>38</label><element-citation publication-type="journal" id="sbref0190"><person-group person-group-type="author"><name><surname>Serbina</surname><given-names>N.V.</given-names></name><name><surname>Jia</surname><given-names>T.</given-names></name><name><surname>Hohl</surname><given-names>T.M.</given-names></name><name><surname>Pamer</surname><given-names>E.G.</given-names></name></person-group><article-title>Monocyte-mediated defense against microbial pathogens</article-title><source>Annu Rev Immunol</source><volume>26</volume><year>2008</year><fpage>421</fpage><lpage>452</lpage><pub-id pub-id-type="pmid">18303997</pub-id></element-citation></ref><ref id="bib0195"><label>39</label><element-citation publication-type="journal" id="sbref0195"><person-group person-group-type="author"><name><surname>Chiu</surname><given-names>Y.G.</given-names></name><name><surname>Shao</surname><given-names>T.</given-names></name><name><surname>Feng</surname><given-names>C.</given-names></name><name><surname>Mensah</surname><given-names>K.A.</given-names></name><name><surname>Thullen</surname><given-names>M.</given-names></name><name><surname>Schwarz</surname><given-names>E.M.</given-names></name></person-group><article-title>CD16 (FcRgammaIII) as a potential marker of osteoclast precursors in psoriatic arthritis</article-title><source>Arthritis Res Ther</source><volume>12</volume><year>2010</year><fpage>R14</fpage><pub-id pub-id-type="pmid">20102624</pub-id></element-citation></ref><ref id="bib0200"><label>40</label><element-citation publication-type="journal" id="sbref0200"><person-group person-group-type="author"><name><surname>Auffray</surname><given-names>C.</given-names></name><name><surname>Sieweke</surname><given-names>M.H.</given-names></name><name><surname>Geissmann</surname><given-names>F.</given-names></name></person-group><article-title>Blood monocytes: development, heterogeneity, and relationship with dendritic cells</article-title><source>Annu Rev Immunol</source><volume>27</volume><year>2009</year><fpage>669</fpage><lpage>692</lpage><pub-id pub-id-type="pmid">19132917</pub-id></element-citation></ref><ref id="bib0205"><label>41</label><element-citation publication-type="journal" id="sbref0205"><person-group person-group-type="author"><name><surname>Wolk</surname><given-names>K.</given-names></name><name><surname>D&#x000f6;cke</surname><given-names>W-D.</given-names></name><name><surname>von Baehr</surname><given-names>V.</given-names></name><name><surname>Volk</surname><given-names>H-D.</given-names></name><name><surname>Sabat</surname><given-names>R.</given-names></name></person-group><article-title>Impaired antigen presentation by human monocytes during endotoxin tolerance</article-title><source>Blood</source><volume>96</volume><year>2000</year><fpage>218</fpage><lpage>223</lpage><pub-id pub-id-type="pmid">10891454</pub-id></element-citation></ref><ref id="bib0210"><label>42</label><element-citation publication-type="journal" id="sbref0210"><person-group person-group-type="author"><name><surname>Andre</surname><given-names>M.C.</given-names></name><name><surname>Gille</surname><given-names>C.</given-names></name><name><surname>Glemser</surname><given-names>P.</given-names></name><name><surname>Woiterski</surname><given-names>J.</given-names></name><name><surname>Hsu</surname><given-names>H.Y.</given-names></name><name><surname>Spring</surname><given-names>B.</given-names></name></person-group><article-title>Bacterial reprogramming of PBMCs impairs monocyte phagocytosis and modulates adaptive T cell responses</article-title><source>J Leukoc Biol</source><volume>91</volume><year>2012</year><fpage>977</fpage><lpage>989</lpage><pub-id pub-id-type="pmid">22427683</pub-id></element-citation></ref><ref id="bib0215"><label>43</label><element-citation publication-type="journal" id="sbref0215"><person-group person-group-type="author"><name><surname>Yona</surname><given-names>S.</given-names></name><name><surname>Kim</surname><given-names>K.W.</given-names></name><name><surname>Wolf</surname><given-names>Y.</given-names></name><name><surname>Mildner</surname><given-names>A.</given-names></name><name><surname>Varol</surname><given-names>D.</given-names></name><name><surname>Breker</surname><given-names>M.</given-names></name></person-group><article-title>Fate mapping reveals origins and dynamics of monocytes and tissue macrophages under homeostasis</article-title><source>Immunity</source><volume>38</volume><year>2013</year><fpage>79</fpage><lpage>91</lpage><pub-id pub-id-type="pmid">23273845</pub-id></element-citation></ref><ref id="bib0220"><label>44</label><element-citation publication-type="journal" id="sbref0220"><person-group person-group-type="author"><name><surname>Zhang</surname><given-names>J.-Y.</given-names></name><name><surname>Zou</surname><given-names>Z.-S.</given-names></name><name><surname>Huang</surname><given-names>A.</given-names></name><name><surname>Zhang</surname><given-names>Z.</given-names></name><name><surname>Fu</surname><given-names>J.-L.</given-names></name><name><surname>Xu</surname><given-names>X.-S.</given-names></name></person-group><article-title>Hyper-activated pro-inflammatory CD16+ monocytes correlate with the severity of liver injury and fibrosis in patients with chronic hepatitis B</article-title><source>PLoS ONE</source><volume>6</volume><year>2011</year><fpage>e17484</fpage><pub-id pub-id-type="pmid">21390263</pub-id></element-citation></ref><ref id="bib0225"><label>45</label><element-citation publication-type="journal" id="sbref0225"><person-group person-group-type="author"><name><surname>Cooper</surname><given-names>D.L.</given-names></name><name><surname>Martin</surname><given-names>S.G.</given-names></name><name><surname>Robinson</surname><given-names>J.I.</given-names></name><name><surname>Mackie</surname><given-names>S.L.</given-names></name><name><surname>Charles</surname><given-names>C.J.</given-names></name><name><surname>Nam</surname><given-names>J.</given-names></name></person-group><article-title>Fc&#x003b3;RIIIa expression on monocytes in rheumatoid arthritis: role in immune-complex stimulated TNF production and non-response to methotrexate therapy</article-title><source>PLoS ONE</source><volume>7</volume><year>2012</year><fpage>e28918</fpage><pub-id pub-id-type="pmid">22235253</pub-id></element-citation></ref><ref id="bib0230"><label>46</label><element-citation publication-type="journal" id="sbref0230"><person-group person-group-type="author"><name><surname>Ruitenberg</surname><given-names>J.J.</given-names></name><name><surname>Mulder</surname><given-names>C.B.</given-names></name><name><surname>Maino</surname><given-names>V.C.</given-names></name><name><surname>Landay</surname><given-names>A.L.</given-names></name><name><surname>Ghanekar</surname><given-names>S.A.</given-names></name></person-group><article-title>VACUTAINER CPT and Ficoll density gradient separation perform equivalently in maintaining the quality and function of PBMC from HIV seropositive blood samples</article-title><source>BMC Immunol</source><volume>7</volume><year>2006</year><fpage>11</fpage><pub-id pub-id-type="pmid">16725038</pub-id></element-citation></ref><ref id="bib0235"><label>47</label><element-citation publication-type="journal" id="sbref0235"><person-group person-group-type="author"><name><surname>Campbell</surname><given-names>M.C.</given-names></name><name><surname>Tishkoff</surname><given-names>S.A.</given-names></name></person-group><article-title>African genetic diversity: implications for human demographic history, modern human origins, and complex disease mapping</article-title><source>Annu Rev Genomics Hum Genet</source><volume>9</volume><year>2008</year><fpage>403</fpage><lpage>433</lpage><pub-id pub-id-type="pmid">18593304</pub-id></element-citation></ref><ref id="bib0240"><label>48</label><element-citation publication-type="journal" id="sbref0240"><person-group person-group-type="author"><name><surname>Perry</surname><given-names>S.E.</given-names></name><name><surname>Mostafa</surname><given-names>S.M.</given-names></name><name><surname>Wenstone</surname><given-names>R.</given-names></name><name><surname>Shenkin</surname><given-names>A.</given-names></name><name><surname>McLaughlin</surname><given-names>P.J.</given-names></name></person-group><article-title>HLA-DR regulation and the influence of GM-CSF on transcription, surface expression and shedding</article-title><source>Int J Med Sci</source><volume>1</volume><year>2004</year><fpage>126</fpage><lpage>136</lpage><pub-id pub-id-type="pmid">15912191</pub-id></element-citation></ref></ref-list><ack id="ack0005"><title>Acknowledgments</title><p>We are grateful for the co-operation of the Ministry of Health and Child Welfare in Zimbabwe, the Provincial Medical Director of Mashonaland East, the Environmental Health Workers, nursing staff at Chitate and Chitowa Clinics and Murehwa Hospital, residents, teachers and school children in Magaya, Chitate and Chipinda Schools. We also thank members of the National Institutes of Health Research in Zimbabwe and the Biochemistry Department at University of Zimbabwe for technical support. We are grateful to Eduard Shantsila for advice and helpful discussion on this topic.</p></ack></back><floats-group><fig id="fig0005"><label>Fig. 1</label><caption><p>Representative flow cytometry dot plots demonstrating the gating strategy employed to define CD14+ monocytes. (A) Live gate for total leukocytes based on the forward scatter (FSC) and side scatter (SSC) properties, (B) separation of monocytes from non HLA-DR expressing CD14 expressing NK cells prior to (C) gating total monocytes based on CD14 and CD16 expression.</p></caption><graphic xlink:href="gr1"/></fig><fig id="fig0010"><label>Fig. 2</label><caption><p>Examples of previously published gating strategies using the same representative donor as in <xref rid="fig0005" ref-type="fig">Fig. 1</xref>. Top panel demonstrating (A) the two gating strategy based on CD16 positive and CD16 negative monocytes, and (B) the phenotypic profile associated with the two subsets. Lower panel demonstrates (C) the gating strategy of three subsets, regCD14, DP and regCD16 based on CD14 and CD16 expression, and (D) the associated surface marker expression profile. Significant <italic>p</italic> values are from a post hoc one-way ANOVA. Significant differences are indicated with * (<italic>p</italic>&#x000a0;&#x0003c;&#x000a0;0.05) or ** (<italic>p</italic>&#x000a0;&#x0003c;&#x000a0;0.001).</p></caption><graphic xlink:href="gr2"/></fig><fig id="fig0015"><label>Fig. 3</label><caption><p>Division of monocyte population into five subsets with varying levels of expression of CD14 and CD16. (A) Representative dot plots demonstrating the division of the five subsets to include the traditional CD14++CD16&#x02212; (regCD14), CD14+CD16++ (regCD16) and three subsets within the CD14 CD16 double positive population: dpCD14, HLADRhi, dpCD16. (B) Pie chart illustrating the proportions, mean and (SEM) of the five subsets seen in the rural African population (<italic>n</italic>&#x000a0;=&#x000a0;62). (C)&#x02013;(E) Mean MFI for the rural African population of different monocyte phenotypic surface markers within each of the five subsets: 1: regCD14; 2: dpCD14; 3: HLADRhi; 4: dpCD16; 5: regCD16. (C) HLA-DR, (D) CCR2 (E) CX3CR1. Significant <italic>p</italic> values are from a post hoc one-way ANOVA. Significant differences are indicated with * (<italic>p</italic>&#x000a0;&#x0003c;&#x000a0;0.05) or ** (<italic>p</italic>&#x000a0;&#x0003c;&#x000a0;0.001).</p></caption><graphic xlink:href="gr3"/></fig><fig id="fig0020"><label>Fig. 4</label><caption><p>Differences between fresh and cryopreserved PBMCs from 9 individuals with an urban background (African: <italic>n</italic>&#x000a0;=&#x000a0;5; Caucasian: <italic>n</italic>&#x000a0;=&#x000a0;4) were compared. (A) Fresh and cryopreserved monocytes as frequency of live gated population. Monocytes from fresh PBMCs show a significantly smaller proportions of monocytes in comparison to cryopreserved PBMCs, measured non-parametrically with Wilcoxon Signed Ranks Test (<italic>z</italic>&#x000a0;=&#x000a0;&#x02212;2.67, <italic>p</italic>&#x000a0;=&#x000a0;0.004). (B) Mean and SEM of proportions of the five subsets in fresh and cryopreserved preparations. 1: regCD14; 2: dpCD14; 3: HLADRhi; 4: dpCD16; 5: regCD16. Open bars: fresh PBMCs; closed bars: cryopreserved PBMCs. There are no significant differences in proportions dependant on preparation method (measured non-parametrically using the Wilcoxon signed ranks test).</p></caption><graphic xlink:href="gr4"/></fig><fig id="fig0025"><label>Fig. 5</label><caption><p>Differences observed in cell surface phenotype between fresh (open bar, <italic>n</italic>&#x000a0;=&#x000a0;9) and cryopreserved (closed bar, <italic>n</italic>&#x000a0;=&#x000a0;9) preparations of cells. (A) CD14, (B) CD16, (C) HLA-DR, (D) CCR2 and (E) CX3CR1. 1: regCD14; 2: dpCD14; 3: HLADRhi; 4: dpCD16; 5: regCD16. Significant differences (<italic>p</italic>&#x000a0;&#x0003c;&#x000a0;0.05) are from nonparametric Wilcoxon signed rank test and are indicated with *.</p></caption><graphic xlink:href="gr5"/></fig><fig id="fig0030"><label>Fig. 6</label><caption><p>Top Panel (A)&#x02013;(C) representative CD14/CD16 dot plots of monocytes from (A) a rural African donor, (B) an urban African donor and (C) a Caucasian donor. Cells are gated according to the strategy described in <xref rid="fig0005" ref-type="fig">Fig. 1</xref>. Bottom panel (D) Bar graphs illustrating the differences in mean and SEM of monocyte subset proportions between rural Africans (<italic>n</italic>&#x000a0;=&#x000a0;21, filled bars), Africans from urban environments (<italic>n</italic>&#x000a0;=&#x000a0;5, grey bars) and Caucasians (<italic>n</italic>&#x000a0;=&#x000a0;21, open bars). 1: regCD14; 2: dpCD14; 3: HLADRhi; 4: dpCD16; 5: regCD16. <italic>P</italic> values are from the Mann&#x02013;Whitney test with an applied Bonferonni correction. Significant <italic>p</italic> values (<italic>p</italic>&#x000a0;&#x0003c;&#x000a0;0.0167) are indicated with *.</p></caption><graphic xlink:href="gr6"/></fig><fig id="fig0035"><label>Fig. 7</label><caption><p>Mean expression levels of surface markers between rural Africans (closed bars, <italic>n</italic>&#x000a0;=&#x000a0;21) and Caucasians (open bars, <italic>n</italic>&#x000a0;=&#x000a0;21) based on surface marker by subset. (A) HLA-DR, (B) CCR2, (C) CX3CR1. 1: regCD14; 2: dpCD14; 3: HLADRhi; 4: dpCD16; 5: regCD16. Significant <italic>p</italic> values from Mann Whitney test are represented by * (<italic>p</italic>&#x000a0;&#x02264;&#x000a0;0.05) and ** (<italic>p</italic>&#x000a0;&#x02264;&#x000a0;0.001).</p></caption><graphic xlink:href="gr7"/></fig><fig id="fig0040"><label>Fig. 8</label><caption><p>Antibody responses of rural Africans (closed circles, <italic>n</italic>&#x000a0;=&#x000a0;15) and Caucasians (open squares, <italic>n</italic>&#x000a0;=&#x000a0;16) to parasite antigens. (A) IgM and (B) IgG response to malaria schizont. (C) IgM and (D) IgE responses to <italic>S. haematobium</italic> adult worms (SWAP) as measured by ELISA. Significant <italic>p</italic>-values are from Type I sequential sums of squares and are indicated with * (<italic>p</italic>&#x000a0;&#x0003c;&#x000a0;0.05).</p></caption><graphic xlink:href="gr8"/></fig><table-wrap id="tbl0005" position="float"><label>Table 1</label><caption><p>Study cohorts and description.</p></caption><table frame="hsides" rules="groups"><thead><tr><th align="left">Study</th><th align="left">Donor ethnicity</th><th align="left">Origin (urban/rural)</th><th align="left"><italic>N</italic></th></tr></thead><tbody><tr><td align="left">Whole monocyte phenotype</td><td align="left">African (Zimbabwe)</td><td align="left">Rural</td><td align="char">62</td></tr><tr><td align="left">Effects of cryopreservation on monocyte phenotype</td><td align="left">African (other)</td><td align="left">Urban</td><td align="char">5</td></tr><tr><td/><td align="left">Caucasian</td><td/><td align="char">4</td></tr><tr><td align="left">Effects of genetics or exposure on monocyte phenotype</td><td align="left">Europe</td><td align="left">Urban</td><td align="char">21</td></tr><tr><td/><td align="left">African (Zimbabwe)</td><td align="left">Rural</td><td align="char">21</td></tr></tbody></table></table-wrap><table-wrap id="tbl0010" position="float"><label>Table 2</label><caption><p>Age of rural African and Caucasian cohorts.</p></caption><table frame="hsides" rules="groups"><thead><tr><th/><th colspan="4" align="left">Rural African<hr/></th><th colspan="4" align="left">Caucasian<hr/></th></tr><tr><th/><th align="left"><italic>N</italic></th><th align="left">Mean</th><th align="left">Median</th><th align="left">Range (min&#x02013;max)</th><th align="left"><italic>N</italic></th><th align="left">Mean</th><th align="left">Median</th><th align="left">Range (min&#x02013;max)</th></tr></thead><tbody><tr><td align="left">M</td><td align="char">6</td><td align="char">23</td><td align="char">17</td><td align="char">15&#x02013;55</td><td align="char">10</td><td align="char">33.6</td><td align="char">31</td><td align="char">26&#x02013;53</td></tr><tr><td align="left">F</td><td align="char">15</td><td align="char">31.1</td><td align="char">34</td><td align="char">17&#x02013;44</td><td align="char">11</td><td align="char">33</td><td align="char">29</td><td align="char">25&#x02013;54</td></tr><tr><td align="left">Total</td><td align="char">21</td><td align="char">28.8</td><td align="char">28</td><td align="char">15&#x02013;55</td><td align="char">21</td><td align="char">33.3</td><td align="char">30</td><td align="char">25&#x02013;54</td></tr></tbody></table></table-wrap></floats-group></article>