<article xmlns:xlink="http://www.w3.org/1999/xlink" xmlns:mml="http://www.w3.org/1998/Math/MathML" article-type="research-article"><?properties open_access?><front><journal-meta><journal-id journal-id-type="nlm-ta">Immunol Lett</journal-id><journal-id journal-id-type="iso-abbrev">Immunol. Lett</journal-id><journal-title-group><journal-title>Immunology Letters</journal-title></journal-title-group><issn pub-type="ppub">0165-2478</issn><issn pub-type="epub">1879-0542</issn><publisher><publisher-name>Elsevier/North-Holland Biomedical Press</publisher-name></publisher></journal-meta><article-meta><article-id pub-id-type="pmid">24263053</article-id><article-id pub-id-type="pmc">3931270</article-id><article-id pub-id-type="publisher-id">S0165-2478(13)00172-7</article-id><article-id pub-id-type="doi">10.1016/j.imlet.2013.11.005</article-id><article-categories><subj-group subj-group-type="heading"><subject>Article</subject></subj-group></article-categories><title-group><article-title>Proximity of TCR and its CD8 coreceptor controls sensitivity of T cells<sup><xref ref-type="fn" rid="d32e92">&#x02606;</xref></sup></article-title></title-group><contrib-group><contrib contrib-type="author"><name><surname>Borger</surname><given-names>Jessica G.</given-names></name><xref rid="aff0005" ref-type="aff">a</xref></contrib><contrib contrib-type="author"><name><surname>Zamoyska</surname><given-names>Rose</given-names></name><xref rid="aff0005" ref-type="aff">a</xref></contrib><contrib contrib-type="author"><name><surname>Gakamsky</surname><given-names>Dmitry M.</given-names></name><email>D.Gakamsky@hw.ac.uk</email><email>gakamsky@yahoo.com</email><xref rid="aff0010" ref-type="aff">b</xref><xref rid="aff0015" ref-type="aff">c</xref><xref rid="cor0005" ref-type="corresp">&#x0204e;</xref></contrib></contrib-group><aff id="aff0005"><label>a</label>Institute of Immunology and Infection Research, The University of Edinburgh, Edinburgh EH9 3JT, UK</aff><aff id="aff0010"><label>b</label>Institute of Biological Chemistry, Biophysics and Bioengineering, School of Engineering and Physical Sciences, Heriot-Watt University, Edinburgh, EH14 4AS Scotland, UK</aff><aff id="aff0015"><label>c</label>Collaborative Optical Spectroscopy, Micromanipulation and Imaging Centre COSMIC, School of Physics and Astronomy, The University of Edinburgh, Mayfield Road, Edinburgh EH9 3JZ, UK</aff><author-notes><corresp id="cor0005"><label>&#x0204e;</label>Corresponding author at: Institute of Biological Chemistry, Biophysics and Bioengineering, School of Engineering and Physical Sciences, Heriot-Watt University, Edinburgh EH14 4AS, Scotland, UK. Tel.: +44 0 131 451 8463. <email>D.Gakamsky@hw.ac.uk</email><email>gakamsky@yahoo.com</email></corresp></author-notes><pub-date pub-type="pmc-release"><day>1</day><month>1</month><year>2014</year></pub-date><!-- PMC Release delay is 0 months and 0 days and was
					based on <pub-date pub-type="ppub">.--><pub-date pub-type="ppub"><month>1</month><year>2014</year></pub-date><volume>157</volume><issue>1-2</issue><fpage>16</fpage><lpage>22</lpage><history><date date-type="received"><day>30</day><month>9</month><year>2013</year></date><date date-type="rev-recd"><day>30</day><month>10</month><year>2013</year></date><date date-type="accepted"><day>4</day><month>11</month><year>2013</year></date></history><permissions><copyright-statement>&#x000a9; 2013 The Authors</copyright-statement><copyright-year>2013</copyright-year><license><license-p>This document may be redistributed and reused, subject to <ext-link ext-link-type="uri" xlink:href="http://www.elsevier.com/wps/find/authorsview.authors/supplementalterms1.0">certain conditions</ext-link>.</license-p></license></permissions><abstract><p>Spatial organisation of T cell receptor (TCR) and its coreceptor CD8 on the surface of live <italic>na&#x000ef;ve</italic> and Ag-experienced CD8<sup>+</sup> T cells was resolved by fluorescence lifetime cross-correlation microscopy. We found that exposure of <italic>na&#x000ef;ve</italic> CD8<sup>+</sup> T cells to antigen (Ag) causes formation of [TCR, CD8] functional ensembles on the cell surface which correlated with significantly enhanced sensitivity of these cells. In contrast, TCR and CD8 are randomly distributed on the surface of <italic>na&#x000ef;ve</italic> cells. Our model suggests that close proximity of TCR and CD8 can increase Ag sensitivity of T cells by significant accelerating the TCR&#x02013;peptide-major histocompatibility complex (pMHC) binding rate and stabilisation of this complex. We suggest that the proximity of these primary signalling molecules contributes to the mechanism of functional avidity maturation of CD8<sup>+</sup> T cells by switching them from a low to high sensitivity mode.</p></abstract><kwd-group><title>Abbreviations</title><kwd>TCR, T cell receptor</kwd><kwd>NSOM, near-field scanning optical microscopy</kwd><kwd>EM, electron microscopy</kwd><kwd>mAb, monoclonal antibody</kwd><kwd>Ag, antigen</kwd><kwd>CTL, cytotoxic T cell lymphocyte</kwd><kwd>LN, lymph node</kwd><kwd>FCS, fetal calf serum</kwd><kwd>APC, antigen presenting cell</kwd></kwd-group><kwd-group><title>Keywords</title><kwd>T cell receptor signalling</kwd><kwd>CD8 coreceptor</kwd><kwd>Antigen recognition</kwd><kwd>Functional avidity maturation</kwd><kwd>T cell sensitivity</kwd><kwd>Fluorescence lifetime cross-correlation microscopy</kwd></kwd-group></article-meta></front><body><sec id="sec0005"><label>1</label><title>Introduction</title><p>CD8<sup>+</sup> T cells can substantially increase in sensitivity in the course of immune response by the mechanism of functional avidity maturation <xref rid="bib0005 bib0010 bib0015" ref-type="bibr">[1&#x02013;3]</xref> to provide effective defence from re-infection <xref rid="bib0020" ref-type="bibr">[4]</xref>. The increase in sensitivity of T cells in contrast with B cells is not caused by the mechanism of somatic hypermutation <xref rid="bib0025" ref-type="bibr">[5]</xref>. Functional avidity maturation was explained in part by predominant expansion of clones with highest sensitivity to pMHC. However, cells expressing the same TCR can also increase sensitivity and become less dependent on CD28 co-stimulatory signal <xref rid="bib0030" ref-type="bibr">[6]</xref>. No correlation of T cell sensitivity with expression levels of the primary activation molecules (TCR and CD8) or adhesion molecules (LFA-1, CD2, CD43 and CD49d) was found <xref rid="bib0005" ref-type="bibr">[1]</xref>. All these findings suggested that that functional avidity maturation is caused by permanent changes in the signal transduction machinery regulating intermolecular events which follow the TCR&#x02013;pMHC interaction.</p><p>A critical role of Lck association with CD8 has been demonstrated <xref rid="bib0035 bib0040 bib0045 bib0050 bib0055" ref-type="bibr">[7&#x02013;11]</xref>. It was found that Lck mediated phosphorylation of immunotyrosine-based activation motifs of the cytoplasmatic tails of the CD3 is necessary for T cell signalling <xref rid="bib0060" ref-type="bibr">[12]</xref>. An important role for the alpha-chain connecting peptide motif in mediating TCR-CD8 cooperation was also shown <xref rid="bib0065" ref-type="bibr">[13]</xref></p><p>It is noteworthy that in vitro stimulation of na&#x000ef;ve T cells substantially increases the spatial coordination of the CD8 coreceptor and Lck which leads to more efficient organisation of the TCR signalling machinery <xref rid="bib0070" ref-type="bibr">[14]</xref>. In addition, co-capping CD8/TCR experiments suggested that optimal colocalisation of TCR and CD8 controls functional avidity of T cells <xref rid="bib0075" ref-type="bibr">[15]</xref>.</p><p>Our earlier real-time data on tetramer association with T cell clones and hybridomas <xref rid="bib0080 bib0085" ref-type="bibr">[16,17]</xref> led us to suggest a kinetic promotion mechanism of CD8 cooperation which requires a colocalisation of TCR and CD8 on the cell surface which was named the proximity model. We also found that CD8 can significantly stabilise the formed TCR&#x02013;pMHC complex. Disruption of rafts in the cellular membrane significantly slowed down the rate of tetramer association with T cells suggesting that the functional TCR and CD8 complexes reside in the cholesterol-rich domains <xref rid="bib0080" ref-type="bibr">[16]</xref>. Other studies investigating the involvement of CD8 in fine tuning of T cell sensitivity came to similar conclusions: namely that CD8 can influence both the TCR&#x02013;pMHC association and dissociation rate and improve the binding efficiency of T cells particularly those with low affinity TCR and the CD8 involvement in Ag recognition recruits the TCR&#x02013;pMHC complex to membrane microdomains where TCR mediated signalling steps proceed significantly faster <xref rid="bib0090 bib0095" ref-type="bibr">[18,19]</xref>.</p><p>Using near-field scanning optical microscopy (NSOM) the physical distribution of the TCR and CD8 on the surface of antibody stimulated Rhesus monkey peripheral blood T cells was examined and showed that TCR and CD8 were organised in nanoclusters on the cell surface. In contrast, in the same study, unstimulated primary cells had a random distribution of TCR and CD8 as single molecules or small clusters of 2&#x02013;4 molecules <xref rid="bib0100" ref-type="bibr">[20]</xref>. Furthermore, electron microscopy (EM) data showed that Ag-stimulated and memory T cells have more and larger TCR oligomers on the cell surface than their <italic>na&#x000ef;ve</italic> counterparts <xref rid="bib0105" ref-type="bibr">[21]</xref>. These data indicate that the distribution of TCR and CD8 varies between <italic>na&#x000ef;ve</italic> and antigen experienced cells although both above results were obtained in fixed cells. Nanoscale proximity of TCR and CD8 was also reported on the surface of unfixed low dose Ag-stimulated cells by fluorescence resonance energy transfer between CD8 labelled with a fluorescence donor and TCR labelled with a fluorescence acceptor by the interaction with a cognate pMHC ligand <xref rid="bib0110" ref-type="bibr">[22]</xref> however this interaction may bring about spatial coordination TCR and CD8.</p><p>Measurement of TCR and CD8 organisation in live cells represents a considerable experimental challenge. Here we employed fluorescence lifetime cross-correlation microscopy to measure the proximity of TCR and CD8 molecules in <italic>na&#x000ef;ve</italic> and Ag-experienced CD8<sup>+</sup> T cells. In contrast with NSOM or EM, this method does not require intensive labelling of the proteins which can disturb their organisation and allows the measurements at virtually non-invasive level of optical excitation in live cells. Our results show nearly total colocalisation of TCR with CD8 on the surface of Ag-experienced T cells but virtually their random distribution on the surface of <italic>na&#x000ef;ve</italic> cells. Based on these results we discuss a model which can explain, at least in part, the different sensitivity of <italic>na&#x000ef;ve</italic> and Ag-experienced cells and suggest that the proximity of these primary signalling molecules contributes to the mechanism of functional avidity maturation of CD8<sup>+</sup> T cells by switching them from a low to high sensitivity mode.</p></sec><sec sec-type="materials|methods" id="sec0010"><label>2</label><title>Materials and methods</title><sec id="sec0015"><label>2.1</label><title>Cells, antibodies and chemicals</title><p>Unless otherwise stated, all chemicals were purchased from Sigma&#x02013;Aldrich (Haverhill, UK). <italic>Na&#x000ef;ve</italic> T cells isolated from lymph nodes (LN) of 2&#x02013;4 months old RAG1<sup>&#x02212;/&#x02212;</sup> F5 transgenic mice <xref rid="bib0115" ref-type="bibr">[23]</xref> which recognise an influenza virus specific peptide in the context of H-2D<sup>b</sup>, were cultured in IMDM supplemented with 5% FCS, <sc>l</sc>-glutamine, 100&#x000a0;U/mL penicillin and streptomycin and 50&#x000a0;&#x003bc;M &#x003b2;-mercaptoethanol. Ag-experienced cells were produced by in vitro stimulation of <italic>na&#x000ef;ve</italic> F5 T cells with 100&#x000a0;nM NP68 peptide (ASNENMDAM) for 3 days, and then rested in 5&#x000a0;&#x003bc;g/mL IL-2 for 4&#x02013;10 days. Fab fragment preparation <xref rid="bib0120" ref-type="bibr">[24]</xref> was as follows: 1&#x000a0;mg of CD8&#x003b1;-specific (YTS 169.4) mAbs <xref rid="bib0125" ref-type="bibr">[25]</xref> was digested into Fab with immobilised papain (Thermo Fisher Scientific, Loughborough, UK) in digesting buffer (50&#x000a0;mM PBS, 0.01&#x000a0;M EDTA, 0.1&#x000a0;M cystein, papain, mAb/enzyme ratio 100:1). The Fab preparation was confirmed to form a single band of 50&#x000a0;kD on SDS-PAGE. A relative affinity of Fab was measured by FACS in a competition labelling assay with intact Fluorescein-labelled YTS 169.4&#x000a0;mAbs. Quantum dots (Qdot) Qdot655 and Qdot800 Streptavidin conjugates were purchased from Invitrogen (Paisley, UK). Biotinylated TCR&#x003b2; (H57-597) and CD8&#x003b1;-specific (YTS156.7.7) mAbs were purchased from BioLegend (London, UK).</p></sec><sec id="sec0020"><label>2.2</label><title>FACS measurements</title><p><italic>Na&#x000ef;ve</italic> cells from LNs or Ag-experienced cell cultures were washed once and resuspended in IMDM medium supplemented with 5% FCS, <sc>l</sc>-glutamine, 100&#x000a0;U/mL penicillin and streptomycin and 50&#x000a0;&#x003bc;M &#x003b2;-mercaptoethanol. Triplicate cultures at 5&#x000a0;&#x000d7;&#x000a0;10<sup>5</sup> cells per well were added in 50&#x000a0;&#x003bc;L to 96-well plates containing media supplemented with NP68 and with or without CD8&#x003b1;-specific Fab fragments and incubated for 3&#x000a0;h at 37&#x000b0;/5%CO<sub>2</sub>. Stimulated cells were stained with CD8-PerCP (53&#x02013;6.7), TCR&#x003b2;-FITC (H57-597) and CD69-FITC (H1.2F3) specific mAbs (eBioscience, Hatfield, UK). A minimum of 30,000 events was collected using an LSRII (BD Biosciences, Oxford, UK), and data were analysed with FlowJo software (Tree Star, Olten, Switzerland).</p></sec><sec id="sec0025"><label>2.3</label><title>Proximity measurements by fluorescence lifetime cross-correlation microscopy</title><p>For proximity correlation measurements cells were reacted with 1&#x000a0;nM of Qdot655-CD8&#x003b2; and Qdot800-TCR&#x003b2; specific mAb conjugates in 50&#x000a0;mM PBS 2% BSA, 0.1% NaN<sub>3</sub> pH 7.8 buffer at room temperature for 20&#x000a0;min. The conjugates were prepared in 50&#x000a0;mM Borate buffer, pH 8 by titration of streptavidin-coated Qdots with small fractions of biotinylated antibody to 60% of the total Qdot concentration to get less than 1 quantum dot: antibody stoichiometry. 3&#x000d7; washed cell samples were measured in the photon correlator module (<xref rid="fig0005" ref-type="fig">Fig. 1</xref>) attached to an Eclipse T2000 inverted fluorescence microscope (Nikon, Edinburgh, UK) through the C-mount port. Excitation light beam of a single mode fibre-coupled 405&#x000a0;nm picosecond laser (EPL405, Edinburgh Instruments, Livingston, UK) operated at 20&#x000a0;MHz was directed to the microscope through the back port and Dichroic beam splitter 1 (FF510-DiO1-25-36, Semrock, Laser 2000, Ringstead, UK) and focused on a sample by Fluor 100&#x000d7; Oil Immersion Objective, N.A. 1.3 (Nikon, Edinburgh, UK). Sample fluorescence separated from the excitation light by Dichroic beam splitter 1 was directed to the Photon Correlation Module, where it was filtered by 50&#x000a0;&#x003bc;m Pinhole and split into two channels by Dichroic beam splitter 2 (FF740-Di01-25-36 Semrock, Laser 2000, Ringstead, UK) to be detected by two Single-Photon Avalanche Diodes (SPAD, SPMC-AQR-13, PerkinElmer, Cambridge, UK) trough interference filters 655&#x000a0;nm (FF01-655/15-25 Semrock, Laser 2000, Ringstead, UK) and 800&#x000a0;nm (FF01-800/12-25 Semrock, Laser 2000, Ringstead, UK). Detector signals and laser reference pulses were measured by DPC-230 photon correlator operated in a Time-Tagged Time Correlated Single Photon Counting mode (Becker &#x00026; Hickl, Berlin, Germany). Exported to Matlab (MathWorks, Natick, MA) data were gated in the 3&#x02013;15&#x000a0;ns lifetime range to discriminate fluorescence background and calculate auto-and cross-correlation functions.</p><p>Autocorrelation function was calculated as<disp-formula id="eq0005"><label>(1)</label><mml:math id="M1" altimg="si1.gif" overflow="scroll"><mml:mrow><mml:mtable columnalign="left"><mml:mtr columnalign="left"><mml:mtd columnalign="left"><mml:mrow><mml:mi>G</mml:mi><mml:mo stretchy="false">(</mml:mo><mml:mi>&#x003c4;</mml:mi><mml:mo stretchy="false">)</mml:mo><mml:mo>=</mml:mo><mml:mi>G</mml:mi><mml:mo stretchy="false">(</mml:mo><mml:mn>0</mml:mn><mml:mo stretchy="false">)</mml:mo><mml:mo>&#x02211;</mml:mo><mml:mrow><mml:mi>n</mml:mi><mml:mo stretchy="false">(</mml:mo><mml:mi>t</mml:mi><mml:mo stretchy="false">)</mml:mo><mml:mo>&#x022c5;</mml:mo><mml:mi>n</mml:mi><mml:mo stretchy="false">(</mml:mo><mml:mi>t</mml:mi><mml:mo>+</mml:mo><mml:mi>&#x003c4;</mml:mi><mml:mo stretchy="false">)</mml:mo></mml:mrow><mml:mo>,</mml:mo></mml:mrow></mml:mtd></mml:mtr><mml:mtr columnalign="left"><mml:mtd columnalign="left"><mml:mrow><mml:mi>G</mml:mi><mml:mo stretchy="false">(</mml:mo><mml:mn>0</mml:mn><mml:mo stretchy="false">)</mml:mo><mml:mo>=</mml:mo><mml:mfrac><mml:mi>N</mml:mi><mml:mrow><mml:msubsup><mml:mi>N</mml:mi><mml:mi>p</mml:mi><mml:mn>2</mml:mn></mml:msubsup></mml:mrow></mml:mfrac><mml:mo>,</mml:mo></mml:mrow></mml:mtd></mml:mtr></mml:mtable></mml:mrow></mml:math></disp-formula>where <italic>n</italic>(<italic>t</italic>) and <italic>n</italic>(<italic>t</italic>&#x000a0;+&#x000a0;<italic>&#x003c4;</italic>) are 0 or 1, <italic>N</italic><sub><italic>p</italic></sub> is a total number of photons and <italic>N</italic> is a number of time-intervals (laser periods) in the fluctuation measurement. Cross-correlation between the first and second channels was calculated as<disp-formula id="eq0010"><label>(2)</label><mml:math id="M2" altimg="si2.gif" overflow="scroll"><mml:mrow><mml:mtable columnalign="left"><mml:mtr columnalign="left"><mml:mtd columnalign="left"><mml:mrow><mml:mi>G</mml:mi><mml:mmultiscripts><mml:mrow><mml:mo stretchy="false">(</mml:mo><mml:mi>&#x003c4;</mml:mi><mml:mo stretchy="false">)</mml:mo></mml:mrow><mml:none/><mml:none/><mml:mprescripts/><mml:mrow><mml:mn>12</mml:mn></mml:mrow><mml:none/></mml:mmultiscripts><mml:mo>=</mml:mo><mml:msub><mml:mi>G</mml:mi><mml:mrow><mml:mn>12</mml:mn></mml:mrow></mml:msub><mml:mo stretchy="false">(</mml:mo><mml:mn>0</mml:mn><mml:mo stretchy="false">)</mml:mo><mml:mo>&#x02211;</mml:mo><mml:mrow><mml:msub><mml:mi>n</mml:mi><mml:mn>1</mml:mn></mml:msub><mml:mo stretchy="false">(</mml:mo><mml:mi>t</mml:mi><mml:mo stretchy="false">)</mml:mo><mml:mo>&#x022c5;</mml:mo><mml:msub><mml:mi>n</mml:mi><mml:mn>2</mml:mn></mml:msub><mml:mo stretchy="false">(</mml:mo><mml:mi>t</mml:mi><mml:mo>+</mml:mo><mml:mi>&#x003c4;</mml:mi><mml:mo stretchy="false">)</mml:mo></mml:mrow></mml:mrow></mml:mtd></mml:mtr><mml:mtr columnalign="left"><mml:mtd columnalign="left"><mml:mrow><mml:msub><mml:mi>G</mml:mi><mml:mrow><mml:mn>12</mml:mn></mml:mrow></mml:msub><mml:mo stretchy="false">(</mml:mo><mml:mn>0</mml:mn><mml:mo stretchy="false">)</mml:mo><mml:mo>=</mml:mo><mml:mfrac><mml:mi>N</mml:mi><mml:mrow><mml:msub><mml:mi>N</mml:mi><mml:mrow><mml:mi>p</mml:mi><mml:mn>1</mml:mn></mml:mrow></mml:msub><mml:msub><mml:mi>N</mml:mi><mml:mrow><mml:mi>p</mml:mi><mml:mn>2</mml:mn></mml:mrow></mml:msub></mml:mrow></mml:mfrac></mml:mrow></mml:mtd></mml:mtr></mml:mtable></mml:mrow></mml:math></disp-formula>where <italic>N</italic><sub><italic>p</italic>1</sub> and <italic>N</italic><sub><italic>p</italic>2</sub> total numbers of photons in channels 1 and 2.</p><p>Relative concentration of a spatially coordinated components were calculated as<disp-formula id="eq0015"><label>(3)</label><mml:math id="M3" altimg="si3.gif" overflow="scroll"><mml:mrow><mml:msub><mml:mi>C</mml:mi><mml:mn>1</mml:mn></mml:msub><mml:mo>=</mml:mo><mml:mfrac><mml:mrow><mml:msub><mml:mi>G</mml:mi><mml:mn>2</mml:mn></mml:msub><mml:mo stretchy="false">(</mml:mo><mml:mn>0</mml:mn><mml:mo stretchy="false">)</mml:mo></mml:mrow><mml:mrow><mml:msub><mml:mi>G</mml:mi><mml:mrow><mml:mn>12</mml:mn></mml:mrow></mml:msub><mml:mo stretchy="false">(</mml:mo><mml:mn>0</mml:mn><mml:mo stretchy="false">)</mml:mo></mml:mrow></mml:mfrac><mml:mo>&#x022c5;</mml:mo><mml:mn>100</mml:mn><mml:mo>%</mml:mo><mml:mo>,</mml:mo><mml:mtext>&#x02003;</mml:mtext><mml:msub><mml:mi>C</mml:mi><mml:mn>2</mml:mn></mml:msub><mml:mo>=</mml:mo><mml:mfrac><mml:mrow><mml:msub><mml:mi>G</mml:mi><mml:mn>1</mml:mn></mml:msub><mml:mo stretchy="false">(</mml:mo><mml:mn>0</mml:mn><mml:mo stretchy="false">)</mml:mo></mml:mrow><mml:mrow><mml:msub><mml:mi>G</mml:mi><mml:mrow><mml:mn>12</mml:mn></mml:mrow></mml:msub><mml:mo stretchy="false">(</mml:mo><mml:mn>0</mml:mn><mml:mo stretchy="false">)</mml:mo></mml:mrow></mml:mfrac><mml:mo>&#x022c5;</mml:mo><mml:mn>100</mml:mn><mml:mo>%</mml:mo></mml:mrow></mml:math></disp-formula></p></sec></sec><sec sec-type="results" id="sec0030"><label>3</label><title>Results</title><sec id="sec0035"><label>3.1</label><title>Na&#x000ef;ve and antigen-experienced T-cells express similar levels of TCR and CD8</title><p>The aim of this study was to compare the spatial organisation of the TCR and CD8 in live <italic>na&#x000ef;ve</italic> versus Ag-experienced CD8<sup>+</sup> T cells and compare it with T cell sensitivity. Cells were obtained from a TCR transgenic mice in order to keep the TCR and CD8 constant. <italic>Na&#x000ef;ve</italic> T cells were obtained directly from LN of a transgenic F5 Rag1<sup>&#x02212;/&#x02212;</sup> mice and Ag-experienced cells were produced by in vitro stimulation of <italic>na&#x000ef;ve</italic> F5 T cells with NP68 peptide and then further cultured in presence of IL-2.</p><p>First we compared expression levels of TCR and CD8 in <italic>na&#x000ef;ve</italic> and Ag-experienced cells. Flow cytometry results of the cells reacted with labelled CD8 and TCR-specific mAbs show that Ag-experienced cells expressed slightly higher levels of these molecules than <italic>na&#x000ef;ve</italic> cells. However, Ag-experienced cells were also larger as evaluated from the forward scatter signal (<xref rid="fig0010" ref-type="fig">Fig. 2</xref>). Hence, the <italic>na&#x000ef;ve</italic> and Ag experienced cells showed similar average densities of TCR and CD8.</p></sec><sec id="sec0040"><label>3.2</label><title>Involvement of CD8 in Ag recognition strongly affects T cell sensitivity</title><p>Then we studied sensitivity of na&#x000ef;ve and Ag-experienced cells to Ag. CD69 is a convenient marker of T cell activation as its expression rapidly upregulates upon triggering of the TCR <xref rid="bib0130" ref-type="bibr">[26]</xref>. We employed this marker to compare the sensitivity of Ag-experienced and <italic>na&#x000ef;ve</italic> F5 T cells (<xref rid="fig0015" ref-type="fig">Fig. 3</xref>). As shown previously <xref rid="bib0135 bib0140" ref-type="bibr">[27,28]</xref> Ag-experienced F5 T cells are more sensitive to stimulation than <italic>na&#x000ef;ve</italic> F5 T cells. Half-maximal upregulation of CD69 in <italic>na&#x000ef;ve</italic> cells (black closed circles) occurred at &#x0223c;16-fold higher peptide concentration than in Ag-experienced cells (gray closed circles), i.e. Ag-experienced cells are &#x0223c;16-fold more sensitive than <italic>na&#x000ef;ve</italic> cells. To examine the extent to which CD8 binding to pMHC influences the sensitivity of F5 T cells we blocked the CD8-MHC interaction by Fab fragments (100&#x000a0;&#x003bc;g/mL) of a CD8&#x003b1;-specific mAb (YTS 169.4) before pulsing the cells with NP68 peptide. The Fab concentration required to block the CD8-MHC interaction was measured in a competition binding assay with intact YTS 169.4 antibody (Supplementary Fig. S1). The abrogation of the CD8-pMHC interaction brought about an &#x0223c;8-fold reduction in sensitivity of Ag-experienced cells compared to a &#x0223c;20-fold reduction in <italic>na&#x000ef;ve</italic> cells showing that CD8 strongly affects sensitivity to antigenic stimulation in the both cell types.</p></sec><sec id="sec0045"><label>3.3</label><title>TCR and CD8 spatial organisation</title><p>We employed fluorescence lifetime cross-correlation microscopy to investigate TCR and CD8 organisation on the surface of <italic>na&#x000ef;ve</italic> and Ag-experienced cells expressing the same TCR but having different sensitivity. T cells were reacted with mono-functionalised Qdots with either CD8 or TCR-specific mAb, which have non-overlapping emission spectra with maxima at 655&#x000a0;nm or 800&#x000a0;nm, to get optimal density of labelled TCR and CD8 molecules on the cell surface. Live cells were imaged through a 50&#x000a0;&#x003bc;m pinhole aperture and events caused by the passage of individual labelled molecules through the confocal volume were measured. In this manner associations between TCR and CD8 could be monitored as the coincident emission of both wavelengths if both molecules passed through the confocal volume together at the moment of excitation. The upper panels in <xref rid="fig0020" ref-type="fig">Fig. 4</xref> show typical fluctuation traces of emission intensity of CD8-Qdot655 (dash line) and TCR-Qdot800 (dots) on the surface of <italic>na&#x000ef;ve</italic> (left panel) and Ag-experienced (right panel) cells taken day 7 post-stimulation. The lower panels show auto-correlation functions of the QD655-CD8 (dash line) and QD800-TCR (dots) fluctuation signals and their cross-correlation function (solid line) for <italic>na&#x000ef;ve</italic> (left panel) and Ag-experienced (right panel) cells. Similar results were observed for Ag-experienced cells between days 5&#x02013;10 post-stimulation (data not shown). The cross-correlation trace (solid line) shows remarkable coincidences of TCR-Qdot800 and CD8-Qdot655 emission photons excited by the same or adjacent laser pulses in Ag-experienced cells only, indicating that, in this cell population most of the TCR molecules are colocalised with a CD8. In contrast, na&#x000ef;ve T cells show much lower level of colocalisation of these two molecules. The amplitudes of the auto-correlation functions can be used to calculate the average number (<italic>N</italic>) of labelled molecules present in the confocal volume: <italic>N</italic>&#x000a0;=&#x000a0;1/(<italic>G</italic>(0)&#x000a0;&#x02212;&#x000a0;<italic>G</italic>(<italic>&#x0221e;</italic>)), where <italic>G</italic>(0) and <italic>G</italic>(<italic>&#x0221e;</italic>) are the values of the auto-correlation function in 0 and <italic>&#x0221e;</italic> moments of time-delay. Thus, we calculate &#x0223c;10 CD8 and &#x0223c;1.4 TCR labelled molecules on the surface of both <italic>na&#x000ef;ve</italic> and Ag-experienced cells. Fractions of TCR and CD8 correlated molecules can be calculated using Eq. <xref rid="eq0015" ref-type="disp-formula">(3)</xref>. Averaging over 10 cells of each type gave (5&#x000a0;&#x000b1;&#x000a0;5%) colocalisation for <italic>na&#x000ef;ve</italic> cells and (90&#x000a0;&#x000b1;&#x000a0;10%) for Ag-experienced cells. Because the surface density of CD8 was 7-fold higher than that of TCR the TCR/CD8 colocalisation implies that a TCR is surrounded by one or several CD8 coreceptors.</p></sec></sec><sec sec-type="discussion" id="sec0050"><label>4</label><title>Discussion</title><p>The molecular mechanisms behind the functional affinity maturation of Ag-experienced T cells which endows them with increased sensitivity to stimulation by pMHC are not well understood. In this study we show a different cell surface spatial organisation of TCR and CD8 between live <italic>na&#x000ef;ve</italic> and Ag-experienced CD8<sup>+</sup> T cells. These molecules are present as preformed [TCR, CD8] functional ensembles on the surface of Ag-experienced cells while they are predominantly randomly distributed on the surface of <italic>na&#x000ef;ve</italic> T cells. Importantly, the surface density of TCR and CD8 were almost equal in both these cell types, so changes in molecular association were not due to alterations in relative abundance of the two proteins. The sensitivity of Ag-experienced cells was greatly reduced by reacting the cells with CD8&#x003b1;-specific Fab fragments known to abrogate the pMHC-CD8 interaction but to not affect expression levels of TCR or CD8 or concentrations of downstream signalling molecules. Hence, the T cell sensitivity is likely to be controlled by the proximity of CD8 and TCR which interact with pMHC at the very first steps of Ag recognition.</p><p>There is a significant difference in the interaction of TCR and CD8 with pMHC. The latter binds to the conservative &#x003b1;3 domain of the MHC heavy chain and to &#x003b2;<sub>2</sub>m whereas TCR binds to the pMHC antigenic epitope shaped by the peptide structure. The first interaction with the affinity range of 100&#x02013;200&#x000a0;&#x003bc;M is characterised by a relatively fast on-rate constant (&#x02265;10<sup>5</sup>&#x000a0;M<sup>&#x02212;1</sup>&#x000a0;s<sup>&#x02212;1</sup>) and weak temperature dependence <xref rid="bib0145 bib0150 bib0155" ref-type="bibr">[29&#x02013;31]</xref>. This binding rate complies with the rate predicted by the &#x0201c;grey spheres&#x0201d; model (5&#x000a0;&#x000d7;&#x000a0;10<sup>5</sup>&#x02013;5&#x000a0;&#x000d7;&#x000a0;10<sup>6</sup>&#x000a0;M<sup>&#x02212;1</sup>&#x000a0;s<sup>&#x02212;1</sup>) which is about an order of magnitude smaller than the diffusion controlled limit for globular proteins of this molecular mass, &#x0223c;10<sup>7</sup>&#x000a0;M<sup>&#x02212;1</sup>&#x000a0;s<sup>&#x02212;1</sup>, due to the geometrical factor accounting for their mutual orientation. In contrast, the interaction of TCR with non-self peptide-MHC class I restricted antigen is characterised by higher affinity (1&#x02013;50&#x000a0;&#x003bc;M) <xref rid="bib0150 bib0160" ref-type="bibr">[30,32]</xref> and may involve significant conformational adjustments of the TCR and pMHC binding sites <xref rid="bib0165 bib0170" ref-type="bibr">[33,34]</xref> proceeding in the millisecond range <xref rid="bib0175" ref-type="bibr">[35]</xref>. As a result this interaction has typically a slower on-rate constant (10<sup>2</sup>&#x02013;10<sup>4</sup>&#x000a0;M<sup>&#x02212;1</sup>&#x000a0;s<sup>&#x02212;1</sup>) and is temperature dependent <xref rid="bib0180 bib0185 bib0190" ref-type="bibr">[36&#x02013;38]</xref>. Namely this interaction endows the specificity to Ag whereas CD8 can just facilitate antigen recognition and is not always necessary. The binding sites of these two interactions on pMHC are spatially separated by &#x0223c;4&#x000a0;nM and no cooperativity was observed in binding of soluble CD8 and TCR to the same pMHC ligand <xref rid="bib0155" ref-type="bibr">[31]</xref>. Nevertheless a cooperation between TCR and CD8 expressed on the cell surface has been reported <xref rid="bib0160 bib0195" ref-type="bibr">[32,39]</xref>. Indeed, being anchored in the cell surface membrane and bound to the same pMHC ligand the CD8-MHC interaction can stabilise the TCR&#x02013;pMHC complex by increasing its rebinding probability. This mechanism has been discussed in the literature <xref rid="bib0160 bib0200" ref-type="bibr">[32,40]</xref> and considered as the major mechanism of CD8 cooperation.</p><p>Another less obvious mechanism of CD8 cooperation is a possibility to affect the binding rate of the TCR&#x02013;pMHC interaction. Assume that a T cell forms a stable contact interface with an APC and both TCR and CD8 can interact with the same pMHC ligand by a two-step reversible reaction mechanism which can proceed by one of the following reaction schemes starting either with the association of pMHC with CD8 (Eq. <xref rid="eq0020" ref-type="disp-formula">(4)</xref>) or with TCR (Eq. <xref rid="eq0025" ref-type="disp-formula">(5)</xref>). For both these reaction schemes the first step forward rate constants, <italic>k</italic><sub>1</sub> or <italic>k</italic><sub>3</sub>, are proportional to the surface densities of pMHC and TCR or CD8, and on-rate constants of pMHC-CD8 (<inline-formula><mml:math id="M4" altimg="si4.gif" overflow="scroll"><mml:mrow><mml:msubsup><mml:mi>k</mml:mi><mml:mrow><mml:mi>o</mml:mi><mml:mi>n</mml:mi></mml:mrow><mml:mrow><mml:mtext>pMHC-CD8</mml:mtext></mml:mrow></mml:msubsup></mml:mrow></mml:math></inline-formula>) or pMHC&#x02013;TCR (<inline-formula><mml:math id="M5" altimg="si5.gif" overflow="scroll"><mml:mrow><mml:msubsup><mml:mi>k</mml:mi><mml:mrow><mml:mi>o</mml:mi><mml:mi>n</mml:mi></mml:mrow><mml:mrow><mml:mtext>pMHC-TCR</mml:mtext></mml:mrow></mml:msubsup></mml:mrow></mml:math></inline-formula>) interactions respectively (Eqs. <xref rid="eq0030 eq0035" ref-type="disp-formula">(6) and (7)</xref>). For simplicity we assume that TCR and CD8 form a functional ensemble [TCR, CD8] with the minimal (1:1) stoichiometry when TCR and CD8 have equal local surface density. Hence, <italic>k</italic><sub>1</sub> and <italic>k</italic><sub>3</sub> differ only by the on-rate constants of the pMHC-CD8 or pMHC-TCR interactions. CD8 binds pMHC much faster than TCR and hence the first step operates faster in the first reaction scheme. If TCR and CD8 are colocalised at a short enough distance (&#x02264;5&#x000a0;nm), at which they can form a ternary complex with pMHC without involvement of lateral diffusion, their local surface density is to be &#x02265;4&#x000a0;&#x000d7;&#x000a0;10<sup>4</sup>&#x000a0;molecules/&#x003bc;m<sup>2</sup>. At such a high density the forward rate constants <italic>k</italic><sub>2</sub> or <italic>k</italic><sub>4</sub> of the second step will be considerably faster than the corresponding first step backward rate constant, i.e. <italic>k</italic><sub>2</sub>&#x000a0;&#x0226b;&#x000a0;<italic>k</italic><sub>&#x02212;1</sub> and <italic>k</italic><sub>4</sub>&#x000a0;&#x0226b;&#x000a0;<italic>k</italic><sub>&#x02212;3</sub>. Hence, in both these cases the overall forward rate constants (Eq. <xref rid="eq0040" ref-type="disp-formula">(8)</xref>) will be close to the corresponding forward rate constants of the first step, i.e. in the first case to the rate of the CD8-pMHC binding (<inline-formula><mml:math id="M6" altimg="si6.gif" overflow="scroll"><mml:mrow><mml:msubsup><mml:mi>k</mml:mi><mml:mrow><mml:mi>o</mml:mi><mml:mi>n</mml:mi></mml:mrow><mml:mn>1</mml:mn></mml:msubsup><mml:mo>&#x02248;</mml:mo><mml:msub><mml:mi>k</mml:mi><mml:mn>1</mml:mn></mml:msub></mml:mrow></mml:math></inline-formula>) and in the second case to the rate of the TCR&#x02013;pMHC binding (<inline-formula><mml:math id="M7" altimg="si7.gif" overflow="scroll"><mml:mrow><mml:msubsup><mml:mi>k</mml:mi><mml:mrow><mml:mi>o</mml:mi><mml:mi>n</mml:mi></mml:mrow><mml:mn>2</mml:mn></mml:msubsup><mml:mo>&#x02248;</mml:mo><mml:msub><mml:mi>k</mml:mi><mml:mn>3</mml:mn></mml:msub></mml:mrow></mml:math></inline-formula>). Because <italic>k</italic><sub>1</sub><italic>&#x000a0;&#x0003e;&#x000a0;k</italic><sub>3</sub>, the first reaction route dominates in the formation of the pMHC&#x000b7;CD8&#x000b7;TCR ternary complex and the major fraction of pMHC will bind TCR at the rate of association of CD8 with pMHC (<italic>k</italic><sub>1</sub>), i.e. significantly faster than it would be without the CD8 cooperation (<italic>k</italic><sub>3</sub>).<disp-formula id="eq0020"><label>(4)</label><mml:math id="M8" altimg="si8.gif" overflow="scroll"><mml:mrow><mml:mtext>pMHC</mml:mtext><mml:mo>+</mml:mo><mml:mtext>CD</mml:mtext><mml:mn>8</mml:mn><mml:munderover><mml:mstyle displaystyle="true"><mml:mo>&#x02194;</mml:mo></mml:mstyle><mml:mrow><mml:msub><mml:mi>k</mml:mi><mml:mrow><mml:mo>&#x02212;</mml:mo><mml:mn>1</mml:mn></mml:mrow></mml:msub></mml:mrow><mml:mrow><mml:msub><mml:mi>k</mml:mi><mml:mn>1</mml:mn></mml:msub></mml:mrow></mml:munderover><mml:mtext>MHC</mml:mtext><mml:mo>&#x022c5;</mml:mo><mml:mtext>CD</mml:mtext><mml:mn>8</mml:mn><mml:mo>+</mml:mo><mml:mtext>TCR</mml:mtext><mml:munderover><mml:mstyle displaystyle="true"><mml:mo>&#x02194;</mml:mo></mml:mstyle><mml:mrow><mml:msub><mml:mi>k</mml:mi><mml:mrow><mml:mo>&#x02212;</mml:mo><mml:mn>2</mml:mn></mml:mrow></mml:msub></mml:mrow><mml:mrow><mml:msub><mml:mi>k</mml:mi><mml:mn>2</mml:mn></mml:msub></mml:mrow></mml:munderover><mml:mtext>pMHC</mml:mtext><mml:mo>&#x022c5;</mml:mo><mml:mtext>CD</mml:mtext><mml:mn>8</mml:mn><mml:mo>&#x022c5;</mml:mo><mml:mtext>TCR</mml:mtext></mml:mrow></mml:math></disp-formula><disp-formula id="eq0025"><label>(5)</label><mml:math id="M9" altimg="si9.gif" overflow="scroll"><mml:mrow><mml:mtext>pMHC</mml:mtext><mml:mo>+</mml:mo><mml:mtext>TCR</mml:mtext><mml:munderover><mml:mstyle displaystyle="true"><mml:mo>&#x02194;</mml:mo></mml:mstyle><mml:mrow><mml:msub><mml:mi>k</mml:mi><mml:mrow><mml:mo>&#x02212;</mml:mo><mml:mn>3</mml:mn></mml:mrow></mml:msub></mml:mrow><mml:mrow><mml:msub><mml:mi>k</mml:mi><mml:mn>3</mml:mn></mml:msub></mml:mrow></mml:munderover><mml:mtext>MHC</mml:mtext><mml:mo>&#x022c5;</mml:mo><mml:mtext>TCR</mml:mtext><mml:mo>+</mml:mo><mml:mtext>CD</mml:mtext><mml:mn>8</mml:mn><mml:munderover><mml:mstyle displaystyle="true"><mml:mo>&#x02194;</mml:mo></mml:mstyle><mml:mrow><mml:msub><mml:mi>k</mml:mi><mml:mrow><mml:mo>&#x02212;</mml:mo><mml:mn>4</mml:mn></mml:mrow></mml:msub></mml:mrow><mml:mrow><mml:msub><mml:mi>k</mml:mi><mml:mn>4</mml:mn></mml:msub></mml:mrow></mml:munderover><mml:mtext>pMHC</mml:mtext><mml:mo>&#x022c5;</mml:mo><mml:mtext>CD</mml:mtext><mml:mn>8</mml:mn><mml:mo>&#x022c5;</mml:mo><mml:mtext>TCR</mml:mtext></mml:mrow></mml:math></disp-formula><disp-formula id="eq0030"><label>(6)</label><mml:math id="M10" altimg="si10.gif" overflow="scroll"><mml:mrow><mml:msub><mml:mi>k</mml:mi><mml:mn>1</mml:mn></mml:msub><mml:mo>=</mml:mo><mml:mo stretchy="false">[</mml:mo><mml:mtext>pMHC</mml:mtext><mml:mo stretchy="false">]</mml:mo><mml:mo>&#x022c5;</mml:mo><mml:mo stretchy="false">[</mml:mo><mml:mtext>CD</mml:mtext><mml:mn>8</mml:mn><mml:mo stretchy="false">]</mml:mo><mml:mo>&#x022c5;</mml:mo><mml:msubsup><mml:mi>k</mml:mi><mml:mrow><mml:mi>o</mml:mi><mml:mi>n</mml:mi></mml:mrow><mml:mrow><mml:mtext>pMHC</mml:mtext><mml:mo>-</mml:mo><mml:mtext>CD</mml:mtext><mml:mn>8</mml:mn></mml:mrow></mml:msubsup></mml:mrow></mml:math></disp-formula><disp-formula id="eq0035"><label>(7)</label><mml:math id="M11" altimg="si11.gif" overflow="scroll"><mml:mrow><mml:msub><mml:mi>k</mml:mi><mml:mn>3</mml:mn></mml:msub><mml:mo>=</mml:mo><mml:mo stretchy="false">[</mml:mo><mml:mtext>pMHC</mml:mtext><mml:mo stretchy="false">]</mml:mo><mml:mo>&#x022c5;</mml:mo><mml:mo stretchy="false">[</mml:mo><mml:mtext>TCR</mml:mtext><mml:mo stretchy="false">]</mml:mo><mml:mo>&#x022c5;</mml:mo><mml:msubsup><mml:mi>k</mml:mi><mml:mrow><mml:mi>o</mml:mi><mml:mi>n</mml:mi></mml:mrow><mml:mrow><mml:mtext>pMHC</mml:mtext><mml:mo>&#x02212;</mml:mo><mml:mtext>TCR</mml:mtext></mml:mrow></mml:msubsup></mml:mrow></mml:math></disp-formula><disp-formula id="eq0040"><label>(8)</label><mml:math id="M12" altimg="si12.gif" overflow="scroll"><mml:mrow><mml:msubsup><mml:mi>k</mml:mi><mml:mrow><mml:mi>o</mml:mi><mml:mi>n</mml:mi></mml:mrow><mml:mn>1</mml:mn></mml:msubsup><mml:mo>=</mml:mo><mml:mfrac><mml:mrow><mml:msub><mml:mi>k</mml:mi><mml:mn>1</mml:mn></mml:msub></mml:mrow><mml:mrow><mml:mn>1</mml:mn><mml:mo>+</mml:mo><mml:mo stretchy="false">(</mml:mo><mml:msub><mml:mi>k</mml:mi><mml:mrow><mml:mo>&#x02212;</mml:mo><mml:mn>1</mml:mn></mml:mrow></mml:msub><mml:mo>/</mml:mo><mml:msub><mml:mi>k</mml:mi><mml:mn>2</mml:mn></mml:msub><mml:mo stretchy="false">)</mml:mo></mml:mrow></mml:mfrac><mml:mo>,</mml:mo><mml:mtext>&#x02003;</mml:mtext><mml:msubsup><mml:mi>k</mml:mi><mml:mrow><mml:mi>o</mml:mi><mml:mi>n</mml:mi></mml:mrow><mml:mn>2</mml:mn></mml:msubsup><mml:mo>=</mml:mo><mml:mfrac><mml:mrow><mml:msub><mml:mi>k</mml:mi><mml:mn>3</mml:mn></mml:msub></mml:mrow><mml:mrow><mml:mn>1</mml:mn><mml:mo>+</mml:mo><mml:mo stretchy="false">(</mml:mo><mml:msub><mml:mi>k</mml:mi><mml:mrow><mml:mo>&#x02212;</mml:mo><mml:mn>3</mml:mn></mml:mrow></mml:msub><mml:mo>/</mml:mo><mml:msub><mml:mi>k</mml:mi><mml:mn>4</mml:mn></mml:msub><mml:mo stretchy="false">)</mml:mo></mml:mrow></mml:mfrac></mml:mrow></mml:math></disp-formula>A different scenario is expected if TCR and CD8 are randomly distributed on the cell surface and separated such far that the formation of TCR&#x000b7;pMHC&#x000b7;CD8 ternary complex requires lateral diffusion. In this case the time between the first (pMHC-TCR or pMHC-CD8) and the second (TCR&#x000b7;pMHC-CD8 or CD8&#x000b7;pMHC-TCR) binding steps is expected to be &#x0223c;0.014&#x000a0;s <xref rid="bib0080" ref-type="bibr">[16]</xref>. The reciprocal of this value gives the frequency factor of the TCR&#x02013;pMHC on-rate constant &#x0223c;70&#x000a0;s<sup>&#x02212;1</sup>. Thus, the second step on-rate constant in the first reaction scheme being a product of the frequency factor by the geometrical (&#x0223c;10<sup>&#x02212;1</sup>) and activation energy factors (&#x0223c;10<sup>&#x02212;2</sup>) will be &#x02264;0.1&#x000a0;s<sup>&#x02212;1</sup>, whereas the dissociation rate constant of the CD8&#x000b7;pMHC complex is &#x0223c;10&#x000a0;s<sup>&#x02212;1</sup>, i.e. <italic>k</italic><sub>&#x02212;1</sub>&#x000a0;&#x0226b;&#x000a0;<italic>k</italic><sub>2</sub>. In contrast, the off-rate constant of the first step <italic>k</italic><sub>&#x02212;3</sub> in the second reaction scheme is 0.1&#x000a0;&#x02212;&#x000a0;1&#x000a0;s<sup>&#x02212;1</sup> and the on-rate constant of the second step <italic>k</italic><sub>4</sub> is &#x0223c;1&#x000a0;s<sup>&#x02212;1</sup> (because the activation energy factor for the CD8&#x000b7;pMHC interaction is at least 10-fold larger and than that of the TCR&#x02013;pMHC interaction) and hence <italic>k</italic><sub>&#x02212;3</sub>&#x000a0;&#x02264;&#x000a0;<italic>k</italic><sub>4</sub>. Thus, for randomly distributed TCR and CD8 the second reaction scheme (Eq. <xref rid="eq0025" ref-type="disp-formula">(5)</xref>) predominantly operates where pMHC binds first to TCR and then CD8 binds to this complex. Hence, in this case CD8 can only stabilise the already formed TCR&#x02013;pMHC complex by binding to the same pMHC ligand and getting thereby spatially coordinated with the TCR.</p><p>Summarising the reaction mechanism we note that the formation of [TCR, CD8] functional ensembles can significantly accelerate the binding of pMHC and TCR and switch thereby a T cell to a high sensitivity mode. Importantly, the model predicts that all pMHC ligands irrespective of peptide structure will bind TCR with nearly the same rate close to the rate of the CD8-pMHC association. This high sensitivity mode is more important for slow binding pMHC ligands and less so for those which bind TCR with rate constants comparable with that of the CD8-pMHC interaction, i.e. T cell clones can be more or less CD8-dependent.</p><p>In respect to a pMHC ligand a [TCR, CD8] functional ensemble can be considered as a bivalent receptor. However, in contrast with B cell receptor affinities of its binding sites are not equal. A question arises why the evolution developed the mechanism of non-constitutive association of TCR and CD8 to enhance the TCR&#x02013;pMHC interaction instead of including CD8 into the TCR complex or by increasing TCR affinity? It is apparently because the proximity mechanism allows fine tuning of T cell sensitivity by the possibility to regulate the fraction of functional [TCR, CD8] ensembles and optimise the strength of immune response. Any structural changes in the binding site of a clonally preselected TCR may extend the TCR repertoire and increase the risk of autoimmunity. In contrast, the proximity mechanism does not affect the T cell repertoire but only kinetically promotes the binding of pMHC to TCR by giving an equal chance to any pMHC ligand to produce a transient complex with a TCR with a similar rate constant independently of its structure. At the same time the possibility that a stable TCR&#x02013;pMHC complex will be formed is strictly determined by the structure of the pMHC antigenic epitope.</p><p>Affinity of the CD8-pMHC interaction should be significantly lower than that of a TCR-cognate pMHC interaction to maintain peptide Ag specificity of the TCR&#x02013;pMHC interaction <xref rid="bib0205 bib0210" ref-type="bibr">[41,42]</xref>. This is consistent with our model which suggests that the major role of this interaction is not to stabilise the TCR&#x02013;pMHC complex but to provide the highest robustness of Ag screening on the surface of APC by stopping every pMHC ligand in front of a TCR and giving to it an equal chance to produce a stable TCR&#x02013;pMHC complex with a lifetime longer than a threshold of Ag recognition. To provide the highest robustness of the Ag screening CD8 should bind pMHC as quickly as possible and the on-rate constant &#x02265;10<sup>5</sup>&#x000a0;M<sup>&#x02212;1</sup>&#x000a0;s<sup>&#x02212;1</sup> is apparently the maximal rate which can be achieved for binding of these two globular proteins. Thus, lifetime of this complex should be long enough to facilitate the formation of a TCR&#x000b7;pMHC complex which in some cases involves millisecond conformational adjustments <xref rid="bib0175" ref-type="bibr">[35]</xref> but on the other hand it should not be too long to avoid increasing the lifetime of the CD8&#x000b7;pMHC&#x000b7;TCR ternary complexes with non-cognate ligands which comprise the major fraction of the pMHC population on the surface of APCs and to not largely reduce in the number of non-engaged TCRs available for Ag recognition. Thus, the delicate balance between CD8-pMHC and TCR&#x02013;pMHC affinities and the proximity of TCR and CD8 are key factors providing the highest robustness to Ag recognition without compromising its specificity. Lifetime of the CD8-pMHC complex in the range of 50&#x02013;100&#x000a0;ms is apparently a reasonable trade-off for the above conditions which gives the 100&#x02013;200&#x000a0;&#x003bc;M range of CD8-pMHC affinity.</p><p>Our data show that blocking the CD8-pMHC interaction significantly reduces sensitivity of Ag-experiences cells in accord with the prediction of the kinetic model. However the sensitivity did not decrease to the level of sensitivity of <italic>na&#x000ef;ve</italic> cells. This suggests that together with the spatial CD8-TCR coordination there are other mechanisms affecting sensitivity of T cells. We know that TCRs can form nanoclusters on the surface of Ag-experienced cells <xref rid="bib0100 bib0105" ref-type="bibr">[20,21]</xref> and this differs them from <italic>na&#x000ef;ve</italic> cells. Assembling of TCR into nanoclusters increases their local density and consequently the probability of pMHC rebinding, which can also contribute to the sensitivity of Ag-experienced cells.</p><p>Previously we showed that CD8-pMHC interaction plays an important role in binding of Qdot-based pMHC nano-sensors to Ag-experienced T cells: the nano-sensors can bind to T cells even when all MHC molecules are &#x0201c;loaded&#x0201d; with a non-cognate peptide but do not bind when the CD8-MHC interaction was abrogated by a mutation in the &#x003b1;3 domain of the MHC heavy chain <xref rid="bib0215" ref-type="bibr">[43]</xref>. This means that CD8 also plays a role of adhesion molecule in the formation of T cell&#x02013;APC contacts. We suggest that the random distribution of TCR on the surface of <italic>na&#x000ef;ve</italic> cells makes this role even more important for <italic>na&#x000ef;ve</italic> cells whereas in Ag-experienced cells the blockage of the CD8-MHC interaction can be partially compensated by a higher rebinding probability of pMHC to a TCR nanocluster. Therefore, <italic>na&#x000ef;ve</italic> cells greatly loose their capacity to form stable contacts with APCs without the CD8-MHC interaction and their sensitivity dramatically decreases. In addition, the abrogation of CD8-MHC interaction can also reduce lifetime of TCR&#x02013;pMHC complex which is likely to be me more important for <italic>na&#x000ef;ve</italic> cells.</p><p>In conclusion we note that the spatial organisation of the primary signalling molecules is formed in <italic>na&#x000ef;ve</italic> CD8<sup>+</sup> T cells by the interaction with Ag and remains over the lifespan of these cells. The proximity of TCR and CD8 increases the rate of Ag recognition and increases thereby the sensitivity of T cells. Detailed molecular mechanisms controlling TCR and CD8 organisation and the switching of T cells from a low to high sensitivity mode are yet to be elucidated.</p></sec></body><back><ref-list><title>References</title><ref id="bib0005"><label>1</label><element-citation publication-type="journal" id="sbref0005"><person-group person-group-type="author"><name><surname>Slifka</surname><given-names>M.K.</given-names></name><name><surname>Whitton</surname><given-names>J.L.</given-names></name></person-group><article-title>Functional avidity maturation of CD8(+) T cells without selection of higher affinity TCR</article-title><source>Nat Immunol</source><volume>2</volume><year>2001</year><fpage>711</fpage><lpage>717</lpage><pub-id pub-id-type="pmid">11477407</pub-id></element-citation></ref><ref id="bib0010"><label>2</label><element-citation publication-type="journal" id="sbref0010"><person-group person-group-type="author"><name><surname>Walker</surname><given-names>L.J.</given-names></name><name><surname>Sewell</surname><given-names>A.K.</given-names></name><name><surname>Klenerman</surname><given-names>P.</given-names></name></person-group><article-title>T cell sensitivity and the outcome of viral infection</article-title><source>Clin Exp Immunol</source><volume>159</volume><year>2010</year><fpage>245</fpage><lpage>255</lpage><pub-id pub-id-type="pmid">19968665</pub-id></element-citation></ref><ref id="bib0015"><label>3</label><element-citation publication-type="journal" id="sbref0015"><person-group person-group-type="author"><name><surname>von Essen</surname><given-names>M.R.</given-names></name><name><surname>Kongsbak</surname><given-names>M.</given-names></name><name><surname>Geisler</surname><given-names>C.</given-names></name></person-group><article-title>Mechanisms behind functional avidity maturation in T cells</article-title><source>Clin Dev Immunol</source><year>2012</year><comment>8 pp. [Article ID 163453]</comment></element-citation></ref><ref id="bib0020"><label>4</label><element-citation publication-type="journal" id="sbref0020"><person-group person-group-type="author"><name><surname>Cho</surname><given-names>B.K.</given-names></name><name><surname>Wang</surname><given-names>C.</given-names></name><name><surname>Sugawa</surname><given-names>S.</given-names></name><name><surname>Eisen</surname><given-names>H.N.</given-names></name></person-group><article-title>Functional differences between memory and naive CD8 T cells</article-title><source>Proc Natl Acad Sci U S A</source><volume>96</volume><year>1999</year><fpage>2976</fpage><lpage>2981</lpage><pub-id pub-id-type="pmid">10077622</pub-id></element-citation></ref><ref id="bib0025"><label>5</label><element-citation publication-type="journal" id="sbref0025"><person-group person-group-type="author"><name><surname>Peled</surname><given-names>J.U.</given-names></name><name><surname>Kuang</surname><given-names>F.L.</given-names></name><name><surname>Iglesias-Ussel</surname><given-names>M.D.</given-names></name><name><surname>Roa</surname><given-names>S.</given-names></name></person-group><article-title>The biochemistry of somatic hypermutation</article-title><source>Annu Rev Immunol</source><volume>26</volume><year>2008</year><fpage>481</fpage><lpage>511</lpage><pub-id pub-id-type="pmid">18304001</pub-id></element-citation></ref><ref id="bib0030"><label>6</label><element-citation publication-type="journal" id="sbref0030"><person-group person-group-type="author"><name><surname>Flynn</surname><given-names>K.</given-names></name><name><surname>Mullbacher</surname><given-names>A.</given-names></name></person-group><article-title>Memory alloreactive cytotoxic T cells do not require costimulation for activation in vitro</article-title><source>Immunol Cell Biol</source><volume>74</volume><year>1996</year><fpage>413</fpage><lpage>420</lpage><pub-id pub-id-type="pmid">8912004</pub-id></element-citation></ref><ref id="bib0035"><label>7</label><element-citation publication-type="journal" id="sbref0035"><person-group person-group-type="author"><name><surname>Veillette</surname><given-names>A.</given-names></name><name><surname>Bookman</surname><given-names>M.A.</given-names></name><name><surname>Horak</surname><given-names>E.M.</given-names></name><name><surname>Bolen</surname><given-names>J.B.</given-names></name></person-group><article-title>The CD4 and CD8 T cell surface antigens are associated with the internal membrane tyrosine-protein kinase p56lck</article-title><source>Cell</source><volume>55</volume><year>1988</year><fpage>301</fpage><lpage>308</lpage><pub-id pub-id-type="pmid">3262426</pub-id></element-citation></ref><ref id="bib0040"><label>8</label><element-citation publication-type="journal" id="sbref0040"><person-group person-group-type="author"><name><surname>Molina</surname><given-names>T.J.</given-names></name><name><surname>Kishihara</surname><given-names>K.</given-names></name><name><surname>Siderovski</surname><given-names>D.P.</given-names></name><name><surname>van Ewijk</surname><given-names>W.</given-names></name></person-group><article-title>Profound block in thymocyte development in mice lacking p56lck</article-title><source>Nature</source><volume>357</volume><year>1992</year><fpage>161</fpage><lpage>164</lpage><pub-id pub-id-type="pmid">1579166</pub-id></element-citation></ref><ref id="bib0045"><label>9</label><element-citation publication-type="journal" id="sbref0045"><person-group person-group-type="author"><name><surname>Barber</surname><given-names>E.K.</given-names></name><name><surname>Dasgupta</surname><given-names>J.D.</given-names></name><name><surname>Schlossman</surname><given-names>S.F.</given-names></name><name><surname>Trevillyan</surname><given-names>J.M.</given-names></name></person-group><article-title>The CD4 and CD8 antigens are coupled to a protein-tyrosine kinase (p56lck) that phosphorylates the CD3 complex</article-title><source>Proc Natl Acad Sci U S A</source><volume>86</volume><year>1989</year><fpage>3277</fpage><lpage>3281</lpage><pub-id pub-id-type="pmid">2470098</pub-id></element-citation></ref><ref id="bib0050"><label>10</label><element-citation publication-type="journal" id="sbref0050"><person-group person-group-type="author"><name><surname>Lovatt</surname><given-names>M.</given-names></name><name><surname>Filby</surname><given-names>A.</given-names></name><name><surname>Parravicini</surname><given-names>V.</given-names></name><name><surname>Werlen</surname><given-names>G.</given-names></name></person-group><article-title>Lck regulates the threshold of activation in primary T cells, while both Lck and Fyn contribute to the magnitude of the extracellular signal-related kinase response</article-title><source>Mol Cell Biol</source><volume>26</volume><year>2006</year><fpage>8655</fpage><lpage>8665</lpage><pub-id pub-id-type="pmid">16966372</pub-id></element-citation></ref><ref id="bib0055"><label>11</label><element-citation publication-type="journal" id="sbref0055"><person-group person-group-type="author"><name><surname>Salmond</surname><given-names>R.J.</given-names></name><name><surname>Filby</surname><given-names>A.</given-names></name><name><surname>Qureshi</surname><given-names>I.</given-names></name><name><surname>Caserta</surname><given-names>S.</given-names></name></person-group><article-title>T-cell receptor proximal signaling via the Src-family kinases, Lck and Fyn, influences T-cell activation, differentiation, and tolerance</article-title><source>Immunol Rev</source><volume>228</volume><year>2009</year><fpage>9</fpage><lpage>22</lpage><pub-id pub-id-type="pmid">19290918</pub-id></element-citation></ref><ref id="bib0060"><label>12</label><element-citation publication-type="journal" id="sbref0060"><person-group person-group-type="author"><name><surname>Palacios</surname><given-names>E.H.</given-names></name><name><surname>Weiss</surname><given-names>A.</given-names></name></person-group><article-title>Function of the Src-family kinases, Lck and Fyn, in T-cell development and activation</article-title><source>Oncogene</source><volume>23</volume><year>2004</year><fpage>7990</fpage><lpage>8000</lpage><pub-id pub-id-type="pmid">15489916</pub-id></element-citation></ref><ref id="bib0065"><label>13</label><element-citation publication-type="journal" id="sbref0065"><person-group person-group-type="author"><name><surname>Naeher</surname><given-names>D.</given-names></name><name><surname>Luescher</surname><given-names>I.F.</given-names></name><name><surname>Palmer</surname><given-names>E.</given-names></name></person-group><article-title>A role for the alpha-chain connecting peptide motif in mediating TCR-CD8 cooperation</article-title><source>J Immunol</source><volume>169</volume><year>2002</year><fpage>2964</fpage><lpage>2970</lpage><pub-id pub-id-type="pmid">12218110</pub-id></element-citation></ref><ref id="bib0070"><label>14</label><element-citation publication-type="journal" id="sbref0070"><person-group person-group-type="author"><name><surname>Bachmann</surname><given-names>M.F.</given-names></name><name><surname>Gallimore</surname><given-names>A.</given-names></name><name><surname>Linkert</surname><given-names>S.</given-names></name><name><surname>Cerundolo</surname><given-names>V.</given-names></name></person-group><article-title>Developmental regulation of Lck targeting to the CD8 coreceptor controls signaling in naive and memory T cells</article-title><source>J Exp Med</source><volume>189</volume><year>1999</year><fpage>1521</fpage><lpage>1530</lpage><pub-id pub-id-type="pmid">10330431</pub-id></element-citation></ref><ref id="bib0075"><label>15</label><element-citation publication-type="journal" id="sbref0075"><person-group person-group-type="author"><name><surname>Cawthon</surname><given-names>A.G.</given-names></name><name><surname>Alexander-Miller</surname><given-names>M.A.</given-names></name></person-group><article-title>Optimal colocalization of TCR and CD8 as a novel mechanism for the control of functional avidity</article-title><source>J Immunol</source><volume>169</volume><year>2002</year><fpage>3492</fpage><lpage>3498</lpage><pub-id pub-id-type="pmid">12244138</pub-id></element-citation></ref><ref id="bib0080"><label>16</label><element-citation publication-type="journal" id="sbref0080"><person-group person-group-type="author"><name><surname>Gakamsky</surname><given-names>D.M.</given-names></name><name><surname>Luescher</surname><given-names>I.F.</given-names></name><name><surname>Pramanik</surname><given-names>A.</given-names></name><name><surname>Kopito</surname><given-names>R.B.</given-names></name></person-group><article-title>CD8 kinetically promotes ligand binding to the T-cell antigen receptor</article-title><source>Biophys J</source><volume>89</volume><year>2005</year><fpage>2121</fpage><lpage>2133</lpage><pub-id pub-id-type="pmid">15980174</pub-id></element-citation></ref><ref id="bib0085"><label>17</label><element-citation publication-type="journal" id="sbref0085"><person-group person-group-type="author"><name><surname>Pecht</surname><given-names>I.</given-names></name><name><surname>Gakamsky</surname><given-names>D.M.</given-names></name></person-group><article-title>Spatial coordination of CD8 and TCR molecules controls antigen recognition by CD8+ T-cells</article-title><source>FEBS Lett</source><volume>579</volume><year>2005</year><fpage>3336</fpage><lpage>3341</lpage><pub-id pub-id-type="pmid">15913613</pub-id></element-citation></ref><ref id="bib0090"><label>18</label><element-citation publication-type="journal" id="sbref0090"><person-group person-group-type="author"><name><surname>Laugel</surname><given-names>B.</given-names></name><name><surname>Van Den Berg</surname><given-names>H.A.</given-names></name><name><surname>Gostick</surname><given-names>E.</given-names></name><name><surname>Cole</surname><given-names>D.K.</given-names></name></person-group><article-title>Different T cell receptor affinity thresholds and CD8 coreceptor dependence govern cytotoxic T lymphocyte activation and tetramer binding properties</article-title><source>J Biol Chem</source><volume>282</volume><year>2007</year><fpage>23799</fpage><lpage>23810</lpage><pub-id pub-id-type="pmid">17540778</pub-id></element-citation></ref><ref id="bib0095"><label>19</label><element-citation publication-type="journal" id="sbref0095"><person-group person-group-type="author"><name><surname>van den Berg</surname><given-names>H.A.</given-names></name><name><surname>Wooldridge</surname><given-names>L.</given-names></name><name><surname>Laugel</surname><given-names>B.</given-names></name><name><surname>Sewell</surname><given-names>A.K.</given-names></name></person-group><article-title>Coreceptor CD8-driven modulation of T cell antigen receptor specificity</article-title><source>J Theor Biol</source><volume>249</volume><year>2007</year><fpage>395</fpage><lpage>408</lpage><pub-id pub-id-type="pmid">17869274</pub-id></element-citation></ref><ref id="bib0100"><label>20</label><element-citation publication-type="journal" id="sbref0100"><person-group person-group-type="author"><name><surname>Zhong</surname><given-names>L.</given-names></name><name><surname>Zeng</surname><given-names>G.</given-names></name><name><surname>Lu</surname><given-names>X.</given-names></name><name><surname>Wang</surname><given-names>R.C.</given-names></name></person-group><article-title>NSOM/QD-based direct visualization of CD3-induced and CD28-enhanced nanospatial coclustering of TCR and coreceptor in nanodomains in T cell activation</article-title><source>PLoS ONE</source><volume>4</volume><year>2009</year><fpage>e5945</fpage><pub-id pub-id-type="pmid">19536289</pub-id></element-citation></ref><ref id="bib0105"><label>21</label><element-citation publication-type="journal" id="sbref0105"><person-group person-group-type="author"><name><surname>Kumar</surname><given-names>R.</given-names></name><name><surname>Ferez</surname><given-names>M.</given-names></name><name><surname>Swamy</surname><given-names>M.</given-names></name><name><surname>Arechaga</surname><given-names>I.</given-names></name></person-group><article-title>Increased sensitivity of antigen-experienced T cells through the enrichment of oligomeric T cell receptor complexes</article-title><source>Immunity</source><volume>35</volume><year>2011</year><fpage>375</fpage><lpage>387</lpage><pub-id pub-id-type="pmid">21903423</pub-id></element-citation></ref><ref id="bib0110"><label>22</label><element-citation publication-type="journal" id="sbref0110"><person-group person-group-type="author"><name><surname>Perica</surname><given-names>K.</given-names></name><name><surname>Bieler</surname><given-names>J.G.</given-names></name><name><surname>Edidin</surname><given-names>M.</given-names></name><name><surname>Schneck</surname><given-names>J.</given-names></name></person-group><article-title>Modulation of MHC binding by lateral association of TCR and coreceptor</article-title><source>Biophys J</source><volume>103</volume><year>2012</year><fpage>1890</fpage><lpage>1898</lpage><pub-id pub-id-type="pmid">23199917</pub-id></element-citation></ref><ref id="bib0115"><label>23</label><element-citation publication-type="journal" id="sbref0115"><person-group person-group-type="author"><name><surname>Mamalaki</surname><given-names>C.</given-names></name><name><surname>Elliott</surname><given-names>J.</given-names></name><name><surname>Norton</surname><given-names>T.</given-names></name><name><surname>Yannoutsos</surname><given-names>N.</given-names></name></person-group><article-title>Positive and negative selection in transgenic mice expressing a T-cell receptor specific for influenza nucleoprotein and endogenous superantigen</article-title><source>Dev Immunol</source><volume>3</volume><year>1993</year><fpage>159</fpage><lpage>174</lpage><pub-id pub-id-type="pmid">8281031</pub-id></element-citation></ref><ref id="bib0120"><label>24</label><element-citation publication-type="journal" id="sbref0120"><person-group person-group-type="author"><name><surname>Rousseaux</surname><given-names>J.</given-names></name><name><surname>Rousseaux-Prevost</surname><given-names>R.</given-names></name><name><surname>Bazin</surname><given-names>H.</given-names></name></person-group><article-title>Optimal conditions for the preparation of Fab and F(ab&#x02032;)2 fragments from monoclonal IgG of different rat IgG subclasses</article-title><source>J Immunol Methods</source><volume>64</volume><year>1983</year><fpage>141</fpage><lpage>146</lpage><pub-id pub-id-type="pmid">6644029</pub-id></element-citation></ref><ref id="bib0125"><label>25</label><element-citation publication-type="journal" id="sbref0125"><person-group person-group-type="author"><name><surname>Cobbold</surname><given-names>S.P.</given-names></name><name><surname>Jayasuriya</surname><given-names>A.</given-names></name><name><surname>Nash</surname><given-names>A.</given-names></name><name><surname>Prospero</surname><given-names>T.D.</given-names></name></person-group><article-title>Therapy with monoclonal antibodies by elimination of T-cell subsets in vivo</article-title><source>Nature</source><volume>312</volume><year>1984</year><fpage>548</fpage><lpage>551</lpage><pub-id pub-id-type="pmid">6150440</pub-id></element-citation></ref><ref id="bib0130"><label>26</label><element-citation publication-type="journal" id="sbref0130"><person-group person-group-type="author"><name><surname>Arva</surname><given-names>E.</given-names></name><name><surname>Andersson</surname><given-names>B.</given-names></name></person-group><article-title>Kinetics of cytokine release and expression of lymphocyte cell-surface activation markers after in vitro stimulation of human peripheral blood mononuclear cells with <italic>Streptococcus pneumoniae</italic></article-title><source>Scand J Immunol</source><volume>49</volume><year>1999</year><fpage>237</fpage><lpage>243</lpage><pub-id pub-id-type="pmid">10102640</pub-id></element-citation></ref><ref id="bib0135"><label>27</label><element-citation publication-type="journal" id="sbref0135"><person-group person-group-type="author"><name><surname>Pihlgren</surname><given-names>M.</given-names></name><name><surname>Arpin</surname><given-names>C.</given-names></name><name><surname>Walzer</surname><given-names>T.</given-names></name><name><surname>Tomkowiak</surname><given-names>M.</given-names></name></person-group><article-title>Memory CD44(int) CD8 T cells show increased proliferative responses and IFN-gamma production following antigenic challenge in vitro</article-title><source>Int Immunol</source><volume>11</volume><year>1999</year><fpage>699</fpage><lpage>706</lpage><pub-id pub-id-type="pmid">10330275</pub-id></element-citation></ref><ref id="bib0140"><label>28</label><element-citation publication-type="journal" id="sbref0140"><person-group person-group-type="author"><name><surname>Borger</surname><given-names>J.G.</given-names></name><name><surname>Filby</surname><given-names>A.</given-names></name><name><surname>Zamoyska</surname><given-names>R.</given-names></name></person-group><article-title>Differential polarization of C-terminal Src kinase between naive and antigen-experienced CD8+ T cells</article-title><source>J Immunol</source><volume>190</volume><year>2013</year><fpage>3089</fpage><lpage>3099</lpage><pub-id pub-id-type="pmid">23427257</pub-id></element-citation></ref><ref id="bib0145"><label>29</label><element-citation publication-type="journal" id="sbref0145"><person-group person-group-type="author"><name><surname>Gao</surname><given-names>G.F.</given-names></name><name><surname>Willcox</surname><given-names>B.E.</given-names></name><name><surname>Wyer</surname><given-names>J.R.</given-names></name><name><surname>Boulter</surname><given-names>J.M.</given-names></name></person-group><article-title>Classical and nonclassical class I major histocompatibility complex molecules exhibit subtle conformational differences that affect binding to CD8alphaalpha</article-title><source>J Biol Chem</source><volume>275</volume><year>2000</year><fpage>15232</fpage><lpage>15238</lpage><pub-id pub-id-type="pmid">10809759</pub-id></element-citation></ref><ref id="bib0150"><label>30</label><element-citation publication-type="journal" id="sbref0150"><person-group person-group-type="author"><name><surname>van der Merwe</surname><given-names>P.A.</given-names></name><name><surname>Davis</surname><given-names>S.J.</given-names></name></person-group><article-title>Molecular interactions mediating T cell antigen recognition</article-title><source>Annu Rev Immunol</source><volume>21</volume><year>2003</year><fpage>659</fpage><lpage>684</lpage><pub-id pub-id-type="pmid">12615890</pub-id></element-citation></ref><ref id="bib0155"><label>31</label><element-citation publication-type="journal" id="sbref0155"><person-group person-group-type="author"><name><surname>Wyer</surname><given-names>J.R.</given-names></name><name><surname>Willcox</surname><given-names>B.E.</given-names></name><name><surname>Gao</surname><given-names>G.F.</given-names></name><name><surname>Gerth</surname><given-names>U.C.</given-names></name></person-group><article-title>T cell receptor and coreceptor CD8 alphaalpha bind peptide-MHC independently and with distinct kinetics</article-title><source>Immunity</source><volume>10</volume><year>1999</year><fpage>219</fpage><lpage>225</lpage><pub-id pub-id-type="pmid">10072074</pub-id></element-citation></ref><ref id="bib0160"><label>32</label><element-citation publication-type="journal" id="sbref0160"><person-group person-group-type="author"><name><surname>Gao</surname><given-names>G.F.</given-names></name><name><surname>Rao</surname><given-names>Z.</given-names></name><name><surname>Bell</surname><given-names>J.I.</given-names></name></person-group><article-title>Molecular coordination of alphabeta T-cell receptors and coreceptors CD8 and CD4 in their recognition of peptide-MHC ligands 5</article-title><source>Trends Immunol</source><volume>23</volume><year>2002</year><fpage>408</fpage><lpage>413</lpage><pub-id pub-id-type="pmid">12133804</pub-id></element-citation></ref><ref id="bib0165"><label>33</label><element-citation publication-type="journal" id="sbref0165"><person-group person-group-type="author"><name><surname>Reiser</surname><given-names>J.B.</given-names></name><name><surname>Gregoire</surname><given-names>C.</given-names></name><name><surname>Darnault</surname><given-names>C.</given-names></name><name><surname>Mosser</surname><given-names>T.</given-names></name></person-group><article-title>A T cell receptor CDR3beta loop undergoes conformational changes of unprecedented magnitude upon binding to a peptide/MHC class I complex 52</article-title><source>Immunity</source><volume>16</volume><year>2002</year><fpage>345</fpage><lpage>354</lpage><pub-id pub-id-type="pmid">11911820</pub-id></element-citation></ref><ref id="bib0170"><label>34</label><element-citation publication-type="journal" id="sbref0170"><person-group person-group-type="author"><name><surname>Reiser</surname><given-names>J.B.</given-names></name><name><surname>Darnault</surname><given-names>C.</given-names></name><name><surname>Gregoire</surname><given-names>C.</given-names></name><name><surname>Mosser</surname><given-names>T.</given-names></name></person-group><article-title>CDR3 loop flexibility contributes to the degeneracy of TCR recognition</article-title><source>Nat Immunol</source><volume>4</volume><year>2003</year><fpage>241</fpage><lpage>247</lpage><pub-id pub-id-type="pmid">12563259</pub-id></element-citation></ref><ref id="bib0175"><label>35</label><element-citation publication-type="journal" id="sbref0175"><person-group person-group-type="author"><name><surname>Gakamsky</surname><given-names>D.M.</given-names></name><name><surname>Lewitzki</surname><given-names>E.</given-names></name><name><surname>Grell</surname><given-names>E.</given-names></name><name><surname>Saulquin</surname><given-names>X.</given-names></name></person-group><article-title>Kinetic evidence for a ligand-binding-induced conformational transition in the T cell receptor</article-title><source>Proc Natl Acad Sci U S A</source><volume>104</volume><year>2007</year><fpage>16639</fpage><lpage>16644</lpage><pub-id pub-id-type="pmid">17921250</pub-id></element-citation></ref><ref id="bib0180"><label>36</label><element-citation publication-type="journal" id="sbref0180"><person-group person-group-type="author"><name><surname>Gakamsky</surname><given-names>D.M.</given-names></name><name><surname>Luescher</surname><given-names>I.F.</given-names></name><name><surname>Pecht</surname><given-names>I.</given-names></name></person-group><article-title>T cell receptor-ligand interactions: a conformational preequilibrium or an induced fit</article-title><source>Proc Natl Acad Sci U S A</source><volume>101</volume><year>2004</year><fpage>9063</fpage><lpage>9066</lpage><pub-id pub-id-type="pmid">15178754</pub-id></element-citation></ref><ref id="bib0185"><label>37</label><element-citation publication-type="journal" id="sbref0185"><person-group person-group-type="author"><name><surname>Davis-Harrison</surname><given-names>R.L.</given-names></name><name><surname>Armstrong</surname><given-names>K.M.</given-names></name><name><surname>Baker</surname><given-names>B.M.</given-names></name></person-group><article-title>Two different T cell receptors use different thermodynamic strategies to recognize the same peptide/MHC ligand</article-title><source>J Mol Biol</source><volume>346</volume><year>2005</year><fpage>533</fpage><lpage>550</lpage><pub-id pub-id-type="pmid">15670602</pub-id></element-citation></ref><ref id="bib0190"><label>38</label><element-citation publication-type="journal" id="sbref0190"><person-group person-group-type="author"><name><surname>Armstrong</surname><given-names>K.M.</given-names></name><name><surname>Insaidoo</surname><given-names>F.K.</given-names></name><name><surname>Baker</surname><given-names>B.M.</given-names></name></person-group><article-title>Thermodynamics of T-cell receptor-peptide/MHC interactions: progress and opportunities</article-title><source>J Mol Recognit</source><volume>21</volume><year>2008</year><fpage>275</fpage><lpage>287</lpage><pub-id pub-id-type="pmid">18496839</pub-id></element-citation></ref><ref id="bib0195"><label>39</label><element-citation publication-type="journal" id="sbref0195"><person-group person-group-type="author"><name><surname>Wooldridge</surname><given-names>L.</given-names></name><name><surname>Van Den Berg</surname><given-names>H.A.</given-names></name><name><surname>Glick</surname><given-names>M.</given-names></name><name><surname>Gostick</surname><given-names>E.</given-names></name></person-group><article-title>Interaction between the CD8 coreceptor and major histocompatibility complex class I stabilizes T cell receptor-antigen complexes at the cell surface</article-title><source>J Biol Chem</source><volume>280</volume><year>2005</year><fpage>27491</fpage><lpage>27501</lpage><pub-id pub-id-type="pmid">15837791</pub-id></element-citation></ref><ref id="bib0200"><label>40</label><element-citation publication-type="journal" id="sbref0200"><person-group person-group-type="author"><name><surname>Daniels</surname><given-names>M.A.</given-names></name><name><surname>Jameson</surname><given-names>S.C.</given-names></name></person-group><article-title>Critical role for CD8 in T cell receptor binding and activation by peptide/major histocompatibility complex multimers</article-title><source>J Exp Med</source><volume>191</volume><year>2000</year><fpage>335</fpage><lpage>346</lpage><pub-id pub-id-type="pmid">10637277</pub-id></element-citation></ref><ref id="bib0205"><label>41</label><element-citation publication-type="journal" id="sbref0205"><person-group person-group-type="author"><name><surname>Melenhorst</surname><given-names>J.J.</given-names></name><name><surname>Scheinberg</surname><given-names>P.</given-names></name><name><surname>Chattopadhyay</surname><given-names>P.K.</given-names></name><name><surname>Lissina</surname><given-names>A.</given-names></name></person-group><article-title>Detection of low avidity CD8(+) T cell populations with coreceptor-enhanced peptide-major histocompatibility complex class I tetramers</article-title><source>J Immunol Methods</source><volume>338</volume><year>2008</year><fpage>31</fpage><lpage>39</lpage><pub-id pub-id-type="pmid">18675271</pub-id></element-citation></ref><ref id="bib0210"><label>42</label><element-citation publication-type="journal" id="sbref0210"><person-group person-group-type="author"><name><surname>Wooldridge</surname><given-names>L.</given-names></name><name><surname>Clement</surname><given-names>M.</given-names></name><name><surname>Lissina</surname><given-names>A.</given-names></name><name><surname>Edwards</surname><given-names>E.S.</given-names></name></person-group><article-title>MHC class I molecules with Superenhanced CD8 binding properties bypass the requirement for cognate TCR recognition and nonspecifically activate CTLs</article-title><source>J Immunol</source><volume>184</volume><year>2010</year><fpage>3357</fpage><lpage>3366</lpage><pub-id pub-id-type="pmid">20190139</pub-id></element-citation></ref><ref id="bib0215"><label>43</label><element-citation publication-type="journal" id="sbref0215"><person-group person-group-type="author"><name><surname>Anikeeva</surname><given-names>N.</given-names></name><name><surname>Gakamsky</surname><given-names>D.</given-names></name><name><surname>Scholler</surname><given-names>J.</given-names></name><name><surname>Sykulev</surname><given-names>Y.</given-names></name></person-group><article-title>Evidence that the density of self peptide-MHC ligands regulates T-cell receptor signaling</article-title><source>PLoS ONE</source><volume>7</volume><year>2012</year><fpage>e41466</fpage><pub-id pub-id-type="pmid">22870225</pub-id></element-citation></ref></ref-list><sec id="sec0060" sec-type="supplementary-material"><label>Appendix A</label><title>Supplementary data</title><p>The following are the supplementary data to this article:<supplementary-material content-type="local-data" id="upi0005"><media xlink:href="mmc1.pdf"/></supplementary-material></p></sec><ack id="ack0005"><title>Acknowledgments</title><p>Funding for this project was provided by <funding-source id="gs1">Royal Society Industry Fellowship and R2 research grant</funding-source> (DMG), <funding-source id="gs2">MRC project</funding-source> grant G1100116 (JGB&#x00026;RZ) and <funding-source id="gs3">Wellcome Trust</funding-source> grant No. 096669/Z/11/Z (RZ). We thank Dr. Anna Gakamsky for help with data evaluation and Dr. Kaija Allikmets for excellent assistance with T cell culture.</p></ack><fn-group><fn id="d32e92"><label>&#x02606;</label><p>This is an open-access article distributed under the terms of the Creative Commons Attribution-NonCommercial-No Derivative Works License, which permits non-commercial use, distribution, and reproduction in any medium, provided the original author and source are credited.</p></fn></fn-group></back><floats-group><fig id="fig0005"><label>Fig. 1</label><caption><p>Schematics of the photon correlation module. The laser light is focused by objective with high numerical aperture to the diffraction limit on the cell surface. Fluorescence from the confocal volume separated from the excitation by Dichroic beam splitter 1 and filtered by 50&#x000a0;&#x003bc;m Pinhole is split into two channels by Dichroic beam splitter 2 and focused onto SPAD1 and SPAD2 detectors through interference filters 1 and 2.</p></caption><graphic xlink:href="gr1"/></fig><fig id="fig0010"><label>Fig. 2</label><caption><p>Relative expression of CD8 and TCR on <italic>na&#x000ef;ve</italic> and Ag experienced cells. Ag-experienced CD8<sup>+</sup> T cells were generated by stimulation of splenocytes cells from Rag1<sup>&#x02212;</sup><sup>/&#x02013;</sup>F5 mice with 100&#x000a0;nM NP68 for 3 days, rested in 5&#x000a0;&#x003bc;g/mL IL-2 for 4 days, and then compared to <italic>na&#x000ef;ve</italic> LN cells. (A) CD8<sup>+</sup> T cells were assessed by flow cytometry to determine cell size (FSC) and CD8&#x003b1; and TCR&#x003b2; expression. (B) Graphs show the mean values of FSC and CD8&#x003b1; and TCR&#x003b2; associated fluorescence (MFI). Values are the mean of triplicate samples&#x000a0;&#x000b1;&#x000a0;SD. All data are representative of at least two independent experiments.</p></caption><graphic xlink:href="gr2"/></fig><fig id="fig0015"><label>Fig. 3</label><caption><p>Comparison of sensitivity of <italic>na&#x000ef;ve</italic> and Ag experienced cells by upregulation of CD69. <italic>Na&#x000ef;ve</italic> and Ag. Exp. CD8<sup>+</sup> T cells were incubated with Fab (100&#x000a0;&#x003bc;g/mL) prior to stimulation with NP68 and assessed by flow cytometry. The graph represents the percentage of cells that upregulated CD69 expression in response to NP68 measured at 3&#x000a0;h. Values are the mean of triplicate samples&#x000a0;&#x000b1;&#x000a0;SD. All data are representative of one experiment.</p></caption><graphic xlink:href="gr3"/></fig><fig id="fig0020"><label>Fig. 4</label><caption><p>Proximity measurements of TCR and CD8. Intensity fluctuations of Qdot labelled TCR-Qdot800 (dots) and CD8-Qdot655 (dash line) specific mAbs on the surface of na&#x000ef;ve (top left) and Ag-experienced cells (top right). Auto-correlation (TCR-Qdot800 (dots), CD8-Qdot655, (dash line)) and cross-correlation functions (solid line) for <italic>na&#x000ef;ve</italic> (bottom left) and Ag-experienced cells (bottom right). Further examples are shown in Supplementary Figure S2 (Supplementary materials).</p></caption><graphic xlink:href="gr4"/></fig></floats-group></article>