<article xmlns:xlink="http://www.w3.org/1999/xlink" xmlns:mml="http://www.w3.org/1998/Math/MathML" article-type="research-article"><?properties open_access?><front><journal-meta><journal-id journal-id-type="nlm-ta">Immunol Lett</journal-id><journal-id journal-id-type="iso-abbrev">Immunol. Lett</journal-id><journal-title-group><journal-title>Immunology Letters</journal-title></journal-title-group><issn pub-type="ppub">0165-2478</issn><issn pub-type="epub">1879-0542</issn><publisher><publisher-name>Elsevier/North-Holland Biomedical Press</publisher-name></publisher></journal-meta><article-meta><article-id pub-id-type="pmid">22732235</article-id><article-id pub-id-type="pmc">3477319</article-id><article-id pub-id-type="publisher-id">IMLET5244</article-id><article-id pub-id-type="doi">10.1016/j.imlet.2012.06.002</article-id><article-categories><subj-group subj-group-type="heading"><subject>Article</subject></subj-group></article-categories><title-group><article-title>Alum increases antigen uptake, reduces antigen degradation and sustains antigen presentation by DCs <italic>in vitro</italic></article-title></title-group><contrib-group><contrib contrib-type="author"><name><surname>Ghimire</surname><given-names>Tirth R.</given-names></name><xref rid="aff0005" ref-type="aff">a</xref><xref rid="aff0010" ref-type="aff">b</xref></contrib><contrib contrib-type="author"><name><surname>Benson</surname><given-names>Robert A.</given-names></name><xref rid="aff0010" ref-type="aff">b</xref></contrib><contrib contrib-type="author"><name><surname>Garside</surname><given-names>Paul</given-names></name><xref rid="aff0010" ref-type="aff">b</xref></contrib><contrib contrib-type="author"><name><surname>Brewer</surname><given-names>James M.</given-names></name><email>j.brewer@clinmed.gla.ac.uk</email><xref rid="aff0010" ref-type="aff">b</xref><xref rid="cor0005" ref-type="corresp">&#x0204e;</xref></contrib></contrib-group><aff id="aff0005"><label>a</label>Strathclyde Institute of Pharmacy and Biomedical Sciences, University of Strathclyde, Glasgow, Scotland, United Kingdom</aff><aff id="aff0010"><label>b</label>Institute of Infection, Immunity and Inflammation, 120 Glasgow Biomedical Research Centre, University of Glasgow, Glasgow G12 8TA, Scotland, United Kingdom</aff><author-notes><corresp id="cor0005"><label>&#x0204e;</label>Corresponding author. Tel.: +44 1413308417; fax: +44 1413304297. <email>j.brewer@clinmed.gla.ac.uk</email></corresp></author-notes><pub-date pub-type="pmc-release"><month>9</month><year>2012</year></pub-date><!-- PMC Release delay is 0 months and 0 days and was based on the
							<pub-date pub-type="ppub"/>. --><pub-date pub-type="ppub"><month>9</month><year>2012</year></pub-date><volume>147</volume><issue>1-2</issue><fpage>55</fpage><lpage>62</lpage><history><date date-type="received"><day>30</day><month>1</month><year>2012</year></date><date date-type="rev-recd"><day>13</day><month>6</month><year>2012</year></date><date date-type="accepted"><day>15</day><month>6</month><year>2012</year></date></history><permissions><copyright-statement>&#x000a9; 2012 Elsevier B.V.</copyright-statement><copyright-year>2012</copyright-year><copyright-holder>Elsevier B.V.</copyright-holder><license><license-p>This document may be redistributed and reused, subject to <ext-link ext-link-type="uri" xlink:href="http://www.elsevier.com/wps/find/authorsview.authors/supplementalterms1.0">certain conditions</ext-link>.</license-p></license></permissions><abstract abstract-type="graphical"><title>Highlights</title><p>&#x025ba; The E&#x003b1;GFP/YAe system can be used to study the impact of alum on antigen uptake and presentation by DCs. &#x025ba; Alum acts as an antigen delivery system. &#x025ba; Alum slows down protein degradation in DCs. &#x025ba; Alum eventually enhances magnitude and duration of expression of peptide/MHC complexes on the DC surface.</p></abstract><abstract><p>Aluminium adjuvants (alum) have been the only widely approved adjuvants for use in human vaccines since the 1920s, however, the mechanism of action of these adjuvants remains elusive. Due to increasing demand for novel adjuvants, a clearer understanding of the mechanisms that allow these important agents to affect adaptive immune responses will make a significant contribution to the rational design of future vaccines.</p><p>Using a novel approach to tracking antigen and antigen presentation, we demonstrate that alum induces higher antigen accumulation and increased antigen presentation by dendritic cells (DCs) <italic>in vitro</italic>. Antigen accumulation was 100-fold higher and antigen presentation 10-fold higher following alum treatment when compared with soluble protein alone. We also observed that alum causes an initial reduction in presentation compared with soluble antigen, but eventually increases the magnitude and duration of antigen presentation. This was associated with reduced protein degradation in DCs following alum treatment. These studies demonstrate the dynamic alterations in antigen processing and presentation induced by alum that underlie enhanced DC function in response to this adjuvant.</p></abstract><kwd-group><title>Abbreviations</title><kwd>BMDC, bone marrow-derived dendritic cell</kwd><kwd>E&#x003b1;GFP, Ealpha green fluorescence protein</kwd></kwd-group><kwd-group><title>Keywords</title><kwd>Alum</kwd><kwd>Antigen uptake</kwd><kwd>Processing</kwd><kwd>Presentation</kwd><kwd>YAe system</kwd></kwd-group></article-meta></front><body><sec id="sec0005"><label>1</label><title>Introduction</title><p>Despite the tremendous variety of compounds with adjuvant activity, effective adjuvants for use in vaccines against major diseases such as Human Immunodeficiency Virus/Acquired Immunodeficiency Syndrome (HIV/AIDS), tuberculosis and malaria remain elusive <xref rid="bib0005" ref-type="bibr">[1]</xref>. A significant obstacle to the development of new and improved adjuvants is our lack of knowledge of their mechanism of action. This is particularly true of the aluminium adjuvants (alum) that have been applied in many vaccines since the 1920s <xref rid="bib0010" ref-type="bibr">[2]</xref>. It has been proposed that vaccine adjuvants act indirectly <italic>via</italic> DCs or other antigen presenting cells (APCs) to induce and enhance the activation of antigen-specific T cells and subsequently the adaptive immune response. CD4<sup>+</sup> T cells play a central role in cell-mediated immunity and are activated in response to specific vaccine-derived, peptide epitopes bound to MHC class II (MHCII) molecules, displayed on the surface of APCs <xref rid="bib0015 bib0020 bib0025" ref-type="bibr">[3&#x02013;5]</xref>. DCs possess highly controlled antigen processing functions utilising lysosomal proteases and pH changes optimal for the generation of peptides rather than complete protein degradation <xref rid="bib0030 bib0035 bib0040" ref-type="bibr">[6&#x02013;8]</xref>. The duration and magnitude of antigen presentation are key factors in determining the degree and quality of T cell activation <xref rid="bib0045 bib0050" ref-type="bibr">[9,10]</xref>. Although it has been suggested that an antigen pulse of a few hours is sufficient to support subsequent T cell division <xref rid="bib0055" ref-type="bibr">[11]</xref>, the continued engagement of the peptide:MHCII:T cell receptor (p:MHCII:TCR) complex is required for a high degree of T cell expansion <xref rid="bib0060 bib0065" ref-type="bibr">[12,13]</xref>. Adjuvants such as alum have been proposed to alter the magnitude and duration of antigen presentation through mechanisms such as increased antigen uptake <xref rid="bib0070 bib0075" ref-type="bibr">[14,15]</xref> and enhanced expression of MHC class II molecules on the surface of APC <xref rid="bib0080 bib0085 bib0090" ref-type="bibr">[16&#x02013;18]</xref>. While the impact of these factors on antigen presentation has previously been read out in terms of T cell expansion <xref rid="bib0075 bib0095 bib0100" ref-type="bibr">[15,19,20]</xref>, these studies do not directly explain whether alum impacts on the magnitude and duration of antigen presentation that subserves adjuvant function.</p><p>To address this limitation, in the current study we have employed the chimaeric fluorescent protein, Ealpha green fluorescent protein (E&#x003b1;GFP), which allows assessment of antigen uptake/degradation and, in combination with the YAe antibody, antigen presentation <italic>in situ</italic>
<xref rid="bib0105 bib0110 bib0115 bib0120" ref-type="bibr">[21&#x02013;24]</xref>. When E&#x003b1;GFP is internalised by DCs, it is degraded, liberating the E&#x003b1; peptide for presentation on MHC class II molecules. This p:MHC complex can be detected by staining the cells with the monoclonal YAe antibody which specifically recognises the E&#x003b1;:I:A<sup>b</sup>MHCII complex <xref rid="bib0105 bib0110 bib0115 bib0120" ref-type="bibr">[21&#x02013;24]</xref>. Using the E&#x003b1;GFP/YAe system, we have demonstrated that formulation of antigen in alum leads to an increase in antigen uptake, a decrease in antigen processing with the eventual result being enhanced magnitude and duration of antigen presentation by DCs <italic>in vitro</italic>.</p></sec><sec sec-type="materials|methods" id="sec0010"><label>2</label><title>Materials and methods</title><sec id="sec0015"><label>2.1</label><title>Preparation of DCs from murine bone marrow</title><p>Six- to eight-week-old C57BL/6 mice (H-2<sup>b</sup>) were used to prepare BMDCs, as described previously <xref rid="bib0125" ref-type="bibr">[25]</xref>. Mice were housed in the Central Research Facility, University of Glasgow and procedures were performed according to U.K. Home Office regulations. Bone marrow cells (2&#x000a0;&#x000d7;&#x000a0;10<sup>6</sup>/well) were placed in 6-well plates (Corning Incorporated, Corning, NY, USA) and cultured using 10% GMCSF (63&#x000d7; supernatants) supplemented with RPMI [RPMI 1640 (Sigma, UK), 10% FCS (Gibco, UK), 100&#x000a0;&#x003bc;g/mL penicillin and streptomycin (Invitrogen, UK) and 100&#x000a0;&#x003bc;g/mL <sc>l</sc>-glutamate (Invitrogen, UK)] at 37&#x000a0;&#x000b0;C in 5% CO<sub>2</sub>. At day 3 and 6, cells were fed with each 2&#x000a0;mL/well fresh complete DC media. DCs were used at day 7 for the experiments.</p></sec><sec id="sec0020"><label>2.2</label><title>Antigens and adjuvants</title><p>The fluorescent antigen, E&#x003b1;GFP, was prepared in our laboratory using methods described previously <xref rid="bib0120" ref-type="bibr">[24]</xref>. Lipopolysaccharide (LPS; <italic>Escherichia coli</italic> O111.B4) was bought from Sigma and was used at 1&#x000a0;&#x003bc;g/mL concentration for positive control of MHC class II expression. ALHYDROGEL<sup>&#x000ae;</sup> was bought from Brenntag Bioscience, Denmark. This adjuvant consists of 3% aluminium hydroxide.</p></sec><sec id="sec0025"><label>2.3</label><title>Analysis of antigen uptake and presentation</title><p>To assess the role of alum in antigen uptake and presentation, we incubated BMDCs with different concentration of E&#x003b1;GFP or E&#x003b1;GFP adsorbed to different concentrations of alum in a 6-well plate containing 2&#x000a0;&#x000d7;&#x000a0;10<sup>6</sup>&#x000a0;cells/5&#x000a0;mL media in each well. Control wells were incubated with media.</p><p>To assess the role of alum in the kinetics of antigen uptake, degradation and presentation, we performed a pulse chase assay. BMDCs (3&#x000a0;&#x000d7;&#x000a0;10<sup>6</sup>) were pulsed with pre-determined doses of E&#x003b1;GFP or E&#x003b1;GFP adsorbed to alum for 1&#x000a0;h. Some of the cells were incubated in media for experimental control. Cells were harvested, washed in HBSS buffer (GIBCO, Invitrogen) (400&#x000a0;&#x000d7;&#x000a0;<italic>g</italic>, 5&#x000a0;min, 4&#x000a0;&#x000b0;C) and BMDC separated from alum using sterile histopaque (Sigma cat no. H8889; 400&#x000a0;&#x000d7;&#x000a0;<italic>g</italic>, 25&#x000a0;min, 20&#x000a0;&#x000b0;C) followed by washing twice in HBSS buffer (400&#x000a0;&#x000d7;&#x000a0;<italic>g</italic>, 5&#x000a0;min, 4&#x000a0;&#x000b0;C). BMDC (1.5&#x000a0;&#x000d7;&#x000a0;10<sup>6</sup>&#x000a0;cells/5&#x000a0;mL) were resuspended in each well of a 6-well plate containing complete DC media and incubated for different chase periods (0&#x000a0;h, 24&#x000a0;h, 48&#x000a0;h and 72&#x000a0;h). After each chase period, cells were analysed by flow cytometry.</p></sec><sec id="sec0030"><label>2.4</label><title>Flow cytometry</title><p>The cells were collected in 6&#x000a0;mL fluorescence-activated cell sorting (FACS) tubes (BD FALCON, BD Biosciences Discovery LabWare, USA) and washed (400&#x000a0;&#x000d7;&#x000a0;<italic>g</italic>, 5&#x000a0;min, 4&#x000a0;&#x000b0;C) in FACS buffer (5% FCS, 0.1% sodium azide) and incubated with 100&#x000a0;&#x003bc;L Fc block (2.4G2 hybridoma supernatant) for 30&#x000a0;min. BMDCs were stained with phycoerythrin (PE) anti-mouse CD11c (eBiosciences, clone: N418, cat no. 12-0114), PE armenian hamster IgG (eBiosciences, clone: eBio299Arm, cat no. 12-4888-81), biotinalyted anti-mouse E&#x003b1;52-68 (eBiosciences, clone: eBioYAe, cat no. 13-5741), bio anti-mouse IgG2b (Southern Biotech, clone: A-1, cat. 0104-08), bio Rat IgG2b, k (BD biosciences, cat no. 553987), allophycocyanin (APC) streptavidin (eBiosciences, cat no. 17-4317), peridinin chlorophyll protein (PerCP) anti-mouse I-A/I-E (BioLegends, clone: M5/114.15.2, cat no. 107623), PerCP streptavidin (BD Bioscience, cat no. 554064) for 30&#x000a0;min. Cells were washed twice (400&#x000a0;&#x000d7;&#x000a0;<italic>g</italic>, 5&#x000a0;min, 4&#x000a0;&#x000b0;C) in FACS buffer and analysed by flow cytometry (BD Bioscience, FACS calibur). The results of flow cytometry were analysed by FlowJo software (FlowJo 8.7.1, Stanford University 1995&#x02013;96). The level of GFP, YAe and MHC class II molecules present on CD11c positive cells were analysed by both mean fluorescence intensity (MFI) and percentage positive cells as determined using isotype controls.</p></sec><sec id="sec0035"><label>2.5</label><title>Data analysis</title><p>Data were analysed using GraphPad Prism version 5.00 for Windows, GraphPad Software, San Diego, CA, USA. Results were expressed as mean&#x000a0;&#x000b1;&#x000a0;SEM unless otherwise stated. In the data with one independent variable, we used Tukey post test (one way ANOVA) to test significance between any two different treatment groups. Similarly, in the data having more than one independent variable, we used Bonferroni post test (two way ANOVA) to test the significance between any two different treatment groups either at specific dose or at specific time. A <italic>p</italic>-value of&#x000a0;&#x0003c;&#x000a0;0.05 was considered as significant.</p></sec></sec><sec sec-type="results" id="sec0040"><label>3</label><title>Results</title><sec id="sec0045"><label>3.1</label><title>The E&#x003b1;GFP/YAe system can be used to study the impact of alum on antigen uptake and antigen presentation by bone marrow DCs (BMDCs)</title><p>To determine the suitability of the E&#x003b1;GFP/YAe system to investigate the impact of alum on antigen uptake and presentation, BMDCs were incubated with protein, alum-adsorbed protein or in the presence of media or alum alone for 24&#x000a0;h. We then analysed the level of GFP and YAe staining within the CD11c positive population (see <xref rid="fig0005" ref-type="fig">Fig. 1</xref>A). Detection of GFP or YAe staining was dependent on the presence of E&#x003b1;GFP; incubating BMDC with alum alone did not produce any increase in either of these parameters compared with control cultures (see <xref rid="fig0005" ref-type="fig">Fig. 1</xref>B and C). Adsorption of E&#x003b1;GFP to alum produced a significant increase in antigen uptake and presentation (<italic>p</italic>&#x000a0;&#x0003c;&#x000a0;0.0001), with about 5-fold higher MFI of GFP and 2-fold higher MFI of YAe compared with cells incubated in E&#x003b1;GFP alone (see <xref rid="fig0005" ref-type="fig">Fig. 1</xref>C). Similar results were obtained by analysing the proportion of GFP or YAe positive cells (data not shown). The results suggest that the E&#x003b1;GFP/YAe system is appropriate for the <italic>in vitro</italic> study of antigen uptake and presentation by DCs following alum treatment.</p></sec><sec id="sec0050"><label>3.2</label><title>Alum acts as a delivery vehicle and targets antigen acquisition by DCs <italic>in vitro</italic></title><p>Adsorption of E&#x003b1;GFP to alum significantly enhanced antigen uptake and presentation compared with soluble antigen over a range (1&#x02013;100&#x000a0;&#x003bc;g/mL) of antigen doses tested (see <xref rid="fig0010" ref-type="fig">Fig. 2</xref>A and B). Comparing the antigen dose response curves demonstrated that compared with soluble antigen, alum could induce similar antigen uptake by BMDC at a 100-fold lower dose (see <xref rid="fig0010" ref-type="fig">Fig. 2</xref>B). Similarly, we observed the equivalent levels of YAe expression on cells incubated with 1&#x000a0;&#x003bc;g/mL E&#x003b1;GFP/alum compared with 10&#x000a0;&#x003bc;g/mL E&#x003b1;GFP alone suggesting that alum causes 10-fold increase in antigen presenting efficiency of DCs <italic>in vitro</italic> (see <xref rid="fig0010" ref-type="fig">Fig. 2</xref>B). We next determined if the enhanced antigen uptake and presentation induced by alum was dependent on the dose of the adjuvant used. Using a fixed amount of E&#x003b1;GFP (100&#x000a0;&#x003bc;g/mL), doses of alum between 0.1 and 10&#x000a0;&#x003bc;g/mL produced a small, though significant increase in antigen uptake compared with soluble antigen (see <xref rid="fig0010" ref-type="fig">Fig. 2</xref>C and D). This was reflected in a corresponding significant increase in presentation of the E&#x003b1; peptide. Higher doses of alum (100 and 1000&#x000a0;&#x003bc;g/mL) produced much greater increase in GFP signal in BMDC, however the impact on antigen presentation was more modest, with decreased presentation being observed between 100 and 1000&#x000a0;&#x003bc;g/mL alum (see <xref rid="fig0010" ref-type="fig">Fig. 2</xref>C and D). The difference in antigen presence and presentation in BMDC implied that the presence of alum may affect the rate of antigen degradation.</p></sec><sec id="sec0055"><label>3.3</label><title>Alum adjuvants increase antigen uptake, reduce degradation and sustain antigen presentation by DCs</title><p>To understand the role of alum in the kinetics of antigen uptake, processing and presentation by DCs we performed a pulse-chase experiment. We exposed BMDC to a 60&#x000a0;min pulse of antigen and examined antigen degradation and presentation over time. We found a greater proportion of cells were GFP positive (see <xref rid="fig0015" ref-type="fig">Fig. 3</xref>A and B) and had a greater GFP signal, as determined by assessment of MFI (data not shown), following treatment with E&#x003b1;GFP adsorbed to alum compared with exposure to E&#x003b1;GFP at each chase period tested. Following exposure to soluble antigen, both the GFP signal and proportion of cells that were GFP positive returned to background levels within 24&#x000a0;h. The rate of GFP decay in cells exposed to antigen formulated in alum, was slower and the GFP signal was sustained up to 72&#x000a0;h following exposure (see <xref rid="fig0015" ref-type="fig">Fig. 3</xref>B), demonstrating that intact antigen was degraded more slowly and persisted for longer in the presence of alum.</p><p>This would suggest that alum may also affect the rate of antigen presentation by BMDC. In keeping with this observation, formulation of antigen with alum decreased the fraction of YAe-positive BMDC at 0&#x000a0;h compared with soluble antigen (<italic>p</italic>&#x000a0;&#x0003c;&#x000a0;0.01) which then gradually increased to an equal level as induced by E&#x003b1;GFP treatment at 24&#x000a0;h (<italic>p</italic>&#x000a0;&#x0003e;&#x000a0;0.05) (see <xref rid="fig0015" ref-type="fig">Fig. 3</xref>A and C). Alum significantly enhanced antigen presentation at 48&#x000a0;h (<italic>p</italic>&#x000a0;&#x0003c;&#x000a0;0.001) which was sustained up to 72&#x000a0;h (<italic>p</italic>&#x000a0;&#x0003c;&#x000a0;0.001) (see <xref rid="fig0015" ref-type="fig">Fig. 3</xref>A and C). Similar trends were observed while analysing the data on the basis of MFI of the YAe (data not shown). We also examined the BMDC that were GFP positive for presence or absence of antigen presentation as detected by YAe staining. While the GFP&#x000a0;+&#x000a0;YAe<sup>&#x02212;</sup> population became undetectable within 24&#x000a0;h chase when pulsed with soluble E&#x003b1;GFP, these cells remained detectable for up to 72&#x000a0;h following alum/E&#x003b1;GFP treatment (see <xref rid="fig0015" ref-type="fig">Fig. 3</xref>E). Very few cells were GFP&#x000a0;+&#x000a0;YAe<sup>+</sup> following a 24&#x000a0;h chase period, this was more apparent in BMDC treated with soluble antigen than E&#x003b1;GFP adsorbed to alum (see <xref rid="fig0015" ref-type="fig">Fig. 3</xref>D). This suggests that BMDC do not appear to transition through a GFP<sup>+</sup>/YAe<sup>+</sup> population when moving from GFP positivity to YAe presentation and furthermore, that alum slows down antigen processing and presentation.</p><p>In summary, as well as targeting antigens to DC, data from these pulse chase experiments suggest that alum decreases the rate of antigen degradation resulting in increased duration and magnitude of antigen presentation by BMDC.</p></sec><sec id="sec0060"><label>3.4</label><title>Alum increases MHC class II expression in DCs in dose-dependent manner</title><p>While alum may act to make processed peptides available for longer, to mediate increased antigen presentation would presumably require increased cell surface MHC class II expression. We therefore analysed levels of MHC class II expression on BMDC incubated with different concentrations of alum (see <xref rid="fig0020" ref-type="fig">Fig. 4</xref>A and B). We found that expression of MHC class II was dependent on the dose of alum used, with both the highest proportion of the cells positive for MHC class II molecules and the highest expression level of MHC class II molecules in the cells treated with 100&#x000a0;&#x003bc;g/mL of alum (see <xref rid="fig0020" ref-type="fig">Fig. 4</xref>B). BMDC treated with 1000&#x000a0;&#x003bc;g/mL had lower MHC class II expression than the cells treated with 100&#x000a0;&#x003bc;g/mL alum, but higher than other doses used in the experiment indicating alum at high doses sustain MHC class II expression on the surface of DCs (see <xref rid="fig0020" ref-type="fig">Fig. 4</xref>B). A similar dose response was seen for YAe expression in <xref rid="fig0010" ref-type="fig">Fig. 2</xref>D, suggesting a link between increased antigen presentation and increased availability of MHC class II molecules following alum treatment <italic>in vitro</italic>.</p></sec></sec><sec sec-type="discussion" id="sec0065"><label>4</label><title>Discussion</title><p>In the current study we have applied the previously described E&#x003b1;GFP/YAe system <xref rid="bib0105 bib0120" ref-type="bibr">[21,24]</xref> to directly track antigen internalisation, degradation and presentation in BMDC and the impact that alum adjuvants have on the magnitude and kinetics of these processes. The fluorescent protein moiety in the chimaeric E&#x003b1;GFP antigen allowed tracking of antigen uptake and degradation. This approach confirmed previous <italic>in vitro</italic> studies demonstrating the ability of alum to enhance internalisation of antigens by DCs <xref rid="bib0070 bib0075" ref-type="bibr">[14,15]</xref>, more importantly; we were also able to demonstrate that alum has a significant impact on the rate of degradation of antigen within DCs. While the GFP signal was completely extinguished within 24&#x000a0;h of administration of soluble antigen, formulation in alum allowed intact antigen to persist for up to 72&#x000a0;h. Degradation of antigens by lysosomal proteases is an essential step in liberating peptide antigens from proteins, and agents that interfere with this process, such as protease inhibitors or inhibitors of lysosomal acidificaiton have been shown to reduce antigen presentation <xref rid="bib0130 bib0135" ref-type="bibr">[26,27]</xref>. This would suggest that slowing of antigen degradation by alum may result in poorer peptide loading and antigen presentation on MHC class II molecules. However, by virtue of the ability of the YAe antibody to directly recognise E&#x003b1;:MHCII complexes, we were able to show that alum actually enhances the duration of antigen presentation by BMDC from less than 24&#x000a0;h, observed with soluble antigen, to at least 72&#x000a0;h. In agreement with our data, previous work has demonstrated that limiting the susceptibility of antigens to lysosomal proteolysis actually acts to increase antigen presentation and immunogenicity <xref rid="bib0140" ref-type="bibr">[28]</xref>. In terms of adjuvant activity <italic>in vivo</italic>, slowing down antigen degradation and increasing antigen persistence makes physiological sense. It takes hours for peripheral DCs to migrate to draining lymph nodes where naive cognate T cells are resident. Furthermore, functional interactions between DCs and T cells are thought to occur over the following 48&#x000a0;h or more <xref rid="bib0105" ref-type="bibr">[21]</xref> and blockade or interruption of this interaction is known to block the development of effective T cell responses <xref rid="bib0060 bib0145 bib0150" ref-type="bibr">[12,29,30]</xref>. The reduction in the rate of antigen degradation we observed could therefore lead to a temporal increase in availability of peptide for binding to MHCII in peptide loading compartments resulting in increased duration and magnitude of antigen presentation, as we also observed. However, it remains unclear at this point, exactly how this mechanism works. In the current study we also demonstrated that exposure to alum/E&#x003b1;GFP induces increased cell surface MHC class II expression on BMDC. Similarly, previous studies have shown the high expression of MHCII molecules following alum treatment in human peripheral blood mononuclear cells <italic>in vitro</italic>
<xref rid="bib0080 bib0085 bib0090" ref-type="bibr">[16&#x02013;18]</xref>. Interestingly, in the current study the dose response of alum induced MHC class II expression was similar to that observed when detecting E&#x003b1;:MHCII complexes using the YAe antibody. Previous studies have demonstrated that inhibition of lysosomal proteases enhances the stability of p:MHCII complexes and leads to increased accumulation of MHCII complexes on the DC surface <xref rid="bib0155" ref-type="bibr">[31]</xref>. Therefore, if alum was to block lysosomal proteolysis, as suggested by the antigen persistence described above, this would explain the increased cell surface MHCII expression, although further studies would be required to validate this hypothesis. In summary, we have identified how alum modulates the following key steps leading to antigen presentation that could underpin adjuvant function (see <xref rid="fig0025" ref-type="fig">Fig. 5</xref>). Firstly, formulation of antigen in alum results in increased antigen internalisation by BMDC <italic>in vitro</italic>, consistent with the hypothesis that alum acts as an antigen delivery system (<xref rid="fig0025" ref-type="fig">Fig. 5</xref>A). Subsequently, we have demonstrated that alum slows protein degradation, presumably increasing the duration of peptide availability intracellularly (<xref rid="fig0025" ref-type="fig">Fig. 5</xref>B). Finally, we have demonstrated that alum enhances magnitude and duration of expression of p:MHCII complexes on the DC surface, with an accompanying increase in MHCII expression (<xref rid="fig0025" ref-type="fig">Fig. 5</xref>C). These consequences may underlie the generation of the long lasting T cell responses <italic>in vivo</italic>.</p></sec><sec id="sec0070"><title>Conflict of interest</title><p>The authors declare no financial or commercial conflict of interest.</p></sec></body><back><ref-list><title>References</title><ref id="bib0005"><label>1</label><element-citation publication-type="journal"><person-group person-group-type="author"><name><surname>Brewer</surname><given-names>J.M.</given-names></name></person-group><article-title>(How) do aluminium adjuvants work?</article-title><source>Immunol Lett</source><volume>102</volume><year>2006</year><fpage>10</fpage><lpage>15</lpage><pub-id pub-id-type="pmid">16188325</pub-id></element-citation></ref><ref id="bib0010"><label>2</label><element-citation publication-type="journal"><person-group person-group-type="author"><name><surname>Clements</surname><given-names>C.J.</given-names></name><name><surname>Griffiths</surname><given-names>E.</given-names></name></person-group><article-title>The global impact of vaccines containing aluminium adjuvants</article-title><source>Vaccine</source><volume>20</volume><issue>Suppl. 3</issue><year>2002</year><fpage>S24</fpage><lpage>S33</lpage><pub-id pub-id-type="pmid">12184361</pub-id></element-citation></ref><ref id="bib0015"><label>3</label><element-citation publication-type="journal"><person-group person-group-type="author"><name><surname>Villadangos</surname><given-names>J.A.</given-names></name><name><surname>Ploegh</surname><given-names>H.L.</given-names></name></person-group><article-title>Proteolysis in MHC class II antigen presentation: who's in charge?</article-title><source>Immunity</source><volume>12</volume><year>2000</year><fpage>233</fpage><lpage>239</lpage><pub-id pub-id-type="pmid">10755610</pub-id></element-citation></ref><ref id="bib0020"><label>4</label><element-citation publication-type="journal"><person-group person-group-type="author"><name><surname>Watts</surname><given-names>C.</given-names></name></person-group><article-title>Capture and processing of exogenous antigens for presentation on MHC molecules</article-title><source>Annu Rev Immunol</source><volume>15</volume><year>1997</year><fpage>821</fpage><lpage>850</lpage><pub-id pub-id-type="pmid">9143708</pub-id></element-citation></ref><ref id="bib0025"><label>5</label><element-citation publication-type="journal"><person-group person-group-type="author"><name><surname>Nakagawa</surname><given-names>T.Y.</given-names></name><name><surname>Rudensky</surname><given-names>A.Y.</given-names></name></person-group><article-title>The role of lysosomal proteinases in MHC class II-mediated antigen processing and presentation</article-title><source>Immunol Rev</source><volume>172</volume><year>1999</year><fpage>121</fpage><lpage>129</lpage><pub-id pub-id-type="pmid">10631942</pub-id></element-citation></ref><ref id="bib0030"><label>6</label><element-citation publication-type="journal"><person-group person-group-type="author"><name><surname>Nelson</surname><given-names>C.A.</given-names></name><name><surname>Vidavsky</surname><given-names>I.</given-names></name><name><surname>Viner</surname><given-names>N.J.</given-names></name><name><surname>Gross</surname><given-names>M.L.</given-names></name><name><surname>Unanue</surname><given-names>E.R.</given-names></name></person-group><article-title>Amino-terminal trimming of peptides for presentation on major histocompatibility complex class II molecules</article-title><source>Proc Natl Acad Sci USA</source><volume>94</volume><year>1997</year><fpage>628</fpage><lpage>633</lpage><pub-id pub-id-type="pmid">9012835</pub-id></element-citation></ref><ref id="bib0035"><label>7</label><element-citation publication-type="journal"><person-group person-group-type="author"><name><surname>Trombetta</surname><given-names>E.S.</given-names></name><name><surname>Ebersold</surname><given-names>M.</given-names></name><name><surname>Garrett</surname><given-names>W.</given-names></name><name><surname>Pypaert</surname><given-names>M.</given-names></name><name><surname>Mellman</surname><given-names>I.</given-names></name></person-group><article-title>Activation of lysosomal function during dendritic cell maturation</article-title><source>Science</source><volume>299</volume><year>2003</year><fpage>1400</fpage><lpage>1403</lpage><pub-id pub-id-type="pmid">12610307</pub-id></element-citation></ref><ref id="bib0040"><label>8</label><element-citation publication-type="journal"><person-group person-group-type="author"><name><surname>Trombetta</surname><given-names>E.S.</given-names></name><name><surname>Mellman</surname><given-names>I.</given-names></name></person-group><article-title>Cell biology of antigen processing <italic>in vitro</italic> and <italic>in vivo</italic></article-title><source>Annu Rev Immunol</source><volume>23</volume><year>2005</year><fpage>975</fpage><lpage>1028</lpage><pub-id pub-id-type="pmid">15771591</pub-id></element-citation></ref><ref id="bib0045"><label>9</label><element-citation publication-type="journal"><person-group person-group-type="author"><name><surname>Iezzi</surname><given-names>G.</given-names></name><name><surname>Karjalainen</surname><given-names>K.</given-names></name><name><surname>Lanzavecchia</surname><given-names>A.</given-names></name></person-group><article-title>The duration of antigenic stimulation determines the fate of naive and effector T cells</article-title><source>Immunity</source><volume>8</volume><year>1998</year><fpage>89</fpage><lpage>95</lpage><pub-id pub-id-type="pmid">9462514</pub-id></element-citation></ref><ref id="bib0050"><label>10</label><element-citation publication-type="journal"><person-group person-group-type="author"><name><surname>Zinkernagel</surname><given-names>R.M.</given-names></name></person-group><article-title>Localization dose and time of antigens determine immune reactivity</article-title><source>Semin Immunol</source><volume>12</volume><year>2000</year><fpage>163</fpage><lpage>171</lpage><comment>discussion 257&#x02013;344</comment><pub-id pub-id-type="pmid">10910735</pub-id></element-citation></ref><ref id="bib0055"><label>11</label><element-citation publication-type="journal"><person-group person-group-type="author"><name><surname>Lee</surname><given-names>W.T.</given-names></name><name><surname>Pasos</surname><given-names>G.</given-names></name><name><surname>Cecchini</surname><given-names>L.</given-names></name><name><surname>Mittler</surname><given-names>J.N.</given-names></name></person-group><article-title>Continued antigen stimulation is not required during CD4(+) T cell clonal expansion</article-title><source>J Immunol</source><volume>168</volume><year>2002</year><fpage>1682</fpage><lpage>1689</lpage><pub-id pub-id-type="pmid">11823497</pub-id></element-citation></ref><ref id="bib0060"><label>12</label><element-citation publication-type="journal"><person-group person-group-type="author"><name><surname>Obst</surname><given-names>R.</given-names></name><name><surname>van Santen</surname><given-names>H.M.</given-names></name><name><surname>Mathis</surname><given-names>D.</given-names></name><name><surname>Benoist</surname><given-names>C.</given-names></name></person-group><article-title>Antigen persistence is required throughout the expansion phase of a CD4(+) T cell response</article-title><source>J Exp Med</source><volume>201</volume><year>2005</year><fpage>1555</fpage><lpage>1565</lpage><pub-id pub-id-type="pmid">15897273</pub-id></element-citation></ref><ref id="bib0065"><label>13</label><element-citation publication-type="journal"><person-group person-group-type="author"><name><surname>Schrum</surname><given-names>A.G.</given-names></name><name><surname>Turka</surname><given-names>L.A.</given-names></name></person-group><article-title>The proliferative capacity of individual naive CD4(+) T cells is amplified by prolonged T cell antigen receptor triggering</article-title><source>J Exp Med</source><volume>196</volume><year>2002</year><fpage>793</fpage><lpage>803</lpage><pub-id pub-id-type="pmid">12235212</pub-id></element-citation></ref><ref id="bib0070"><label>14</label><element-citation publication-type="journal"><person-group person-group-type="author"><name><surname>Morefield</surname><given-names>G.L.</given-names></name><name><surname>Sokolovska</surname><given-names>A.</given-names></name><name><surname>Jiang</surname><given-names>D.</given-names></name><name><surname>HogenEsch</surname><given-names>H.</given-names></name><name><surname>Robinson</surname><given-names>J.P.</given-names></name><name><surname>Hem</surname><given-names>S.L.</given-names></name></person-group><article-title>Role of aluminum-containing adjuvants in antigen internalization by dendritic cells <italic>in vitro</italic></article-title><source>Vaccine</source><volume>23</volume><year>2005</year><fpage>1588</fpage><lpage>1595</lpage><pub-id pub-id-type="pmid">15694511</pub-id></element-citation></ref><ref id="bib0075"><label>15</label><element-citation publication-type="journal"><person-group person-group-type="author"><name><surname>Mannhalter</surname><given-names>J.W.</given-names></name><name><surname>Neychev</surname><given-names>H.O.</given-names></name><name><surname>Zlabinger</surname><given-names>G.J.</given-names></name><name><surname>Ahmad</surname><given-names>R.</given-names></name><name><surname>Eibl</surname><given-names>M.M.</given-names></name></person-group><article-title>Modulation of the human immune response by the non-toxic and non-pyrogenic adjuvant aluminium hydroxide: effect on antigen uptake and antigen presentation</article-title><source>Clin Exp Immunol</source><volume>61</volume><year>1985</year><fpage>143</fpage><lpage>151</lpage><pub-id pub-id-type="pmid">3876178</pub-id></element-citation></ref><ref id="bib0080"><label>16</label><element-citation publication-type="journal"><person-group person-group-type="author"><name><surname>Rimaniol</surname><given-names>A.C.</given-names></name><name><surname>Gras</surname><given-names>G.</given-names></name><name><surname>Verdier</surname><given-names>F.</given-names></name><name><surname>Capel</surname><given-names>F.</given-names></name><name><surname>Grigoriev</surname><given-names>V.B.</given-names></name><name><surname>Porcheray</surname><given-names>F.</given-names></name></person-group><article-title>Aluminum hydroxide adjuvant induces macrophage differentiation towards a specialized antigen-presenting cell type</article-title><source>Vaccine</source><volume>22</volume><year>2004</year><fpage>3127</fpage><lpage>3135</lpage><pub-id pub-id-type="pmid">15297065</pub-id></element-citation></ref><ref id="bib0085"><label>17</label><element-citation publication-type="journal"><person-group person-group-type="author"><name><surname>Seubert</surname><given-names>A.</given-names></name><name><surname>Monaci</surname><given-names>E.</given-names></name><name><surname>Pizza</surname><given-names>M.</given-names></name><name><surname>O&#x02019;Hagan</surname><given-names>D.T.</given-names></name><name><surname>Wack</surname><given-names>A.</given-names></name></person-group><article-title>The adjuvants aluminum hydroxide and MF59 induce monocyte and granulocyte chemoattractants and enhance monocyte differentiation toward dendritic cells</article-title><source>J Immunol</source><volume>180</volume><year>2008</year><fpage>5402</fpage><lpage>5412</lpage><pub-id pub-id-type="pmid">18390722</pub-id></element-citation></ref><ref id="bib0090"><label>18</label><element-citation publication-type="journal"><person-group person-group-type="author"><name><surname>Ulanova</surname><given-names>M.</given-names></name><name><surname>Tarkowski</surname><given-names>A.</given-names></name><name><surname>Hahn-Zoric</surname><given-names>M.</given-names></name><name><surname>Hanson</surname><given-names>L.A.</given-names></name></person-group><article-title>The common vaccine adjuvant aluminum hydroxide up-regulates accessory properties of human monocytes via an interleukin-4-dependent mechanism</article-title><source>Infect Immun</source><volume>69</volume><year>2001</year><fpage>1151</fpage><lpage>1159</lpage><pub-id pub-id-type="pmid">11160013</pub-id></element-citation></ref><ref id="bib0095"><label>19</label><element-citation publication-type="journal"><person-group person-group-type="author"><name><surname>Sokolovska</surname><given-names>A.</given-names></name><name><surname>Hem</surname><given-names>S.L.</given-names></name><name><surname>HogenEsch</surname><given-names>H.</given-names></name></person-group><article-title>Activation of dendritic cells and induction of CD4(+) T cell differentiation by aluminum-containing adjuvants</article-title><source>Vaccine</source><volume>25</volume><year>2007</year><fpage>4575</fpage><lpage>4585</lpage><pub-id pub-id-type="pmid">17485153</pub-id></element-citation></ref><ref id="bib0100"><label>20</label><element-citation publication-type="journal"><person-group person-group-type="author"><name><surname>Rimaniol</surname><given-names>A.C.</given-names></name><name><surname>Gras</surname><given-names>G.</given-names></name><name><surname>Clayette</surname><given-names>P.</given-names></name></person-group><article-title><italic>In vitro</italic> interactions between macrophages and aluminum-containing adjuvants</article-title><source>Vaccine</source><volume>25</volume><year>2007</year><fpage>6784</fpage><lpage>6792</lpage><pub-id pub-id-type="pmid">17689842</pub-id></element-citation></ref><ref id="bib0105"><label>21</label><element-citation publication-type="journal"><person-group person-group-type="author"><name><surname>Itano</surname><given-names>A.A.</given-names></name><name><surname>McSorley</surname><given-names>S.J.</given-names></name><name><surname>Reinhardt</surname><given-names>R.L.</given-names></name><name><surname>Ehst</surname><given-names>B.D.</given-names></name><name><surname>Ingulli</surname><given-names>E.</given-names></name><name><surname>Rudensky</surname><given-names>A.Y.</given-names></name></person-group><article-title>Distinct dendritic cell populations sequentially present antigen to CD4 T cells and stimulate different aspects of cell-mediated immunity</article-title><source>Immunity</source><volume>19</volume><year>2003</year><fpage>47</fpage><lpage>57</lpage><pub-id pub-id-type="pmid">12871638</pub-id></element-citation></ref><ref id="bib0110"><label>22</label><element-citation publication-type="journal"><person-group person-group-type="author"><name><surname>Rudensky</surname><given-names>A.</given-names></name><name><surname>Rath</surname><given-names>S.</given-names></name><name><surname>Preston-Hurlburt</surname><given-names>P.</given-names></name><name><surname>Murphy</surname><given-names>D.B.</given-names></name><name><surname>Janeway</surname><given-names>C.A.</given-names><suffix>Jr.</suffix></name></person-group><article-title>On the complexity of self</article-title><source>Nature</source><volume>353</volume><year>1991</year><fpage>660</fpage><lpage>662</lpage><pub-id pub-id-type="pmid">1656278</pub-id></element-citation></ref><ref id="bib0115"><label>23</label><element-citation publication-type="journal"><person-group person-group-type="author"><name><surname>Rudensky</surname><given-names>A.</given-names></name><name><surname>Preston-Hurlburt</surname><given-names>P.</given-names></name><name><surname>Hong</surname><given-names>S.C.</given-names></name><name><surname>Barlow</surname><given-names>A.</given-names></name><name><surname>Janeway</surname><given-names>C.A.</given-names><suffix>Jr.</suffix></name></person-group><article-title>Sequence analysis of peptides bound to MHC class II molecules</article-title><source>Nature</source><volume>353</volume><year>1991</year><fpage>622</fpage><lpage>627</lpage><pub-id pub-id-type="pmid">1656276</pub-id></element-citation></ref><ref id="bib0120"><label>24</label><element-citation publication-type="journal"><person-group person-group-type="author"><name><surname>Rush</surname><given-names>C.M.</given-names></name><name><surname>Brewer</surname><given-names>J.M.</given-names></name></person-group><article-title>Tracking dendritic cells <italic>in vivo</italic></article-title><source>Methods Mol Biol</source><volume>626</volume><year>2010</year><fpage>169</fpage><lpage>185</lpage><pub-id pub-id-type="pmid">20099128</pub-id></element-citation></ref><ref id="bib0125"><label>25</label><element-citation publication-type="journal"><person-group person-group-type="author"><name><surname>Lutz</surname><given-names>M.B.</given-names></name><name><surname>Kukutsch</surname><given-names>N.</given-names></name><name><surname>Ogilvie</surname><given-names>A.L.</given-names></name><name><surname>Rossner</surname><given-names>S.</given-names></name><name><surname>Koch</surname><given-names>F.</given-names></name><name><surname>Romani</surname><given-names>N.</given-names></name></person-group><article-title>An advanced culture method for generating large quantities of highly pure dendritic cells from mouse bone marrow</article-title><source>J Immunol Methods</source><volume>223</volume><year>1999</year><fpage>77</fpage><lpage>92</lpage><pub-id pub-id-type="pmid">10037236</pub-id></element-citation></ref><ref id="bib0130"><label>26</label><element-citation publication-type="journal"><person-group person-group-type="author"><name><surname>Vidard</surname><given-names>L.</given-names></name><name><surname>Rock</surname><given-names>K.L.</given-names></name><name><surname>Benacerraf</surname><given-names>B.</given-names></name></person-group><article-title>The generation of immunogenic peptides can be selectively increased or decreased by proteolytic enzyme inhibitors</article-title><source>J Immunol</source><volume>147</volume><year>1991</year><fpage>1786</fpage><lpage>1791</lpage><pub-id pub-id-type="pmid">1890304</pub-id></element-citation></ref><ref id="bib0135"><label>27</label><element-citation publication-type="journal"><person-group person-group-type="author"><name><surname>Watts</surname><given-names>C.</given-names></name><name><surname>Moss</surname><given-names>C.X.</given-names></name><name><surname>Mazzeo</surname><given-names>D.</given-names></name><name><surname>West</surname><given-names>M.A.</given-names></name><name><surname>Matthews</surname><given-names>S.P.</given-names></name><name><surname>Li</surname><given-names>D.N.</given-names></name></person-group><article-title>Creation versus destruction of T cell epitopes in the class II MHC pathway</article-title><source>Ann N Y Acad Sci</source><volume>987</volume><year>2003</year><fpage>9</fpage><lpage>14</lpage><pub-id pub-id-type="pmid">12727619</pub-id></element-citation></ref><ref id="bib0140"><label>28</label><element-citation publication-type="journal"><person-group person-group-type="author"><name><surname>Delamarre</surname><given-names>L.</given-names></name><name><surname>Couture</surname><given-names>R.</given-names></name><name><surname>Mellman</surname><given-names>I.</given-names></name><name><surname>Trombetta</surname><given-names>E.S.</given-names></name></person-group><article-title>Enhancing immunogenicity by limiting susceptibility to lysosomal proteolysis</article-title><source>J Exp Med</source><volume>203</volume><year>2006</year><fpage>2049</fpage><lpage>2055</lpage><pub-id pub-id-type="pmid">16908625</pub-id></element-citation></ref><ref id="bib0145"><label>29</label><element-citation publication-type="journal"><person-group person-group-type="author"><name><surname>Celli</surname><given-names>S.</given-names></name><name><surname>Lemaitre</surname><given-names>F.</given-names></name><name><surname>Bousso</surname><given-names>P.</given-names></name></person-group><article-title>Real-time manipulation of T cell-dendritic cell interactions <italic>in vivo</italic> reveals the importance of prolonged contacts for CD4+ T cell activation</article-title><source>Immunity</source><volume>27</volume><year>2007</year><fpage>625</fpage><lpage>634</lpage><pub-id pub-id-type="pmid">17950004</pub-id></element-citation></ref><ref id="bib0150"><label>30</label><element-citation publication-type="journal"><person-group person-group-type="author"><name><surname>Bajenoff</surname><given-names>M.</given-names></name><name><surname>Granjeaud</surname><given-names>S.</given-names></name><name><surname>Guerder</surname><given-names>S.</given-names></name></person-group><article-title>The strategy of T cell antigen-presenting cell encounter in antigen-draining lymph nodes revealed by imaging of initial T cell activation</article-title><source>J Exp Med</source><volume>198</volume><year>2003</year><fpage>715</fpage><lpage>724</lpage><pub-id pub-id-type="pmid">12953093</pub-id></element-citation></ref><ref id="bib0155"><label>31</label><element-citation publication-type="journal"><person-group person-group-type="author"><name><surname>Shin</surname><given-names>J.S.</given-names></name><name><surname>Ebersold</surname><given-names>M.</given-names></name><name><surname>Pypaert</surname><given-names>M.</given-names></name><name><surname>Delamarre</surname><given-names>L.</given-names></name><name><surname>Hartley</surname><given-names>A.</given-names></name><name><surname>Mellman</surname><given-names>I.</given-names></name></person-group><article-title>Surface expression of MHC class II in dendritic cells is controlled by regulated ubiquitination</article-title><source>Nature</source><volume>444</volume><year>2006</year><fpage>115</fpage><lpage>118</lpage><pub-id pub-id-type="pmid">17051151</pub-id></element-citation></ref></ref-list><ack><title>Acknowledgements</title><p>This work was funded by grants from the <funding-source>Biotechnology and Biological Sciences Research Council</funding-source> and <funding-source>The Wellcome Trust</funding-source>.</p></ack></back><floats-group><fig id="fig0005"><label>Fig. 1</label><caption><p>Application of the E&#x003b1;GFP/YAe system to reveal the impact of alum adjuvants on antigen uptake and presentation by DCs. BMDCs (2&#x000a0;&#x000d7;&#x000a0;10<sup>6</sup>/5&#x000a0;mL) were incubated in media, alum (100&#x000a0;&#x003bc;g/mL), E&#x003b1;GFP (100&#x000a0;&#x003bc;g/mL) and E&#x003b1;GFP adsorbed to alum (100&#x000a0;&#x003bc;g/mL) for 24&#x000a0;h. (A) A total of 50,000 cells were analysed on the basis of FSC (forward scatter) and SSC (side scatter) and DCs identified by CD11c expression. Analysis of GFP and YAe levels was performed on CD11c positive populations. These histograms represent the cells treated with E&#x003b1;GFP adsorbed to alum. (B) The overlay histograms represent the levels of GFP (left) and YAe (right) detected in DCs following different treatments as indicated in legends. (C) The bar graphs show the MFI of GFP (left) and MFI of YAe (right) in different treatment groups. Results are expressed as mean&#x000a0;&#x000b1;&#x000a0;SEM of triplicate cultures. ***<italic>p</italic>&#x000a0;&#x0003c;&#x000a0;0.0001 after comparing level (mean&#x000a0;&#x000b1;&#x000a0;SEM) of GFP or YAe between E&#x003b1;GFP- and E&#x003b1;GFP&#x000a0;+&#x000a0;alum-treated groups as analysed by Tukey post test. Data shown is representative of five independent experiments.</p></caption><graphic xlink:href="gr1"/></fig><fig id="fig0010"><label>Fig. 2</label><caption><p>Alum efficiently targets DCs by enhancing both accumulation and presentation of antigen by DCs <italic>in vitro</italic>. (A) BMDCs (2&#x000a0;&#x000d7;&#x000a0;10<sup>6</sup>/5&#x000a0;mL) were incubated with E&#x003b1; (E&#x003b1;GFP) (0, 1, 10, 100&#x000a0;&#x003bc;g/mL) and E&#x003b1;GFP adsorbed to alum (100&#x000a0;&#x003bc;g/mL) for 24&#x000a0;h and using the gating strategy in <xref rid="fig0005" ref-type="fig">Fig. 1</xref>A, levels of GFP and or YAe on CD11c positive populations were analysed. (B) The levels of GFP (left) and YAe (right) on CD11c positive populations were analysed and the line graphs were made by the scatter dot plots and joining the mean values. Bonferronni post tests (two way ANOVA) were used to compare the level (mean&#x000a0;&#x000b1;&#x000a0;SEM of triplicate cultures) of GFP or YAe between E&#x003b1;GFP- or E&#x003b1;GFP&#x000a0;+&#x000a0;alum-treated groups at particular dose of E&#x003b1;GFP. ***<italic>p</italic>&#x000a0;&#x0003c;&#x000a0;0.001. Data shown is representative of three independent experiments. (C) BMDCs (2&#x000a0;&#x000d7;&#x000a0;10<sup>6</sup>/5&#x000a0;mL) were incubated with E&#x003b1;GFP (0 and 100&#x000a0;&#x003bc;g/mL) and E&#x003b1;GFP adsorbed to alum (0.0, 0.1, 1.0, 10.0, 100.0 and 1000.0&#x000a0;&#x003bc;g/mL) for 24&#x000a0;h and using the gating strategy in <xref rid="fig0005" ref-type="fig">Fig. 1</xref>A, levels of GFP and/or YAe on CD11c positive populations were analysed. (D) The levels of GFP (left) and YAe (right) on CD11c positive populations were analysed and the line graphs were made by the scatter dot plots and joining the mean values. Tukey post test (one way ANOVA) was used to compare the level (mean&#x000a0;&#x000b1;&#x000a0;SEM of triplicate cultures) of GFP or YAe between control (alum; 0.0&#x000a0;&#x003bc;g/mL or E&#x003b1;GFP; 100&#x000a0;&#x003bc;g/mL)-treated group and increasing concentrations of alum. ***<italic>p</italic>&#x000a0;&#x0003c;&#x000a0;0.0001, **<italic>p</italic>&#x000a0;&#x0003c;&#x000a0;0.001, *<italic>p</italic>&#x000a0;&#x0003c;&#x000a0;0.01, ns&#x000a0;=&#x000a0;not significant. Data shown is representative of three independent experiments. E&#x003b1;: E&#x003b1;GFP; A: alum.</p></caption><graphic xlink:href="gr2"/></fig><fig id="fig0015"><label>Fig. 3</label><caption><p>Alum enhances antigen uptake, reduces antigen degradation and maintains antigen presentation by DCs <italic>in vitro</italic>. (A) BMDCs (3&#x000a0;&#x000d7;&#x000a0;10<sup>6</sup>/5&#x000a0;mL) were pulsed with E&#x003b1;GFP (100&#x000a0;&#x003bc;g/mL) or E&#x003b1;GFP adsorbed to alum (100&#x000a0;&#x003bc;g/mL) for 1&#x000a0;h, then incubated for different chase periods (0, 24, 48 and 72&#x000a0;h). Using the gating strategy in <xref rid="fig0005" ref-type="fig">Fig. 1</xref>A, levels of GFP and or YAe on CD11c positive populations were analysed. The line graphs show the % of GFP (B), % of YAe (C), % of GFP&#x000a0;+&#x000a0;YAe<sup>+</sup> positive cells (D) and % of GFP&#x000a0;+&#x000a0;YAe<sup>&#x02212;</sup> (E) in different treatment groups. Data have been presented as the mean&#x000a0;&#x000b1;&#x000a0;SEM of quadruplicate samples. Bonferronni post test (two way ANOVA) was used to evaluate <italic>p</italic>-value by comparing the proportion (mean&#x000a0;&#x000b1;&#x000a0;SEM) of cells positive for either GFP and/or YAe between E&#x003b1;GFP- and E&#x003b1;GFP&#x000a0;+&#x000a0;alum-treated groups at specific chase period. ***<italic>p</italic>&#x000a0;&#x0003c;&#x000a0;0.001, ns: not significant. Data shown is representative of two independent experiments.</p></caption><graphic xlink:href="gr3"/></fig><fig id="fig0020"><label>Fig. 4</label><caption><p>Alum increases level of MHC class II molecules in dose-dependent manner <italic>in vitro</italic>. BMDCs (2&#x000a0;&#x000d7;&#x000a0;10<sup>6</sup>/5&#x000a0;mL) were incubated with media, or with different doses of alum (0.1, 1, 10, 100 and 1000&#x000a0;&#x003bc;g/mL) and LPS (1&#x000a0;&#x003bc;g/mL) for 24&#x000a0;h. Cells were stained with anti-CD11c, anti-mouse MHC Class II and analysed by flow cytometry. (A) The overlay histograms show the % of maximum of cells positive for MHC class II molecules in BMDCs in different treatment groups. Shadow represents isotype control, which has been gated as negative for MHCII molecules. (B) The line graphs show the proportion (mean&#x000a0;&#x000b1;&#x000a0;SEM) of MHCII positive cells (left) and the MFI (mean&#x000a0;&#x000b1;&#x000a0;SEM) of MHC class II molecules (right) at different concentrations of alum in triplicate cultures. Tukey post tests (one way ANOVA) was used to compare the level of MHCII between untreated cells (incubated in media; alum-0.0&#x000a0;&#x003bc;g/mL) and cells treated with various concentrations of alum. ***<italic>p</italic>&#x000a0;&#x0003c;&#x000a0;0.0001. Data shown is representative of two independent experiments.</p></caption><graphic xlink:href="gr4"/></fig><fig id="fig0025"><label>Fig. 5</label><caption><p>Illustrative conclusion of mechanisms of alum adjuvants <italic>in vitro</italic>. (A) Alum acts as an antigen delivery system. (B) Alum slows down protein degradation, presumably increasing the duration of peptide availability intracellularly. (C) Alum enhances magnitude and duration of expression of p:MHCII complexes on the DC surface.</p></caption><graphic xlink:href="gr5"/></fig></floats-group></article>