<article xmlns:xlink="http://www.w3.org/1999/xlink" xmlns:mml="http://www.w3.org/1998/Math/MathML" article-type="research-article"><?properties open_access?><front><journal-meta><journal-id journal-id-type="nlm-ta">Immunol Lett</journal-id><journal-title-group><journal-title>Immunology Letters</journal-title></journal-title-group><issn pub-type="ppub">0165-2478</issn><issn pub-type="epub">1879-0542</issn><publisher><publisher-name>Elsevier/North-Holland Biomedical Press</publisher-name></publisher></journal-meta><article-meta><article-id pub-id-type="pmid">18400308</article-id><article-id pub-id-type="pmc">2430030</article-id><article-id pub-id-type="publisher-id">IMLET4634</article-id><article-id pub-id-type="doi">10.1016/j.imlet.2008.02.008</article-id><article-categories><subj-group subj-group-type="heading"><subject>Article</subject></subj-group></article-categories><title-group><article-title>Murine neutrophils present Class II restricted antigen</article-title></title-group><contrib-group><contrib contrib-type="author"><name><surname>Culshaw</surname><given-names>Shauna</given-names></name><email>s.culshaw@dental.gla.ac.uk</email><xref rid="cor1" ref-type="corresp">&#x0204e;</xref></contrib><contrib contrib-type="author"><name><surname>Millington</surname><given-names>Owain R.</given-names></name><xref rid="fn1" ref-type="fn">1</xref></contrib><contrib contrib-type="author"><name><surname>Brewer</surname><given-names>James M.</given-names></name><xref rid="fn1" ref-type="fn">1</xref></contrib><contrib contrib-type="author"><name><surname>McInnes</surname><given-names>Iain B.</given-names></name></contrib></contrib-group><aff>Centre for Rheumatic Diseases, Glasgow Biomedical Research Centre, University of Glasgow, 120 University Place, Glasgow G12 8TA, UK</aff><author-notes><corresp id="cor1"><label>&#x0204e;</label>Corresponding author. Current address: Department of Periodontology, Glasgow Dental Hospital and School, 378 Sauchiehall Street, Glasgow G2 3JZ, UK. Tel.: +44 141 211 9748; fax: +44 141 353 1593. <email>s.culshaw@dental.gla.ac.uk</email></corresp><fn id="fn1"><label>1</label><p>Current address: Centre for Biophotonics, Strathclyde Institute of Pharmacy and Biomedical Sciences, University of Strathclyde, 27 Taylor Street, Glasgow G4 0NR, UK.</p></fn></author-notes><pub-date pub-type="pmc-release"><day>15</day><month>6</month><year>2008</year></pub-date><!-- PMC Release delay is 0 months and 0 days and was based on the
							<pub-date pub-type="ppub"/>. --><pub-date pub-type="ppub"><day>15</day><month>6</month><year>2008</year></pub-date><volume>118</volume><issue>1</issue><fpage>49</fpage><lpage>54</lpage><history><date date-type="received"><day>22</day><month>8</month><year>2007</year></date><date date-type="rev-recd"><day>22</day><month>2</month><year>2008</year></date><date date-type="accepted"><day>26</day><month>2</month><year>2008</year></date></history><permissions><copyright-statement>&#x000a9; 2008 Elsevier B.V.</copyright-statement><copyright-year>2008</copyright-year><copyright-holder>Elsevier B.V.</copyright-holder><license><license-p>This document may be redistributed and reused, subject to <ext-link ext-link-type="uri" xlink:href="http://www.elsevier.com/wps/find/authorsview.authors/supplementalterms1.0">certain conditions</ext-link>.</license-p></license></permissions><abstract><p>Neutrophils were originally described as short lived, terminally differentiated phagocytes that contribute only to the innate immune response. Recent evidence of neutrophil cytokine production and expression of numerous cell surface proteins has suggested that neutrophils are likely to influence adaptive responses and may satisfy the criteria of antigen presenting cells. Under certain inflammatory conditions human neutrophils express major histocompatibilty complex (MHC) Class II and the costimulatory molecules CD80 and CD86. We have employed a murine T cell hybridoma with a transgenic T cell receptor specific for ovalbumin peptide 323&#x02013;339 (OVA<sub>323&#x02013;339</sub>), and a green fluorescent reporter of T cell receptor ligation, to directly investigate neutrophil-T cell interactions. These cells provide an ideal model system, allowing precise identification of antigen specificity and a clear readout of T cell activation. Additionally, whilst murine neutrophils have previously been shown to stimulate MHC Class I-dependent CD8<sup>+</sup> T cell activation, CD4<sup>+</sup> T cells stimulation via MHC Class II-expressing neutrophils has not been investigated. We addressed this by isolating murine neutrophils, loading with OVA<sub>323&#x02013;339</sub> and co-culturing with T cells specific for the OVA<sub>323&#x02013;339</sub>/MHC Class II complex, and this resulted in T cell activation, as determined by expression of the green-fluorescent protein reporter. Antigen-pulsed neutrophils were also able to prime na&#x000ef;ve OVA-specific CD4<sup>+</sup> T cells in a contact-dependent manner, as shown by proliferation and cytokine production. Activation of lymphocytes was not due to contaminating macrophages. These studies demonstrate that murine neutrophils present MHC Class II-restricted peptides and induce T cell proliferation, confirming findings in human neutrophils, and demonstrate a novel pro inflammatory effect of murine neutrophils.</p></abstract><kwd-group><title>Keywords</title><kwd>Murine</kwd><kwd>Neutrophil</kwd><kwd>Antigen presentation</kwd></kwd-group></article-meta></front><body><sec><label>1</label><title>Introduction</title><p>The range of functions ascribed to neutrophils has expanded significantly, from terminally differentiated, short-lived phagocytes that are solely involved in innate immune responses to cells that are now believed to influence the development of adaptive immune responses. Emerging evidence indicates that neutrophils may communicate with T cells through direct cell contact via major histocompatibility complex (MHC) Class I, Class II <xref rid="bib1 bib2" ref-type="bibr">[1,2]</xref>, and co-stimulatory molecules <xref rid="bib3 bib4" ref-type="bibr">[3,4]</xref>. Additionally, a neutrophil-derived cytokine milieu <xref rid="bib5" ref-type="bibr">[5]</xref> may have significant impact on the adaptive response to infection, for example via neutrophil-derived IL-12 <xref rid="bib6 bib7" ref-type="bibr">[6,7]</xref>.</p><p>There is considerable evidence to suggest that neutrophils satisfy the criteria of antigen presenting cells, with some capacity to process antigen. Human neutrophils express MHC Class II, either following in vitro activation via CD11b <xref rid="bib8 bib9" ref-type="bibr">[8,9]</xref>, with IFN&#x003b3;, and GM-CSF <xref rid="bib10 bib11" ref-type="bibr">[10,11]</xref> or following in vivo activation in RA synovial fluid <xref rid="bib4 bib12" ref-type="bibr">[4,12]</xref>, in patients with active Wegener's Granulomatosis <xref rid="bib13" ref-type="bibr">[13]</xref>, in patients receiving GM-CSF <xref rid="bib14" ref-type="bibr">[14]</xref>, and in persistent localized <italic>Staphylococcus aureus</italic> infections <xref rid="bib15" ref-type="bibr">[15]</xref>. In addition to MHC Class II expression, stimulation of normal human PMN with IFN&#x003b3;, or via CD11b induces CD80 and CD86 expression <xref rid="bib8 bib11" ref-type="bibr">[8,11]</xref>. Human neutrophil presentation of superantigens is documented <xref rid="bib2" ref-type="bibr">[2]</xref>. However, there are conflicting reports of neutrophils&#x02019; capacity to process and present tetanus toxoid on MHC Class II and activate T cells <xref rid="bib1 bib2" ref-type="bibr">[1,2]</xref>. A capacity for extracellular antigen processing had been suggested as neutrophil gelatinase may cleave collagen to a Class II restricted immunodominant epitope <xref rid="bib16" ref-type="bibr">[16]</xref>.</p><p>Harding et al. demonstrated murine neutrophil Class I restricted antigen presentation <xref rid="bib17" ref-type="bibr">[17]</xref> and additionally show that neutrophils processed phagocytosed bacteria via an alternate MHC Class I antigen-processing pathway, and such neutrophils may &#x02018;regurgitate&#x02019; processed peptide into the extracellular space and this peptide may then bind MHC Class I on neighbouring cells (e.g. macrophages) for presentation to CD8 cells <xref rid="bib17" ref-type="bibr">[17]</xref>.</p><p>Human studies of antigen-specific neutrophil-T cell interactions are confounded by low frequency of antigen-specific T cells in peripheral blood, variation of MHC allele expression, which therefore impedes ideal peptide antigen identification. To overcome these complications, we have employed a murine model system. Moreover, despite the important role of the neutrophil in the pathogenesis of numerous inflammatory diseases, many of which are modelled in rodents, there is a relative paucity of information on murine Class II restricted antigen presentation. We, therefore, sought to investigate whether murine neutrophils present antigens via MHC Class II.</p></sec><sec sec-type="materials|methods"><label>2</label><title>Materials and methods</title><sec><label>2.1</label><title>Murine peritoneal neutrophil and macrophage separation</title><p>Peritoneal exudate cells (PEC) were obtained as previously described <xref rid="bib18" ref-type="bibr">[18]</xref>. Briefly, 6&#x02013;8-week-old BALB/c mice (Harlan Olac, Bicester, UK) received 1.5&#x000a0;ml i.p. Brewers thioglycollate medium (Difco, East Molesey, UK) and 4&#x000a0;h later animals were sacrificed and cells harvested by peritoneal lavage. PEC were washed once then resuspended in 8&#x000a0;ml PBS, and layered over 3&#x000a0;ml Histopaque<sup>&#x000ae;</sup> 1083 (Sigma, Poole, UK), then centrifuged at 700&#x000a0;&#x000d7;&#x000a0;<italic>g</italic> for 30&#x000a0;min at 20&#x000a0;&#x000b0;C. The enriched population of neutrophils contained within the cell pellet was washed twice in RPMI (Invitrogen, Paisley, UK) then resuspended at 2&#x000a0;&#x000d7;&#x000a0;10<sup>6</sup>&#x000a0;ml<sup>&#x02212;1</sup> in medium supplemented with 2&#x000a0;mM <sc>l</sc>-glutamine, 100&#x000a0;IU penicillin, 100&#x000a0;&#x003bc;g/ml streptomycin (all Invitrogen) and 10% foetal calf serum (Harlan). Peritoneal macrophages were obtained by adhering PEC to a polystyrene flask for 3&#x02013;4&#x000a0;h after which remaining adherent cells were incubated with ice cold PBS (without calcium or magnesium) at 4&#x000a0;&#x000b0;C for 10&#x000a0;min. Cells were harvested with a cell scraper, then washed in RPMI and resuspended at 2&#x000a0;&#x000d7;&#x000a0;10<sup>6</sup>&#x000a0;ml<sup>&#x02212;1</sup>.</p></sec><sec><label>2.2</label><title>Murine lymph node preparation</title><p>DO11.10 mice, with CD4<sup>+</sup> T cells specific for the OVA<sub>323&#x02013;339</sub> peptide in the context of the MHC Class II molecule I-A<sup>d</sup>
<xref rid="bib19" ref-type="bibr">[19]</xref> were obtained originally from N. Lycke, University of G&#x000f6;teborg, Sweden. This T cell receptor is recognized by the KJ1.26 clonotypic antibody. Single cell suspensions of lymph nodes from DO11.10 mice were obtained by passing tissues through 100&#x000a0;&#x003bc;m Nitex membrane (Cadish, London, UK) using a 5&#x000a0;ml syringe plunger. To enrich for lymphocytes in lymph node cell suspensions, cells were resuspended at 4&#x000a0;&#x000d7;&#x000a0;10<sup>6</sup>&#x000a0;ml<sup>&#x02212;1</sup> in complete RPMI, and cultured in 150&#x000a0;cm<sup>3</sup> polystyrene flasks (Iwaki, Japan), for 2&#x000a0;h after which non-adherent cells were removed. Cells were washed three times in RPMI and resuspended at the desired cell concentration in complete RPMI with 25&#x000a0;mM HEPES.</p></sec><sec><label>2.3</label><title>Assessment of cell proliferation and cytokine production</title><p>Cells were cultured under conditions indicated in figure legends. Where indicated, transwells (0.2&#x000a0;&#x003bc;m membrane, Fisher Scientific, UK) separated cell populations. Cell proliferation was assessed by incorporation of [<sup>3</sup>H]thymidine (0.5&#x000a0;&#x003bc;Ci/well) for the last 18&#x000a0;h of culture. Cells were harvested using a Betaplate 96-well harvester (Wallac Oy, Turku, Finland) and [<sup>3</sup>H]thymidine incorporation measured on a Betaplate liquid scintillation counter (Wallac). Concentration of cytokines in supernatants were estimated by ELISA. Paired antibodies (Pharmingen, Oxford, UK) were used in accordance with the manufacturer's recommendations. All assays were optimised and validated prior to use. Maxisorp 96-well plates (Nunc) were coated with capture antibody in 0.1&#x000a0;M NaHCO<sub>3</sub> overnight at 4&#x000a0;&#x000b0;C. Plates were blocked for 2&#x000a0;h; samples and standards added for 2&#x000a0;h, followed by biotinylated secondary antibody for 1&#x000a0;h, then ExtrAvidin peroxidase (Sigma) conjugate for 45&#x000a0;min. Plates were developed with TMB (3,3&#x02032;,5,5&#x02032;-tetra-methylbenzidine, KPL, Gaithersburg, USA), and then read at 630&#x000a0;nm with a Dynex MRX II plate reader and analysed using Dynex Revelation 3.2 software (Dynex, Middlesex, UK). The levels of cytokine in supernatants were calculated by comparison with recombinant cytokine standards (R&#x00026;D Systems, Abingdon, UK).</p></sec><sec><label>2.4</label><title>Hybridoma cells</title><p>The DO11.10-GFP hybridoma (kind gift of David Underhill, Department of Immunology, University of Washington, Seattle, Washington <xref rid="bib20" ref-type="bibr">[20]</xref>) cells were grown in medium containing a 0.5&#x000a0;mg/ml geneticin. Co-cultures were established in which neutrophils or macrophages were incubated with 10&#x000a0;&#x003bc;g/ml OVA<sub>323&#x02013;339</sub> peptide and DO11.10-GFP hybridoma cells, in the ratio indicated in the figure legends. Cells were cultured for 14&#x000a0;h, washed, and then analysed by flow cytometry.</p></sec><sec><label>2.5</label><title>Flow cytometry</title><p>Aliquots of 1&#x000a0;&#x000d7;&#x000a0;10<sup>6</sup> cells in 12&#x000a0;mm&#x000a0;&#x000d7;&#x000a0;75&#x000a0;mm polystyrene tubes (Falcon BD, Oxford, UK) were resuspended in 100&#x000a0;&#x003bc;l FACS buffer (PBS, 2% FCS and 0.05% NaN<sub>3</sub>) containing Fc Block (Becton Dickenson, Oxford, UK) as well as appropriate antibody or isotype control. Neutrophils were identified with anti GR-1 (RB6-8C5, Caltag), macrophages with anti F4/80 (C1:A3-1, Caltag), and MHC Class II assessed (2G9, BD Biosciences), and T cells identified using anti CD4<sup>+</sup> (RM4-5, BD) and a clonotypic antibody specific for the OVA<sub>323&#x02013;339</sub> TCR (KJ1.26). After washing, samples were analyzed using a FACSCalibur flow cytometer equipped with a 488&#x000a0;nm argon laser and a 635&#x000a0;nm red diode laser and analyzed using CellQuest software (both BD).</p></sec><sec><label>2.6</label><title>Statistical analysis</title><p>Statistical analysis was performed on data as indicated in the figure legends, using Minitab software.</p></sec></sec><sec><label>3</label><title>Results</title><sec><label>3.1</label><title>Purification of murine neutrophils</title><p>Neutrophils were purified from thioglycollate-induced peritoneal exudate cells (PEC), as there is a relative paucity of neutrophils in murine peripheral blood (data not shown). PEC were harvested 4&#x000a0;h post-thioglycollate administration, previously shown to be the peak of neutrophil recruitment, and after which an increasing proportion of macrophages are recruited <xref rid="bib18" ref-type="bibr">[18]</xref>. Approximately 65% of thioglycollate-induced PEC were identified as neutrophils on the basis of GR1 staining (data not shown). PEC were further enhanced for neutrophils with a Ficoll gradient purification as previously described <xref rid="bib18" ref-type="bibr">[18]</xref>. Following purification, samples were routinely 85% GR1 positive (<xref rid="fig1" ref-type="fig">Fig. 1</xref>a). Importantly, samples contained few macrophages (&#x0003c;4%) as determined by F4/80 staining (<xref rid="fig1" ref-type="fig">Fig. 1</xref>b). Cytospins of neutrophil preparations were prepared and demonstrated characteristic multilobed nuclei in &#x0003e;85% or cells (data not shown). Macrophage samples were 50&#x02013;60% F4/80 positive cells (data not shown). Murine neutrophils, expressing GR-1, were found to express MHC Class II (<xref rid="fig1" ref-type="fig">Fig. 1</xref>c), albeit at low levels relative to F4/80 positive macrophages (<xref rid="fig1" ref-type="fig">Fig. 1</xref>d).</p></sec><sec><label>3.2</label><title>Murine neutrophils are able to present peptide antigen</title><p>The murine T cell hybridoma, DO11.10-GFP, is activated by OVA<sub>323&#x02013;339</sub> peptide in the context of I-A<sup>d</sup>, without any requirement for co-stimulation. The hybridoma does not respond to peptide alone (<xref rid="fig2" ref-type="fig">Fig. 2</xref>, &#x02018;background&#x02019;). Neutrophils or macrophages alone had no effect on GFP expression by DO11.10-GFP. However, neutrophils or macrophages loaded with OVA<sub>323&#x02013;339</sub> stimulated significant GFP expression by hybridoma cells when cultured at a 1:1 ratio. A dilution of macrophages was performed to estimate the contribution of contaminating macrophages to the results observed with neutrophil populations, demonstrating that at a ratio of 1 macrophage to 10 DO11.10-GFP cells, there was significantly less expression of GFP protein compared to that induced by neutrophils at a 1:1 ratio (<xref rid="fig2" ref-type="fig">Fig. 2</xref>). At a ratio of 1:100, there was no consistent GFP expression detected (data not shown). As there were &#x0003c;5% F4/80 positive macrophages contaminating the neutrophil samples, these titration experiments indicated that only a small proportion of the T cell hybridoma activation observed in the &#x02018;neutrophil presentation&#x02019; assays could be attributable to macrophage contamination.</p></sec><sec><label>3.3</label><title>Neutrophils can drive na&#x000ef;ve T cell proliferation and cytokine production</title><p>To investigate neutrophils antigen presentation in a co-stimulation dependent system, and the ability of neutrophils not only to present but also to prime T cells, neutrophils were co-cultured with primary T cells. Lymph nodes were obtained from DO11.10 transgenic BALB/c mice. Single cell suspensions of lymph nodes were allowed to adhere to plastic for 3&#x000a0;h to remove the majority of adherent antigen presenting cells, after which the population was routinely 70% CD3 positive (data not shown). The presence of remaining endogenous APCs in the lymph node facilitated a strong response to OVA<sub>323&#x02013;339</sub> peptide alone (<xref rid="fig3" ref-type="fig">Fig. 3</xref>a, c and e). Therefore, neutrophils and macrophages were pulsed with OVA<sub>323&#x02013;339</sub> for 2&#x000a0;h then washed three times to remove unbound peptide prior to the addition of transgenic T cells. Cells were co-cultured for 72&#x000a0;h at the ratios indicated in the figure legends. Neutrophils pulsed with OVA<sub>323&#x02013;339</sub>-induced proliferation (<xref rid="fig3" ref-type="fig">Fig. 3</xref>b), IL-2 (<xref rid="fig3" ref-type="fig">Fig. 3</xref>d) and IFN&#x003b3; (<xref rid="fig3" ref-type="fig">Fig. 3</xref>f) production. Low levels of IL-5 were detected in some experiments (data not shown). The neutrophil-induced responses were less than those evoked by macrophages at the same cell ratio. A titration of macrophages was performed to give an estimate of the contribution of contaminating cells, demonstrating that only a small proportion of neutrophil-induced T cell responses could be attributable to contaminating macrophages.</p></sec><sec><label>3.4</label><title>Cell contact dependence of neutrophil T cell interactions</title><p>To determine the relative contribution of cell contact dependent mechanisms and soluble factors in neutrophil-T cell interactions, cells were separated by 0.2&#x000a0;&#x003bc;m membranes placed between the cell populations, allowing diffusion of soluble proteins but preventing cell contact. The responding OVA<sub>323&#x02013;339</sub>-specific T cells were not a 100% pure T cell population and contained some APCs, demonstrated by the lymph node response to OVA<sub>323&#x02013;339</sub> alone (<xref rid="fig4" ref-type="fig">Fig. 4</xref>a and b &#x02018;OVA&#x02019;). Thus, the transwells permitted investigation of whether lymph node-derived APCs were presenting soluble proteins derived from dead or degraded neutrophils. Bone marrow-derived dendritic cells (DC) were used as a positive control. Free OVA<sub>323&#x02013;339</sub> or ConA crossed the transwell membrane and stimulated cell proliferation and cytokine production (<xref rid="fig4" ref-type="fig">Fig. 4</xref>a). However, when antigen pulsed neutrophils were separated from the lymph node cells by the transwell, antigen-specific proliferation and cytokine production was reduced (<xref rid="fig4" ref-type="fig">Fig. 4</xref>a and b). Importantly, antigen pulsed cell cultures did not release sufficient free antigen to stimulate a response from the OVA<sub>323&#x02013;339</sub>-specific T cells below (<xref rid="fig4" ref-type="fig">Fig. 4</xref>a). Thus, the antigen-specific T cell proliferation and cytokine production induced by neutrophil antigen presentation is cell contact dependent.</p></sec></sec><sec><label>4</label><title>Discussion</title><p>Data presented here demonstrate that murine neutrophils are indeed capable of directly presenting antigen on Class II MHC and activating T cells independently of other APCs. The DO11.10-GFP hybridoma cells respond exclusively in a Class II restricted manner, and our data demonstrate that neutrophils, rather than contaminating cells, were mediating this response.</p><p>At comparable cell ratios, neutrophil-mediated T cell activation was lower than that mediated by macrophages, commensurate with reduced expression of MHC Class II by neutrophils. Although neutrophils have been reported to express co-stimulatory molecules, we detected only low levels of CD40 and were unable to consistently detect CD80 or CD86 in our neutrophil preparations (in contrast to the F4/80 positive macrophages which expressed CD40, CD80 and CD86; data not shown). Thus it is possible that: co-stimulatory molecule expression below the limits of detection of methods used here is sufficient for inducing a response, that T cells are responding in a co-stimulation independent manner, or that co-stimulation has occurred via alternative molecules.</p><p>Neutrophil antigen processing capacity was investigated using whole ovalbumin protein compared to OVA<sub>323&#x02013;339</sub>. These studies indicated that these neutrophils did not process the ovalbumin effectively, demonstrated by a lack of response by DO11.10-GFP hybridoma (data not shown). An MHC Class I processing pathway within neutrophils was elegantly defined with <italic>E. coli</italic> transfected to express a MHC Class I restricted epitope of OVA. This demonstrated that neutrophils are capable of non-classical antigen processing for presentation on MHC Class I <xref rid="bib17" ref-type="bibr">[17]</xref>. Although neutrophil enzyme mediated degradation of collagen generates a Class II epitopes (14), there is no current evidence of any Class II processing pathway. It has been proposed that as macrophage phagosomes are adequate for Class II antigen processing <xref rid="bib21" ref-type="bibr">[21]</xref>, therefore a parallel system may exist in neutrophils. A definitive investigation of murine neutrophil MHC Class II antigen processing awaits transfection of bacteria with OVA<sub>323&#x02013;339</sub>, thus elucidating the effects on antigen processing of concomitant neutrophil activation by bacteria.</p><p>There is increasing evidence documenting the potential for neutrophils to acquire macrophage <xref rid="bib22" ref-type="bibr">[22]</xref> or dendritic cell (3) characteristics, often in response to in vitro conditions. We document in vitro antigen presentation by in vivo activated neutrophils. It will be of interest to delineate whether such neutrophil behaviour can be observed strictly in vivo. Physiologically, the location of such neutrophil-T cell interactions is likely to be restricted to sites of chronic or established inflammation, for example persistent bacterial infection <xref rid="bib15" ref-type="bibr">[15]</xref>. Neutrophils have been shown to degrade proteins to release antigens recognized by auto reactive T cells <xref rid="bib16" ref-type="bibr">[16]</xref>, and such antigens may then be transported to the draining LN by migrating DCs. Due to the neutrophils&#x02019; unique proteolytic activities, this may represent a mechanism of presentation of novel or cryptic antigens. Furthermore, there is evidence that neutrophils may passively acquire membrane proteins, including MHC, from other cells <xref rid="bib23" ref-type="bibr">[23]</xref>. In our GFP-hybridoma studies (<xref rid="fig2" ref-type="fig">Fig. 2</xref>), this seems unlikely as the neutrophils were harvested from the peritoneum before there was significant in vivo macrophage migration, and immediately purified in vitro. However, this phenomenon may have contributed to the neutrophil mediated T cell activation in co-culture (<xref rid="fig3" ref-type="fig">Fig. 3</xref>).</p><p>There are overall fewer studies of murine neutrophils compared to human neutrophils, which is likely to be a reflection of the ease of acquiring human neutrophils that constitute 70% of circulating leucocytes, compared to limited quantity of murine peripheral blood available and the relative paucity of neutrophils, contributing only 20% of circulating leukocytes in rodents. These studies were only possible through use of rodent cells, as the TCR transgenic T cells absolutely control antigen specificity of response, which was central to this investigation of neutrophil-T cell interactions. However, the significantly different proportion of neutrophils in murine and human peripheral blood raises questions as to whether murine and human neutrophils perform parallel functions as is assumed. Our data document a novel, Class II restricted antigen presenting function of murine neutrophils, confirming findings in other human systems, and expanding our understanding of the role of the neutrophil in the adaptive immune response.</p></sec></body><back><ref-list><title>References</title><ref id="bib1"><label>1</label><element-citation publication-type="journal"><person-group person-group-type="author"><name><surname>Radsak</surname><given-names>M.</given-names></name><name><surname>Iking-Konert</surname><given-names>C.</given-names></name><name><surname>Stegmaier</surname><given-names>S.</given-names></name><name><surname>Andrassy</surname><given-names>K.</given-names></name><name><surname>Hansch</surname><given-names>G.M.</given-names></name></person-group><article-title>Polymorphonuclear neutrophils as accessory cells for T-cell activation: major histocompatibility complex class II restricted antigen-dependent induction of T-cell proliferation</article-title><source>Immunology</source><volume>101</volume><year>2000</year><fpage>521</fpage><lpage>530</lpage><pub-id pub-id-type="pmid">11122456</pub-id></element-citation></ref><ref id="bib2"><label>2</label><element-citation publication-type="journal"><person-group person-group-type="author"><name><surname>Fanger</surname><given-names>N.A.</given-names></name><name><surname>Liu</surname><given-names>C.</given-names></name><name><surname>Guyre</surname><given-names>P.M.</given-names></name><name><surname>Wardwell</surname><given-names>K.</given-names></name><name><surname>O&#x02019;Neil</surname><given-names>J.</given-names></name><name><surname>Guo</surname><given-names>T.L.</given-names></name></person-group><article-title>Activation of human T cells by major histocompatability complex class II expressing neutrophils: proliferation in the presence of superantigen, but not tetanus toxoid</article-title><source>Blood</source><volume>89</volume><year>1997</year><fpage>4128</fpage><lpage>4135</lpage><pub-id pub-id-type="pmid">9166855</pub-id></element-citation></ref><ref id="bib3"><label>3</label><element-citation publication-type="journal"><person-group person-group-type="author"><name><surname>Oehler</surname><given-names>L.</given-names></name><name><surname>Majdic</surname><given-names>O.</given-names></name><name><surname>Pickl</surname><given-names>W.F.</given-names></name><name><surname>Stockl</surname><given-names>J.</given-names></name><name><surname>Riedl</surname><given-names>E.</given-names></name><name><surname>Drach</surname><given-names>J.</given-names></name></person-group><article-title>Neutrophil granulocyte-committed cells can be driven to acquire dendritic cell characteristics</article-title><source>J Exp Med</source><volume>187</volume><year>1998</year><fpage>1019</fpage><lpage>1028</lpage><pub-id pub-id-type="pmid">9529318</pub-id></element-citation></ref><ref id="bib4"><label>4</label><element-citation publication-type="journal"><person-group person-group-type="author"><name><surname>Iking-Konert</surname><given-names>C.</given-names></name><name><surname>Ostendorf</surname><given-names>B.</given-names></name><name><surname>Sander</surname><given-names>O.</given-names></name><name><surname>Jost</surname><given-names>M.</given-names></name><name><surname>Wagner</surname><given-names>C.</given-names></name><name><surname>Joosten</surname><given-names>L.</given-names></name></person-group><article-title>Transdifferentiation of polymorphonuclear neutrophils to dendritic-like cells at the site of inflammation in rheumatoid arthritis: evidence for activation by T cells</article-title><source>Ann Rheum Dis</source><volume>64</volume><year>2005</year><fpage>1436</fpage><lpage>1442</lpage><pub-id pub-id-type="pmid">15778239</pub-id></element-citation></ref><ref id="bib5"><label>5</label><element-citation publication-type="journal"><person-group person-group-type="author"><name><surname>Cassatella</surname><given-names>M.A.</given-names></name></person-group><article-title>The production of cytokines by polymorphonuclear neutrophils</article-title><source>Immunol Today</source><volume>16</volume><year>1995</year><fpage>21</fpage><lpage>26</lpage><pub-id pub-id-type="pmid">7880385</pub-id></element-citation></ref><ref id="bib6"><label>6</label><element-citation publication-type="journal"><person-group person-group-type="author"><name><surname>Tacchini-Cottier</surname><given-names>F.</given-names></name><name><surname>Zweifel</surname><given-names>C.</given-names></name><name><surname>Belkaid</surname><given-names>Y.</given-names></name><name><surname>Mukankundiye</surname><given-names>C.</given-names></name><name><surname>Vasei</surname><given-names>M.</given-names></name><name><surname>Launois</surname><given-names>P.</given-names></name></person-group><article-title>An immunomodulatory function for neutrophils during the induction of a CD4+ Th2 response in BALB/c mice infected with <italic>Leishmania major</italic></article-title><source>J Immunol</source><volume>165</volume><year>2000</year><fpage>2628</fpage><lpage>2636</lpage><pub-id pub-id-type="pmid">10946291</pub-id></element-citation></ref><ref id="bib7"><label>7</label><element-citation publication-type="journal"><person-group person-group-type="author"><name><surname>Bliss</surname><given-names>S.K.</given-names></name><name><surname>Gavrilescu</surname><given-names>L.C.</given-names></name><name><surname>Alcaraz</surname><given-names>A.</given-names></name><name><surname>Denkers</surname><given-names>E.Y.</given-names></name></person-group><article-title>Neutrophil depletion during <italic>Toxoplasma gondii</italic> infection leads to impaired immunity and lethal systemic pathology</article-title><source>Infect Immun</source><volume>69</volume><year>2001</year><fpage>4898</fpage><lpage>4905</lpage><pub-id pub-id-type="pmid">11447166</pub-id></element-citation></ref><ref id="bib8"><label>8</label><element-citation publication-type="journal"><person-group person-group-type="author"><name><surname>Sandilands</surname><given-names>G.P.</given-names></name><name><surname>Ahmed</surname><given-names>Z.</given-names></name><name><surname>Perry</surname><given-names>N.</given-names></name><name><surname>Davison</surname><given-names>M.</given-names></name><name><surname>Lupton</surname><given-names>A.</given-names></name><name><surname>Young</surname><given-names>B.</given-names></name></person-group><article-title>Cross-linking of neutrophil CD11b results in rapid cell surface expression of molecules required for antigen presentation and T-cell activation</article-title><source>Immunology</source><volume>114</volume><year>2005</year><fpage>354</fpage><lpage>368</lpage><pub-id pub-id-type="pmid">15720437</pub-id></element-citation></ref><ref id="bib9"><label>9</label><element-citation publication-type="journal"><person-group person-group-type="author"><name><surname>Sandilands</surname><given-names>G.P.</given-names></name><name><surname>McCrae</surname><given-names>J.</given-names></name><name><surname>Hill</surname><given-names>K.</given-names></name><name><surname>Perry</surname><given-names>M.</given-names></name><name><surname>Baxter</surname><given-names>D.</given-names></name></person-group><article-title>Major histocompatibility complex class II (DR) antigen and costimulatory molecules on in vitro and in vivo activated human polymorphonuclear neutrophils</article-title><source>Immunology</source><volume>119</volume><year>2006</year><fpage>562</fpage><lpage>571</lpage><pub-id pub-id-type="pmid">17034427</pub-id></element-citation></ref><ref id="bib10"><label>10</label><element-citation publication-type="journal"><person-group person-group-type="author"><name><surname>Gosselin</surname><given-names>E.J.</given-names></name><name><surname>Wardwell</surname><given-names>K.</given-names></name><name><surname>Rigby</surname><given-names>W.F.</given-names></name><name><surname>Guyre</surname><given-names>P.M.</given-names></name></person-group><article-title>Induction of MHC class II on human polymorphonuclear neutrophils by granulocyte/macrophage colony-stimulating factor, IFN&#x003b3;, and IL-3</article-title><source>J Immunol</source><volume>151</volume><year>1993</year><fpage>1482</fpage><lpage>1490</lpage><pub-id pub-id-type="pmid">8335942</pub-id></element-citation></ref><ref id="bib11"><label>11</label><element-citation publication-type="journal"><person-group person-group-type="author"><name><surname>Iking-Konert</surname><given-names>C.</given-names></name><name><surname>Cseko</surname><given-names>C.</given-names></name><name><surname>Wagner</surname><given-names>C.</given-names></name><name><surname>Stegmaier</surname><given-names>S.</given-names></name><name><surname>Andrassy</surname><given-names>K.</given-names></name><name><surname>Hansch</surname><given-names>G.M.</given-names></name></person-group><article-title>Transdifferentiation of polymorphonuclear neutrophils: acquisition of CD83 and other functional characteristics of dendritic cells</article-title><source>J Mol Med</source><volume>79</volume><year>2001</year><fpage>464</fpage><lpage>474</lpage><pub-id pub-id-type="pmid">11511977</pub-id></element-citation></ref><ref id="bib12"><label>12</label><element-citation publication-type="journal"><person-group person-group-type="author"><name><surname>Cross</surname><given-names>A.</given-names></name><name><surname>Bucknall</surname><given-names>R.C.</given-names></name><name><surname>Cassatella</surname><given-names>M.A.</given-names></name><name><surname>Edwards</surname><given-names>S.W.</given-names></name><name><surname>Moots</surname><given-names>R.J.</given-names></name></person-group><article-title>Synovial fluid neutrophils transcribe and express class II major histocompatibility complex molecules in rheumatoid arthritis</article-title><source>Arthritis Rheum</source><volume>48</volume><year>2003</year><fpage>2796</fpage><lpage>2806</lpage><pub-id pub-id-type="pmid">14558085</pub-id></element-citation></ref><ref id="bib13"><label>13</label><element-citation publication-type="journal"><person-group person-group-type="author"><name><surname>Iking-Konert</surname><given-names>C.</given-names></name><name><surname>Vogt</surname><given-names>S.</given-names></name><name><surname>Radsak</surname><given-names>M.</given-names></name><name><surname>Wagner</surname><given-names>C.</given-names></name><name><surname>Hansch</surname><given-names>G.M.</given-names></name><name><surname>Andrassy</surname><given-names>K.</given-names></name></person-group><article-title>Polymorphonuclear neutrophils in Wegener's granulomatosis acquire characteristics of antigen presenting cells</article-title><source>Kidney Int</source><volume>60</volume><year>2001</year><fpage>2247</fpage><lpage>2262</lpage><pub-id pub-id-type="pmid">11737598</pub-id></element-citation></ref><ref id="bib14"><label>14</label><element-citation publication-type="journal"><person-group person-group-type="author"><name><surname>Spagnoli</surname><given-names>G.C.</given-names></name><name><surname>Juretic</surname><given-names>A.</given-names></name><name><surname>Rosso</surname><given-names>R.</given-names></name><name><surname>Van Bree</surname><given-names>J.</given-names></name><name><surname>Harder</surname><given-names>F.</given-names></name><name><surname>Heberer</surname><given-names>M.</given-names></name></person-group><article-title>Expression of HLA-DR in granulocytes of polytraumatized patients treated with recombinant human granulocyte macrophage-colony-stimulating factor</article-title><source>Hum Immunol</source><volume>43</volume><year>1995</year><fpage>45</fpage><lpage>50</lpage><pub-id pub-id-type="pmid">7558928</pub-id></element-citation></ref><ref id="bib15"><label>15</label><element-citation publication-type="journal"><person-group person-group-type="author"><name><surname>Wagner</surname><given-names>C.</given-names></name><name><surname>Iking-Konert</surname><given-names>C.</given-names></name><name><surname>Hug</surname><given-names>F.</given-names></name><name><surname>Stegmaier</surname><given-names>S.</given-names></name><name><surname>Heppert</surname><given-names>V.</given-names></name><name><surname>Wentzensen</surname><given-names>A.</given-names></name></person-group><article-title>Cellular inflammatory response to persistent localized <italic>Staphylococcus aureus</italic> infection: phenotypical and functional characterization of polymorphonuclear neutrophils (PMN)</article-title><source>Clin Exp Immunol</source><volume>143</volume><year>2006</year><fpage>70</fpage><lpage>77</lpage><pub-id pub-id-type="pmid">16367936</pub-id></element-citation></ref><ref id="bib16"><label>16</label><element-citation publication-type="journal"><person-group person-group-type="author"><name><surname>Van den Steen</surname><given-names>P.E.</given-names></name><name><surname>Proost</surname><given-names>P.</given-names></name><name><surname>Grillet</surname><given-names>B.</given-names></name><name><surname>Brand</surname><given-names>D.D.</given-names></name><name><surname>Kang</surname><given-names>A.H.</given-names></name><name><surname>Van Damme</surname><given-names>J.</given-names></name></person-group><article-title>Cleavage of denatured natural collagen type II by neutrophil gelatinase B reveals enzyme specificity, post-translational modifications in the substrate, and the formation of remnant epitopes in rheumatoid arthritis</article-title><source>FASEB J</source><volume>16</volume><year>2002</year><fpage>379</fpage><lpage>389</lpage><pub-id pub-id-type="pmid">11874987</pub-id></element-citation></ref><ref id="bib17"><label>17</label><element-citation publication-type="journal"><person-group person-group-type="author"><name><surname>Potter</surname><given-names>N.S.</given-names></name><name><surname>Harding</surname><given-names>C.V.</given-names></name></person-group><article-title>Neutrophils process exogenous bacteria via an alternate class I MHC processing pathway for presentation of peptides to T lymphocytes</article-title><source>J Immunol</source><volume>167</volume><year>2001</year><fpage>2538</fpage><lpage>2546</lpage><pub-id pub-id-type="pmid">11509593</pub-id></element-citation></ref><ref id="bib18"><label>18</label><element-citation publication-type="journal"><person-group person-group-type="author"><name><surname>Baron</surname><given-names>E.J.</given-names></name><name><surname>Proctor</surname><given-names>R.A.</given-names></name></person-group><article-title>Elicitation of peritoneal polymorphonuclear neutrophils from mice</article-title><source>J Immunol Methods</source><volume>49</volume><year>1982</year><fpage>305</fpage><lpage>313</lpage><pub-id pub-id-type="pmid">7040554</pub-id></element-citation></ref><ref id="bib19"><label>19</label><element-citation publication-type="journal"><person-group person-group-type="author"><name><surname>Murphy</surname><given-names>K.M.</given-names></name><name><surname>Heimberger</surname><given-names>A.B.</given-names></name><name><surname>Loh</surname><given-names>D.Y.</given-names></name></person-group><article-title>Induction by antigen of intrathymic apoptosis of CD4&#x000a0;+&#x000a0;CD8&#x000a0;+&#x000a0;TCRlo thymocytes in vivo</article-title><source>Science</source><volume>250</volume><year>1990</year><fpage>1720</fpage><lpage>1723</lpage><pub-id pub-id-type="pmid">2125367</pub-id></element-citation></ref><ref id="bib20"><label>20</label><element-citation publication-type="journal"><person-group person-group-type="author"><name><surname>Underhill</surname><given-names>D.M.</given-names></name><name><surname>Bassetti</surname><given-names>M.</given-names></name><name><surname>Rudensky</surname><given-names>A.</given-names></name><name><surname>Aderem</surname><given-names>A.</given-names></name></person-group><article-title>Dynamic interactions of macrophages with T cells during antigen presentation</article-title><source>J Exp Med</source><volume>190</volume><year>1999</year><fpage>1909</fpage><lpage>1914</lpage><pub-id pub-id-type="pmid">10601366</pub-id></element-citation></ref><ref id="bib21"><label>21</label><element-citation publication-type="journal"><person-group person-group-type="author"><name><surname>Ramachandra</surname><given-names>L.</given-names></name><name><surname>Song</surname><given-names>R.</given-names></name><name><surname>Harding</surname><given-names>C.V.</given-names></name></person-group><article-title>Phagosomes are fully competent antigen-processing organelles that mediate the formation of peptide:class II MHC complexes</article-title><source>J Immunol</source><volume>162</volume><year>1999</year><fpage>3263</fpage><lpage>3272</lpage><pub-id pub-id-type="pmid">10092778</pub-id></element-citation></ref><ref id="bib22"><label>22</label><element-citation publication-type="journal"><person-group person-group-type="author"><name><surname>Sasmono</surname><given-names>R.T.</given-names></name><name><surname>Ehrnsperger</surname><given-names>A.</given-names></name><name><surname>Cronau</surname><given-names>S.L.</given-names></name><name><surname>Ravasi</surname><given-names>T.</given-names></name><name><surname>Kandane</surname><given-names>R.</given-names></name><name><surname>Hickey</surname><given-names>M.J.</given-names></name></person-group><article-title>Mouse neutrophilic granulocytes express mRNA encoding the macrophage colony-stimulating factor receptor (CSF-1R) as well as many other macrophage-specific transcripts and can transdifferentiate into macrophages in vitro in response to CSF-1</article-title><source>J Leukoc Biol</source><volume>82</volume><year>2007</year><fpage>111</fpage><lpage>123</lpage><pub-id pub-id-type="pmid">17438263</pub-id></element-citation></ref><ref id="bib23"><label>23</label><element-citation publication-type="journal"><person-group person-group-type="author"><name><surname>Whale</surname><given-names>T.A.</given-names></name><name><surname>Beskorwayne</surname><given-names>T.K.</given-names></name><name><surname>Babiuk</surname><given-names>L.A.</given-names></name><name><surname>Griebel</surname><given-names>P.J.</given-names></name></person-group><article-title>Bovine polymorphonuclear cells passively acquire membrane lipids and integral membrane proteins from apoptotic and necrotic cells</article-title><source>J Leukoc Biol</source><volume>79</volume><year>2006</year><fpage>1226</fpage><lpage>1233</lpage><pub-id pub-id-type="pmid">16603586</pub-id></element-citation></ref></ref-list><ack><title>Acknowledgements</title><p>SC was supported by the Arthritis Research Campaign, OM was supported by SHERT, this work was also supported by the MRC and Wellcome Trust.</p></ack></back><floats-group><fig id="fig1"><label>Fig. 1</label><caption><p>MHC Class II expression by peritoneal exudate cells. Purified murine neutrophils were greater than 85% GR1 positive (a), and less than 4% F4/80 positive (b). GR-1 positive neutrophils showed low levels of MHC Class II expression (c); F4/80 positive macrophages showed relatively higher MHC Class II expression (d). Data shown are representative of three independent experiments.</p></caption><graphic xlink:href="gr1"/></fig><fig id="fig2"><label>Fig. 2</label><caption><p>GFP expression by the DO11.10-GFP hybridoma following co-culture with APCs. Purified murine neutrophils (PMN) or macrophages (Mac) were cultured with 10&#x000a0;&#x003bc;g/ml OVA<sub>323&#x02013;339</sub> peptide and DO11.10-GFP cells for 14&#x000a0;h. Cells were washed and GFP expression was assessed by flow cytometry. &#x02018;Background&#x02019; is a measure of GFP expression of DO11.10-GFP cells cultured with OVA<sub>323&#x02013;339</sub> alone; anti-CD3 was used as a positive control. Data are mean&#x000a0;&#x000b1;&#x000a0;S.E.M. of three experiments. In each experiment, neutrophils were purified from thioglycollate-induced PEC pooled from 5&#x000a0;BALB/c mice. Macrophages were obtained from two similarly treated BALB/c mice. *<italic>p</italic>&#x000a0;&#x0003c;&#x000a0;0.05 vs. background by Mann&#x02013;Whitney <italic>U</italic> test.</p></caption><graphic xlink:href="gr2"/></fig><fig id="fig3"><label>Fig. 3</label><caption><p>In vitro proliferation of DO11.10 lymph node cells. Single cell suspensions of lymph nodes were obtained from a DO11.10 transgenic mouse; neutrophils or macrophages were obtained as in <xref rid="fig2" ref-type="fig">Fig. 2</xref>. Cells were cultured for 72&#x000a0;h and proliferation was assessed by [<sup>3</sup>H] thymidine incorporation over the final 18&#x000a0;h of culture; cytokine production was assessed by ELISA of cell culture supernatants. DO11.10 lymph node cells were either cultured only with the stimuli indicated (a, c and e), or co-cultured with neutrophils or macrophages (b, d, and f). The ratio of APC to T cell in the culture, and whether the APC was pulsed with OVA<sub>323&#x02013;339</sub> prior to addition to the co-culture, is indicated on the <italic>x</italic>-axis. Data are mean&#x000a0;&#x000b1;&#x000a0;S.E.M. of triplicate cultures. *<italic>p</italic>&#x000a0;&#x0003c;&#x000a0;0.05 vs. medium by Student's <italic>t</italic>-test, representative of three similar experiments.</p></caption><graphic xlink:href="gr3"/></fig><fig id="fig4"><label>Fig. 4</label><caption><p>Antigen-specific proliferation and cytokine production was cell contact dependent. Single cell suspensions derived from lymph nodes of DO11.10 mice, were stimulated with Con A, OVA<sub>323&#x02013;339</sub>, or APCs (DCs or neutrophils), which had been pulsed with OVA<sub>323&#x02013;339</sub>. In parallel cultures, the stimulus was separated from the responding T cells by a transwell membrane. The stimuli were placed in the upper compartment, and (a) proliferation and (b) IFN&#x003b3; production by the OVA<sub>323&#x02013;339</sub>-specific T cells in the lower chamber was assessed. T cells did not respond when cultured with APCs alone (data not shown). Similarly, culturing T cells in the upper chambers resulted in no measurable response in the lower chambers. Data are mean&#x000a0;&#x000b1;&#x000a0;S.E.M. of triplicate cultures and representative of two similar experiments.</p></caption><graphic xlink:href="gr4"/></fig></floats-group></article>